リーグ,チーム,選手名,背番号,ポジション,区分,打率,打数,安打,本塁打,打点,三振,四球,死球,犠打,犠飛
セ,横浜DeNAベイスターズ,エンカーナシオン,69,外野手,対右,0.522,23,12,0,,2,0,0,0,0
セ,横浜DeNAベイスターズ,エンカーナシオン,69,外野手,対左,0.154,13,2,0,,2,0,0,0,0
セ,横浜DeNAベイスターズ,ヒュンメル,99,外野手,対右,0.159,63,10,0,,26,7,2,0,0
セ,横浜DeNAベイスターズ,ヒュンメル,99,外野手,対左,0.258,66,17,5,,23,8,1,0,1
セ,横浜DeNAベイスターズ,井上朋也,40,内野手,対右,0,4,0,0,,4,0,0,0,0
セ,横浜DeNAベイスターズ,井上朋也,40,内野手,対左,0,4,0,0,,0,1,0,0,0
セ,横浜DeNAベイスターズ,加藤響,37,内野手,対左,0,1,0,0,,1,0,0,0,0
セ,横浜DeNAベイスターズ,蝦名達夫,61,外野手,対右,0.236,123,29,2,,38,8,6,0,0
セ,横浜DeNAベイスターズ,蝦名達夫,61,外野手,対左,0.253,95,24,1,,19,8,2,1,0
セ,横浜DeNAベイスターズ,梶原昂希,58,外野手,対右,0.242,33,8,1,,10,2,0,1,0
セ,横浜DeNAベイスターズ,梶原昂希,58,外野手,対左,0.125,16,2,0,,6,3,1,0,0
セ,横浜DeNAベイスターズ,宮下朝陽,34,内野手,対右,0.152,33,5,0,,17,2,0,1,0
セ,横浜DeNAベイスターズ,宮下朝陽,34,内野手,対左,0.255,47,12,2,,7,3,0,0,0
セ,横浜DeNAベイスターズ,宮﨑敏郎,51,内野手,対右,0.304,112,34,5,,21,11,2,0,1
セ,横浜DeNAベイスターズ,宮﨑敏郎,51,内野手,対左,0.214,84,18,2,,6,8,1,0,0
セ,横浜DeNAベイスターズ,京田陽太,9,内野手,対右,0.235,81,19,1,,16,3,2,0,0
セ,横浜DeNAベイスターズ,京田陽太,9,内野手,対左,0.316,19,6,0,,6,1,1,1,0
セ,横浜DeNAベイスターズ,九鬼隆平,95,捕手,対右,0.667,3,2,0,,1,0,0,0,0
セ,横浜DeNAベイスターズ,九鬼隆平,95,捕手,対左,0,6,0,0,,3,0,0,0,0
セ,横浜DeNAベイスターズ,古市尊,60,捕手,対右,0,3,0,0,,0,0,0,0,0
セ,横浜DeNAベイスターズ,古市尊,60,捕手,対左,0,3,0,0,,1,0,0,0,0
セ,横浜DeNAベイスターズ,戸柱恭孝,10,捕手,対右,0.25,24,6,0,,3,4,0,0,1
セ,横浜DeNAベイスターズ,戸柱恭孝,10,捕手,対左,0.077,13,1,0,,2,0,0,0,0
セ,横浜DeNAベイスターズ,佐野恵太,7,外野手,対右,0.277,173,48,4,,30,24,1,0,0
セ,横浜DeNAベイスターズ,佐野恵太,7,外野手,対左,0.215,107,23,1,,15,10,0,0,0
セ,横浜DeNAベイスターズ,三森大貴,26,内野手,対右,0.258,66,17,0,,16,5,0,0,1
セ,横浜DeNAベイスターズ,三森大貴,26,内野手,対左,0.262,42,11,0,,11,2,0,0,0
セ,横浜DeNAベイスターズ,勝又温史,28,外野手,対右,0.318,129,41,0,,24,3,2,1,1
セ,横浜DeNAベイスターズ,勝又温史,28,外野手,対左,0.325,80,26,2,,12,0,1,0,0
セ,横浜DeNAベイスターズ,小田康一郎,3,内野手,対右,0,6,0,0,,3,1,0,0,0
セ,横浜DeNAベイスターズ,小田康一郎,3,内野手,対左,0,1,0,0,,0,0,0,0,0
セ,横浜DeNAベイスターズ,松尾汐恩,5,捕手,対右,0.198,101,20,0,,17,5,2,1,0
セ,横浜DeNAベイスターズ,松尾汐恩,5,捕手,対左,0.365,63,23,3,,2,4,0,0,0
セ,横浜DeNAベイスターズ,神里和毅,8,外野手,対右,0.125,8,1,0,,2,1,0,1,0
セ,横浜DeNAベイスターズ,神里和毅,8,外野手,対左,0.143,7,1,0,,5,1,0,0,0
セ,横浜DeNAベイスターズ,成瀬脩人,48,内野手,対右,0.235,17,4,0,,8,0,0,0,0
セ,横浜DeNAベイスターズ,成瀬脩人,48,内野手,対左,0.25,32,8,0,,8,0,0,0,0
セ,横浜DeNAベイスターズ,石上泰輝,44,内野手,対右,0.211,57,12,0,,16,4,0,1,1
セ,横浜DeNAベイスターズ,石上泰輝,44,内野手,対左,0.174,23,4,0,,3,1,0,1,0
セ,横浜DeNAベイスターズ,度会隆輝,4,外野手,対右,0.291,151,44,4,,20,11,2,0,0
セ,横浜DeNAベイスターズ,度会隆輝,4,外野手,対左,0.266,94,25,2,,15,7,0,1,0
セ,横浜DeNAベイスターズ,筒香嘉智,25,内野手,対右,0.276,98,27,4,,28,16,1,0,2
セ,横浜DeNAベイスターズ,筒香嘉智,25,内野手,対左,0.175,57,10,1,,20,11,0,0,0
セ,横浜DeNAベイスターズ,牧秀悟,2,内野手,対右,0.324,111,36,9,,21,9,3,0,1
セ,横浜DeNAベイスターズ,牧秀悟,2,内野手,対左,0.258,62,16,2,,14,9,3,0,0
セ,横浜DeNAベイスターズ,林琢真,0,内野手,対右,0.262,42,11,0,,10,4,0,0,1
セ,横浜DeNAベイスターズ,林琢真,0,内野手,対左,0.2,35,7,1,,14,2,0,1,0
セ,広島東洋カープ,ファビアン,61,外野手,対右,0.242,99,24,6,,24,6,5,0,1
セ,広島東洋カープ,ファビアン,61,外野手,対左,0.106,47,5,2,,5,2,1,0,1
セ,広島東洋カープ,モンテロ,95,内野手,対右,0.186,97,18,1,,33,11,1,0,1
セ,広島東洋カープ,モンテロ,95,内野手,対左,0.307,75,23,5,,16,4,0,0,1
セ,広島東洋カープ,菊池涼介,33,内野手,対右,0.224,147,33,2,,39,17,0,10,1
セ,広島東洋カープ,菊池涼介,33,内野手,対左,0.259,81,21,0,,17,12,0,1,2
セ,広島東洋カープ,久保修,56,外野手,対右,0,1,0,0,,1,0,0,0,0
セ,広島東洋カープ,佐々木泰,10,内野手,対右,0.21,105,22,1,,13,6,1,0,0
セ,広島東洋カープ,佐々木泰,10,内野手,対左,0.262,65,17,2,,7,4,0,1,0
セ,広島東洋カープ,佐藤啓介,94,内野手,対右,0.229,35,8,0,,8,1,1,0,0
セ,広島東洋カープ,佐藤啓介,94,内野手,対左,0.25,4,1,0,,1,0,0,0,0
セ,広島東洋カープ,坂倉将吾,31,捕手,対右,0.257,171,44,5,,42,27,2,0,2
セ,広島東洋カープ,坂倉将吾,31,捕手,対左,0.302,86,26,4,,15,5,1,0,0
セ,広島東洋カープ,持丸泰輝,57,捕手,対右,0.194,103,20,1,,28,11,2,4,1
セ,広島東洋カープ,持丸泰輝,57,捕手,対左,0.235,34,8,3,,9,5,0,3,0
セ,広島東洋カープ,秋山翔吾,9,外野手,対右,0.25,60,15,2,,12,1,0,0,0
セ,広島東洋カープ,秋山翔吾,9,外野手,対左,0.25,16,4,0,,3,1,1,0,1
セ,広島東洋カープ,勝田成,0,内野手,対右,0.19,84,16,0,,14,8,2,3,0
セ,広島東洋カープ,勝田成,0,内野手,対左,0.1,20,2,0,,6,0,0,1,0
セ,広島東洋カープ,小園海斗,5,内野手,対右,0.233,180,42,1,,28,15,1,0,0
セ,広島東洋カープ,小園海斗,5,内野手,対左,0.258,89,23,0,,8,5,2,1,1
セ,広島東洋カープ,石原貴規,32,捕手,対右,0.233,30,7,0,,10,3,0,0,0
セ,広島東洋カープ,石原貴規,32,捕手,対左,0.167,24,4,1,,3,2,0,0,0
セ,広島東洋カープ,前川誠太,93,内野手,対右,0,13,0,0,,5,1,0,0,0
セ,広島東洋カープ,前川誠太,93,内野手,対左,0.286,7,2,0,,1,1,0,0,0
セ,広島東洋カープ,大盛穂,59,外野手,対右,0.197,142,28,3,,44,6,1,4,0
セ,広島東洋カープ,大盛穂,59,外野手,対左,0.308,65,20,1,,18,2,0,1,0
セ,広島東洋カープ,辰見鴻之介,69,内野手,対右,0,2,0,0,,1,1,0,0,0
セ,広島東洋カープ,辰見鴻之介,69,内野手,対左,0.143,14,2,0,,5,0,0,1,0
セ,広島東洋カープ,中村奨成,96,外野手,対右,0.152,46,7,0,,7,1,0,3,0
セ,広島東洋カープ,中村奨成,96,外野手,対左,0.231,26,6,0,,3,2,0,3,0
セ,広島東洋カープ,田村俊介,60,外野手,対右,0.1,10,1,0,,2,0,0,0,0
セ,広島東洋カープ,田村俊介,60,外野手,対左,0,2,0,0,,0,0,0,0,0
セ,広島東洋カープ,渡邉悠斗,49,内野手,対右,0,1,0,0,,1,0,0,0,0
セ,広島東洋カープ,渡邉悠斗,49,内野手,対左,0,3,0,0,,0,0,0,0,0
セ,広島東洋カープ,二俣翔一,99,内野手,対右,0.269,26,7,1,,10,1,1,1,0
セ,広島東洋カープ,二俣翔一,99,内野手,対左,0.143,21,3,0,,7,0,0,0,1
セ,広島東洋カープ,平川蓮,51,外野手,対右,0.162,74,12,0,,24,3,1,1,0
セ,広島東洋カープ,平川蓮,51,外野手,対左,0.25,28,7,1,,12,2,0,0,0
セ,広島東洋カープ,名原典彦,92,外野手,対右,0.287,101,29,2,,13,5,1,0,1
セ,広島東洋カープ,名原典彦,92,外野手,対左,0.208,48,10,1,,6,2,0,2,0
セ,広島東洋カープ,野間峻祥,37,外野手,対右,0.234,64,15,0,,9,9,1,0,1
セ,広島東洋カープ,野間峻祥,37,外野手,対左,0.222,9,2,0,,1,0,0,0,0
セ,広島東洋カープ,矢野雅哉,4,内野手,対右,0.172,29,5,0,,11,6,0,1,1
セ,広島東洋カープ,矢野雅哉,4,内野手,対左,0.158,19,3,1,,6,1,0,1,0
セ,広島東洋カープ,林晃汰,44,内野手,対右,0,11,0,0,,3,2,0,0,0
セ,阪神タイガース,ディベイニー,24,内野手,対右,0,2,0,0,,1,0,0,0,0
セ,阪神タイガース,ディベイニー,24,内野手,対左,0.2,5,1,0,,2,1,0,0,0
セ,阪神タイガース,井坪陽生,40,外野手,対左,0,2,0,0,,1,0,0,0,0
セ,阪神タイガース,岡城快生,34,外野手,対右,0.3,10,3,0,,4,0,1,0,0
セ,阪神タイガース,岡城快生,34,外野手,対左,0.095,21,2,0,,6,0,0,0,0
セ,阪神タイガース,近本光司,5,外野手,対右,0.275,69,19,0,,12,9,0,0,1
セ,阪神タイガース,近本光司,5,外野手,対左,0.185,27,5,0,,7,3,1,0,0
セ,阪神タイガース,熊谷敬宥,4,内野手,対右,0.27,74,20,0,,21,3,0,3,0
セ,阪神タイガース,熊谷敬宥,4,内野手,対左,0.194,31,6,0,,8,1,0,4,0
セ,阪神タイガース,元山飛優,0,内野手,対右,0.2,5,1,0,,1,0,0,0,0
セ,阪神タイガース,元山飛優,0,内野手,対左,0,1,0,0,,0,0,0,0,0
セ,阪神タイガース,佐藤輝明,8,内野手,対右,0.354,181,64,12,,49,33,0,0,3
セ,阪神タイガース,佐藤輝明,8,内野手,対左,0.317,101,32,4,,32,8,0,0,0
セ,阪神タイガース,坂本誠志郎,12,捕手,対右,0.151,93,14,1,,26,5,1,4,0
セ,阪神タイガース,坂本誠志郎,12,捕手,対左,0.3,40,12,0,,15,6,1,0,2
セ,阪神タイガース,糸原健斗,33,内野手,対右,0.143,7,1,0,,2,0,0,0,0
セ,阪神タイガース,糸原健斗,33,内野手,対左,0,1,0,0,,1,0,0,0,0
セ,阪神タイガース,小幡竜平,38,内野手,対右,0.217,60,13,0,,24,6,1,1,0
セ,阪神タイガース,小幡竜平,38,内野手,対左,0.269,26,7,0,,10,0,0,2,0
セ,阪神タイガース,小野寺暖,60,外野手,対右,0,4,0,0,,1,0,0,0,0
セ,阪神タイガース,小野寺暖,60,外野手,対左,0.167,12,2,0,,7,0,0,0,0
セ,阪神タイガース,植田海,62,内野手,対右,,0,0,0,,0,1,0,0,0
セ,阪神タイガース,植田海,62,内野手,対左,,0,0,0,,0,1,0,0,0
セ,阪神タイガース,森下翔太,1,外野手,対右,0.278,198,55,13,,35,20,9,0,2
セ,阪神タイガース,森下翔太,1,外野手,対左,0.344,96,33,9,,8,9,2,0,0
セ,阪神タイガース,前川右京,58,外野手,対右,0.224,58,13,2,,15,9,2,0,0
セ,阪神タイガース,前川右京,58,外野手,対左,0.292,24,7,3,,7,2,0,0,0
セ,阪神タイガース,大山悠輔,3,内野手,対右,0.261,184,48,8,,36,25,2,0,5
セ,阪神タイガース,大山悠輔,3,内野手,対左,0.295,78,23,3,,21,15,1,0,1
セ,阪神タイガース,中川勇斗,68,捕手,対右,0.125,8,1,0,,1,1,0,1,0
セ,阪神タイガース,中川勇斗,68,捕手,対左,0,11,0,0,,2,4,0,0,0
セ,阪神タイガース,中野拓夢,7,内野手,対右,0.291,189,55,0,,38,15,0,7,2
セ,阪神タイガース,中野拓夢,7,内野手,対左,0.306,98,30,0,,16,6,2,4,0
セ,阪神タイガース,島田海吏,53,外野手,対右,0,3,0,0,,2,0,0,0,0
セ,阪神タイガース,嶋村麟士朗,85,捕手,対右,0.222,36,8,1,,12,0,0,0,0
セ,阪神タイガース,嶋村麟士朗,85,捕手,対左,0,3,0,0,,1,0,0,0,0
セ,阪神タイガース,梅野隆太郎,2,捕手,対右,0.2,25,5,0,,8,1,2,1,0
セ,阪神タイガース,梅野隆太郎,2,捕手,対左,0.158,19,3,1,,5,0,0,0,0
セ,阪神タイガース,百﨑蒼生,56,内野手,対左,0,2,0,0,,2,0,0,0,0
セ,阪神タイガース,伏見寅威,17,捕手,対右,0.189,53,10,0,,13,2,0,4,0
セ,阪神タイガース,伏見寅威,17,捕手,対左,0.208,24,5,0,,5,2,2,0,1
セ,阪神タイガース,福島圭音,92,外野手,対右,0.264,91,24,0,,14,6,2,1,0
セ,阪神タイガース,福島圭音,92,外野手,対左,0.174,23,4,0,,6,3,2,0,0
セ,阪神タイガース,木浪聖也,0,内野手,対右,0.171,82,14,0,,27,9,0,0,1
セ,阪神タイガース,木浪聖也,0,内野手,対左,0.366,41,15,1,,6,0,1,0,0
セ,阪神タイガース,立石正広,9,内野手,対右,0.14,57,8,1,,17,1,0,0,0
セ,阪神タイガース,立石正広,9,内野手,対左,0.333,27,9,1,,8,1,0,0,0
セ,阪神タイガース,榮枝裕貴,39,捕手,対右,0,1,0,0,,1,0,0,0,0
セ,阪神タイガース,濱田太貴,32,外野手,対右,0,6,0,0,,3,0,0,0,0
セ,阪神タイガース,濱田太貴,32,外野手,対左,0.231,13,3,0,,6,2,0,0,0
セ,阪神タイガース,髙寺望夢,67,内野手,対右,0.217,138,30,2,,36,16,2,1,0
セ,阪神タイガース,髙寺望夢,67,内野手,対左,0.25,60,15,0,,15,8,1,1,1
セ,中日ドラゴンズ,カリステ,4,内野手,対右,0.132,38,5,0,,14,2,0,0,0
セ,中日ドラゴンズ,カリステ,4,内野手,対左,0.304,23,7,1,,6,4,0,0,0
セ,中日ドラゴンズ,サノー,23,内野手,対右,0.244,82,20,9,,25,10,1,0,0
セ,中日ドラゴンズ,サノー,23,内野手,対左,0.235,34,8,2,,9,5,1,0,2
セ,中日ドラゴンズ,ブライト健太,42,外野手,対右,0.1,10,1,0,,5,1,0,0,0
セ,中日ドラゴンズ,ブライト健太,42,外野手,対左,0,4,0,0,,2,0,0,0,0
セ,中日ドラゴンズ,ボスラー,24,外野手,対右,0.164,122,20,3,,36,10,1,0,2
セ,中日ドラゴンズ,ボスラー,24,外野手,対左,0.282,39,11,0,,12,1,2,0,0
セ,中日ドラゴンズ,ロドリゲス,95,内野手,対左,0,2,0,0,,2,0,0,0,0
セ,中日ドラゴンズ,阿部寿樹,48,内野手,対右,0.292,48,14,0,,11,5,1,1,0
セ,中日ドラゴンズ,阿部寿樹,48,内野手,対左,0.265,34,9,1,,12,8,0,0,1
セ,中日ドラゴンズ,鵜飼航丞,66,外野手,対右,0.24,96,23,1,,29,5,2,0,0
セ,中日ドラゴンズ,鵜飼航丞,66,外野手,対左,0.254,59,15,4,,17,2,0,0,0
セ,中日ドラゴンズ,岡林勇希,1,外野手,対右,0.253,83,21,0,,12,6,0,1,2
セ,中日ドラゴンズ,岡林勇希,1,外野手,対左,0.262,42,11,0,,7,4,0,1,1
セ,中日ドラゴンズ,加藤匠馬,49,捕手,対右,0.129,31,4,0,,9,3,0,2,0
セ,中日ドラゴンズ,加藤匠馬,49,捕手,対左,0.143,7,1,0,,3,1,0,0,0
セ,中日ドラゴンズ,花田旭,57,外野手,対右,0.194,31,6,0,,13,2,0,0,1
セ,中日ドラゴンズ,花田旭,57,外野手,対左,0.273,22,6,1,,5,0,0,0,0
セ,中日ドラゴンズ,高橋周平,3,内野手,対右,0.275,69,19,0,,20,8,1,1,0
セ,中日ドラゴンズ,高橋周平,3,内野手,対左,0.3,10,3,0,,6,1,0,0,0
セ,中日ドラゴンズ,細川成也,55,外野手,対右,0.226,195,44,5,,69,39,4,0,2
セ,中日ドラゴンズ,細川成也,55,外野手,対左,0.231,78,18,7,,23,16,1,0,1
セ,中日ドラゴンズ,山本泰寛,60,内野手,対右,0.143,42,6,1,,9,4,0,3,0
セ,中日ドラゴンズ,山本泰寛,60,内野手,対左,0.294,17,5,0,,4,2,0,1,0
セ,中日ドラゴンズ,石伊雄太,9,捕手,対右,0.241,133,32,2,,32,4,2,2,0
セ,中日ドラゴンズ,石伊雄太,9,捕手,対左,0.314,70,22,3,,19,2,1,1,1
セ,中日ドラゴンズ,石川昂弥,25,内野手,対右,0.295,105,31,2,,23,4,0,0,0
セ,中日ドラゴンズ,石川昂弥,25,内野手,対左,0.333,33,11,3,,8,4,0,0,0
セ,中日ドラゴンズ,川越誠司,44,外野手,対右,0.5,4,2,0,,1,0,0,0,0
セ,中日ドラゴンズ,村松開人,5,内野手,対右,0.232,185,43,3,,39,40,1,2,4
セ,中日ドラゴンズ,村松開人,5,内野手,対左,0.256,82,21,0,,18,6,0,4,1
セ,中日ドラゴンズ,大島洋平,8,外野手,対右,0.171,41,7,0,,8,3,0,0,0
セ,中日ドラゴンズ,大島洋平,8,外野手,対左,0.238,21,5,0,,5,1,0,0,0
セ,中日ドラゴンズ,知野直人,65,内野手,対右,0,1,0,0,,1,0,0,0,0
セ,中日ドラゴンズ,知野直人,65,内野手,対左,0,2,0,0,,1,0,0,0,0
セ,中日ドラゴンズ,辻本倫太郎,0,内野手,対右,0,1,0,0,,1,0,0,1,0
セ,中日ドラゴンズ,辻本倫太郎,0,内野手,対左,0.1,10,1,0,,2,0,0,0,0
セ,中日ドラゴンズ,田中幹也,2,内野手,対右,0.248,133,33,0,,12,13,2,5,1
セ,中日ドラゴンズ,田中幹也,2,内野手,対左,0.227,66,15,0,,11,3,1,6,1
セ,中日ドラゴンズ,土田龍空,45,内野手,対右,0.172,29,5,2,,11,2,1,0,0
セ,中日ドラゴンズ,土田龍空,45,内野手,対左,0,6,0,0,,0,0,0,0,0
セ,中日ドラゴンズ,板山祐太郎,63,内野手,対右,0.25,116,29,3,,26,8,1,0,1
セ,中日ドラゴンズ,板山祐太郎,63,内野手,対左,0.231,13,3,2,,6,1,0,0,0
セ,中日ドラゴンズ,樋口正修,97,内野手,対右,0.5,2,1,0,,1,0,0,0,0
セ,中日ドラゴンズ,樋口正修,97,内野手,対左,0,1,0,0,,0,0,0,0,0
セ,中日ドラゴンズ,尾田剛樹,0,外野手,対右,0.333,3,1,0,,1,1,0,1,0
セ,中日ドラゴンズ,尾田剛樹,0,外野手,対左,0,3,0,0,,2,0,0,0,0
セ,中日ドラゴンズ,福永裕基,7,内野手,対右,0.188,101,19,0,,20,13,3,0,0
セ,中日ドラゴンズ,福永裕基,7,内野手,対左,0.304,56,17,1,,13,4,0,0,0
セ,中日ドラゴンズ,味谷大誠,43,捕手,対右,0.5,2,1,0,,0,0,0,0,0
セ,中日ドラゴンズ,味谷大誠,43,捕手,対左,0,2,0,0,,1,0,0,0,0
セ,中日ドラゴンズ,木下拓哉,35,捕手,対右,0.324,34,11,0,,6,1,0,0,0
セ,中日ドラゴンズ,木下拓哉,35,捕手,対左,0.071,14,1,0,,4,0,0,0,0
セ,東京ヤクルトスワローズ,サンタナ,25,外野手,対右,0.273,172,47,11,,49,30,3,0,0
セ,東京ヤクルトスワローズ,サンタナ,25,外野手,対左,0.237,59,14,3,,17,16,0,0,1
セ,東京ヤクルトスワローズ,セデーニョ,98,内野手,対右,0,2,0,0,,0,0,0,0,0
セ,東京ヤクルトスワローズ,セデーニョ,98,内野手,対左,0.5,2,1,0,,0,1,0,0,0
セ,東京ヤクルトスワローズ,モイセエフニキータ,31,外野手,対右,0,3,0,0,,1,2,0,0,0
セ,東京ヤクルトスワローズ,モイセエフニキータ,31,外野手,対左,0,1,0,0,,0,0,0,0,0
セ,東京ヤクルトスワローズ,モンテル,90,外野手,対右,0.31,29,9,1,,6,2,0,0,0
セ,東京ヤクルトスワローズ,モンテル,90,外野手,対左,0.421,19,8,0,,4,1,0,0,0
セ,東京ヤクルトスワローズ,伊藤琉偉,67,内野手,対右,0.133,60,8,1,,25,6,1,1,0
セ,東京ヤクルトスワローズ,伊藤琉偉,67,内野手,対左,0.189,37,7,1,,10,3,0,1,0
セ,東京ヤクルトスワローズ,塩見泰隆,9,外野手,対右,0.182,33,6,1,,13,2,0,0,1
セ,東京ヤクルトスワローズ,塩見泰隆,9,外野手,対左,0.211,19,4,1,,7,1,0,0,0
セ,東京ヤクルトスワローズ,丸山和郁,4,外野手,対右,0.388,67,26,2,,7,1,0,0,0
セ,東京ヤクルトスワローズ,丸山和郁,4,外野手,対左,0.214,14,3,0,,6,0,0,0,0
セ,東京ヤクルトスワローズ,岩田幸宏,64,外野手,対右,0.242,198,48,1,,47,9,2,2,1
セ,東京ヤクルトスワローズ,岩田幸宏,64,外野手,対左,0.294,51,15,0,,8,3,1,0,0
セ,東京ヤクルトスワローズ,宮本丈,10,内野手,対右,0.333,15,5,1,,4,0,1,0,0
セ,東京ヤクルトスワローズ,宮本丈,10,内野手,対左,0,1,0,0,,1,0,0,0,0
セ,東京ヤクルトスワローズ,橋本星哉,52,捕手,対右,0.154,13,2,0,,3,1,0,0,1
セ,東京ヤクルトスワローズ,橋本星哉,52,捕手,対左,0,1,0,0,,0,0,0,0,0
セ,東京ヤクルトスワローズ,古賀優大,2,捕手,対右,0.27,137,37,0,,12,3,6,2,0
セ,東京ヤクルトスワローズ,古賀優大,2,捕手,対左,0.268,41,11,0,,3,1,0,2,1
セ,東京ヤクルトスワローズ,山野辺翔,37,内野手,対右,0.333,12,4,0,,1,0,0,0,0
セ,東京ヤクルトスワローズ,山野辺翔,37,内野手,対左,0,2,0,0,,0,0,0,0,0
セ,東京ヤクルトスワローズ,松下歩叶,6,内野手,対右,0.214,42,9,0,,13,1,1,0,0
セ,東京ヤクルトスワローズ,松下歩叶,6,内野手,対左,0.217,23,5,1,,6,0,1,0,0
セ,東京ヤクルトスワローズ,松本直樹,32,捕手,対左,0,1,0,0,,0,0,0,0,0
セ,東京ヤクルトスワローズ,石井巧,38,内野手,対右,0.211,19,4,1,,5,4,0,0,0
セ,東京ヤクルトスワローズ,石井巧,38,内野手,対左,0.118,17,2,0,,6,0,0,0,0
セ,東京ヤクルトスワローズ,赤羽由紘,0,内野手,対右,0.237,93,22,2,,25,5,0,3,0
セ,東京ヤクルトスワローズ,赤羽由紘,0,内野手,対左,0.237,38,9,1,,14,3,0,0,0
セ,東京ヤクルトスワローズ,増田珠,63,外野手,対右,0.307,127,39,4,,26,11,1,0,2
セ,東京ヤクルトスワローズ,増田珠,63,外野手,対左,0.232,56,13,2,,8,8,1,0,1
セ,東京ヤクルトスワローズ,中村悠平,27,捕手,対右,0.182,33,6,0,,4,2,0,2,0
セ,東京ヤクルトスワローズ,中村悠平,27,捕手,対左,0.143,14,2,0,,0,2,1,0,0
セ,東京ヤクルトスワローズ,長岡秀樹,7,内野手,対右,0.263,160,42,0,,23,18,0,1,1
セ,東京ヤクルトスワローズ,長岡秀樹,7,内野手,対左,0.183,71,13,0,,13,4,2,1,0
セ,東京ヤクルトスワローズ,田中陽翔,54,内野手,対右,0.206,34,7,0,,9,1,0,0,0
セ,東京ヤクルトスワローズ,田中陽翔,54,内野手,対左,0.222,9,2,0,,4,0,0,0,0
セ,東京ヤクルトスワローズ,内山壮真,3,内野手,対右,0.238,101,24,2,,20,13,2,0,1
セ,東京ヤクルトスワローズ,内山壮真,3,内野手,対左,0.139,36,5,1,,9,6,0,0,0
セ,東京ヤクルトスワローズ,武岡龍世,60,内野手,対右,0.195,149,29,2,,42,17,0,1,0
セ,東京ヤクルトスワローズ,武岡龍世,60,内野手,対左,0.382,34,13,1,,9,1,1,0,1
セ,東京ヤクルトスワローズ,並木秀尊,0,外野手,対右,0.308,26,8,0,,3,1,0,0,0
セ,東京ヤクルトスワローズ,並木秀尊,0,外野手,対左,0.222,18,4,1,,4,0,0,0,0
セ,東京ヤクルトスワローズ,北村恵吾,50,内野手,対右,0.25,4,1,0,,1,0,0,0,0
セ,東京ヤクルトスワローズ,北村恵吾,50,内野手,対左,0,9,0,0,,4,0,0,0,0
セ,東京ヤクルトスワローズ,茂木栄五郎,8,内野手,対右,0.2,25,5,0,,9,6,1,1,0
セ,東京ヤクルトスワローズ,茂木栄五郎,8,内野手,対左,0.4,5,2,0,,0,1,0,0,0
セ,東京ヤクルトスワローズ,矢野泰二郎,57,捕手,対右,0,1,0,0,,0,0,0,0,0
セ,東京ヤクルトスワローズ,鈴木叶,65,捕手,対右,0.208,53,11,1,,12,2,0,0,0
セ,東京ヤクルトスワローズ,鈴木叶,65,捕手,対左,0.179,28,5,0,,6,0,0,0,0
セ,東京ヤクルトスワローズ,澤井廉,42,外野手,対右,0.105,19,2,1,,7,1,1,0,0
セ,東京ヤクルトスワローズ,澤井廉,42,外野手,対左,0.4,5,2,0,,1,0,1,0,0
セ,読売ジャイアンツ,キャベッジ,13,外野手,対右,0.247,158,39,9,,55,9,3,0,0
セ,読売ジャイアンツ,キャベッジ,13,外野手,対左,0.232,112,26,4,,39,5,1,0,0
セ,読売ジャイアンツ,ダルベック,29,内野手,対右,0.251,167,42,9,,67,20,1,0,0
セ,読売ジャイアンツ,ダルベック,29,内野手,対左,0.26,104,27,4,,30,10,0,0,1
セ,読売ジャイアンツ,ティマ,50,外野手,対右,0.13,23,3,0,,8,0,0,0,0
セ,読売ジャイアンツ,ティマ,50,外野手,対左,0,7,0,0,,2,0,0,0,0
セ,読売ジャイアンツ,リチャード,52,内野手,対右,0,4,0,0,,3,2,0,0,0
セ,読売ジャイアンツ,リチャード,52,内野手,対左,0.167,6,1,1,,3,1,0,0,0
セ,読売ジャイアンツ,宇都宮葵星,68,内野手,対右,1,1,1,0,,0,0,0,0,0
セ,読売ジャイアンツ,宇都宮葵星,68,内野手,対左,0,1,0,0,,0,0,0,0,0
セ,読売ジャイアンツ,浦田俊輔,32,内野手,対右,0.301,143,43,0,,17,9,1,3,1
セ,読売ジャイアンツ,浦田俊輔,32,内野手,対左,0.228,79,18,0,,14,4,4,4,1
セ,読売ジャイアンツ,皆川岳飛,39,外野手,対右,0.2,5,1,0,,2,0,0,0,0
セ,読売ジャイアンツ,皆川岳飛,39,外野手,対左,0,3,0,0,,0,1,0,0,0
セ,読売ジャイアンツ,丸佳浩,8,外野手,対右,0.196,51,10,2,,11,7,0,0,0
セ,読売ジャイアンツ,丸佳浩,8,外野手,対左,0,8,0,0,,2,1,0,0,0
セ,読売ジャイアンツ,岸田行倫,27,捕手,対右,0.321,84,27,3,,15,6,3,2,2
セ,読売ジャイアンツ,岸田行倫,27,捕手,対左,0.169,59,10,1,,13,3,0,2,0
セ,読売ジャイアンツ,吉川尚輝,2,内野手,対右,0.241,79,19,1,,15,4,1,0,0
セ,読売ジャイアンツ,吉川尚輝,2,内野手,対左,0.167,42,7,0,,6,3,0,0,0
セ,読売ジャイアンツ,甲斐拓也,10,捕手,対右,0,4,0,0,,2,0,0,0,0
セ,読売ジャイアンツ,甲斐拓也,10,捕手,対左,0,1,0,0,,1,0,0,1,0
セ,読売ジャイアンツ,佐々木俊輔,44,外野手,対右,0.274,124,34,5,,32,3,0,1,0
セ,読売ジャイアンツ,佐々木俊輔,44,外野手,対左,0.136,44,6,0,,17,6,2,1,0
セ,読売ジャイアンツ,坂本勇人,6,内野手,対右,0.088,34,3,1,,10,5,0,0,1
セ,読売ジャイアンツ,坂本勇人,6,内野手,対左,0.189,53,10,1,,17,4,0,0,0
セ,読売ジャイアンツ,笹原操希,95,外野手,対右,0.25,4,1,0,,1,0,0,0,0
セ,読売ジャイアンツ,笹原操希,95,外野手,対左,0.2,10,2,1,,3,0,0,0,0
セ,読売ジャイアンツ,山瀬慎之助,67,捕手,対右,0.167,6,1,0,,2,0,0,0,0
セ,読売ジャイアンツ,山瀬慎之助,67,捕手,対左,0.286,7,2,1,,4,0,0,0,0
セ,読売ジャイアンツ,若林楽人,59,外野手,対右,0,12,0,0,,4,1,0,0,0
セ,読売ジャイアンツ,若林楽人,59,外野手,対左,0.313,16,5,0,,4,0,0,0,0
セ,読売ジャイアンツ,小林誠司,22,捕手,対右,0.125,8,1,0,,2,1,0,0,0
セ,読売ジャイアンツ,小林誠司,22,捕手,対左,0,1,0,0,,1,0,0,0,0
セ,読売ジャイアンツ,小濱佑斗,33,内野手,対右,0.267,15,4,0,,2,1,0,0,0
セ,読売ジャイアンツ,小濱佑斗,33,内野手,対左,0.2,15,3,0,,4,3,0,0,0
セ,読売ジャイアンツ,松本剛,9,外野手,対右,0.258,97,25,0,,20,7,4,5,0
セ,読売ジャイアンツ,松本剛,9,外野手,対左,0.267,90,24,0,,12,4,0,4,0
セ,読売ジャイアンツ,石塚裕惺,23,内野手,対右,0.125,8,1,0,,2,0,0,0,0
セ,読売ジャイアンツ,石塚裕惺,23,内野手,対左,0,3,0,0,,2,0,0,0,0
セ,読売ジャイアンツ,泉口友汰,35,内野手,対右,0.213,136,29,3,,20,11,1,1,0
セ,読売ジャイアンツ,泉口友汰,35,内野手,対左,0.241,87,21,1,,17,11,4,0,2
セ,読売ジャイアンツ,浅野翔吾,51,外野手,対右,0.118,17,2,0,,4,1,0,0,0
セ,読売ジャイアンツ,浅野翔吾,51,外野手,対左,0.3,10,3,1,,2,0,0,0,0
セ,読売ジャイアンツ,増田大輝,0,内野手,対右,0.5,2,1,0,,0,0,0,1,0
セ,読売ジャイアンツ,増田大輝,0,内野手,対左,0.375,8,3,0,,3,0,0,1,0
セ,読売ジャイアンツ,増田陸,61,内野手,対右,0.262,65,17,1,,17,1,1,0,0
セ,読売ジャイアンツ,増田陸,61,内野手,対左,0.244,45,11,1,,12,0,0,0,1
セ,読売ジャイアンツ,大城卓三,24,捕手,対右,0.296,115,34,7,,32,14,0,0,0
セ,読売ジャイアンツ,大城卓三,24,捕手,対左,0.256,43,11,1,,16,3,0,1,0
セ,読売ジャイアンツ,知念大成,94,外野手,対右,0.2,5,1,0,,1,0,0,0,0
セ,読売ジャイアンツ,知念大成,94,外野手,対左,0.667,3,2,0,,1,0,0,0,0
セ,読売ジャイアンツ,中山礼都,40,外野手,対右,0.23,61,14,0,,9,8,0,0,2
セ,読売ジャイアンツ,中山礼都,40,外野手,対左,0.074,27,2,0,,6,1,0,0,0
セ,読売ジャイアンツ,萩尾匡也,12,外野手,対右,0,2,0,0,,0,1,0,0,0
セ,読売ジャイアンツ,平山功太,69,内野手,対右,0.231,39,9,0,,10,2,0,0,0
セ,読売ジャイアンツ,平山功太,69,内野手,対左,0.35,40,14,2,,6,1,1,0,0
セ,読売ジャイアンツ,門脇誠,5,内野手,対右,0.19,21,4,0,,5,1,0,1,0
セ,読売ジャイアンツ,門脇誠,5,内野手,対左,0.118,17,2,0,,2,0,0,0,0
パ,オリックス・バファローズ,シーモア,45,内野手,対右,0.143,98,14,3,,32,2,1,0,1
パ,オリックス・バファローズ,シーモア,45,内野手,対左,0.195,41,8,0,,13,1,0,0,0
パ,オリックス・バファローズ,横山聖哉,34,内野手,対右,0.154,13,2,0,,7,0,0,1,0
パ,オリックス・バファローズ,宜保翔,53,内野手,対右,0.118,17,2,0,,4,1,0,1,0
パ,オリックス・バファローズ,宜保翔,53,内野手,対左,0.222,9,2,0,,2,1,0,0,0
パ,オリックス・バファローズ,窪田洋祐,58,外野手,対右,0,1,0,0,,1,0,0,0,0
パ,オリックス・バファローズ,紅林弘太郎,24,内野手,対右,0.229,166,38,7,,29,16,2,2,2
パ,オリックス・バファローズ,紅林弘太郎,24,内野手,対左,0.284,81,23,4,,9,9,0,1,0
パ,オリックス・バファローズ,山中稜真,50,捕手,対右,0.321,84,27,0,,13,13,1,0,0
パ,オリックス・バファローズ,山中稜真,50,捕手,対左,0.314,51,16,0,,9,1,0,0,1
パ,オリックス・バファローズ,若月健矢,2,捕手,対右,0.202,119,24,1,,32,9,0,10,0
パ,オリックス・バファローズ,若月健矢,2,捕手,対左,0.254,59,15,0,,5,5,1,3,0
パ,オリックス・バファローズ,宗佑磨,6,内野手,対右,0.222,167,37,5,,33,24,6,1,1
パ,オリックス・バファローズ,宗佑磨,6,内野手,対左,0.283,92,26,2,,14,6,2,2,0
パ,オリックス・バファローズ,森友哉,4,捕手,対右,0.284,116,33,6,,22,14,1,0,0
パ,オリックス・バファローズ,森友哉,4,捕手,対左,0.246,61,15,1,,14,4,0,0,0
パ,オリックス・バファローズ,杉本裕太郎,99,外野手,対右,0.067,15,1,0,,4,2,0,0,1
パ,オリックス・バファローズ,杉本裕太郎,99,外野手,対左,0.167,24,4,0,,9,0,0,0,1
パ,オリックス・バファローズ,杉澤龍,33,外野手,対右,0.417,36,15,1,,7,4,0,1,1
パ,オリックス・バファローズ,杉澤龍,33,外野手,対左,0.125,8,1,0,,3,0,1,0,0
パ,オリックス・バファローズ,西川龍馬,7,外野手,対右,0.306,209,64,3,,21,13,0,0,0
パ,オリックス・バファローズ,西川龍馬,7,外野手,対左,0.277,112,31,1,,19,7,0,1,1
パ,オリックス・バファローズ,西野真弘,5,内野手,対右,0.21,62,13,0,,8,4,0,0,0
パ,オリックス・バファローズ,西野真弘,5,内野手,対左,0.067,15,1,0,,2,1,1,2,0
パ,オリックス・バファローズ,太田椋,1,内野手,対右,0.267,165,44,3,,44,20,1,0,1
パ,オリックス・バファローズ,太田椋,1,内野手,対左,0.284,74,21,2,,15,9,1,0,0
パ,オリックス・バファローズ,大城滉二,10,内野手,対右,0,5,0,0,,1,0,0,0,0
パ,オリックス・バファローズ,大城滉二,10,内野手,対左,0.455,11,5,0,,3,0,0,0,0
パ,オリックス・バファローズ,池田陵真,39,外野手,対左,0,3,0,0,,2,1,0,0,0
パ,オリックス・バファローズ,中川圭太,67,内野手,対右,0.249,177,44,3,,28,11,0,1,1
パ,オリックス・バファローズ,中川圭太,67,内野手,対左,0.282,85,24,1,,5,9,3,0,2
パ,オリックス・バファローズ,渡部遼人,0,外野手,対右,0.245,106,26,3,,24,12,2,3,0
パ,オリックス・バファローズ,渡部遼人,0,外野手,対左,0.25,44,11,0,,11,8,0,5,0
パ,オリックス・バファローズ,内藤鵬,25,内野手,対左,0.5,4,2,0,,1,0,0,0,0
パ,オリックス・バファローズ,麦谷祐介,8,外野手,対右,0.143,21,3,1,,8,1,0,1,1
パ,オリックス・バファローズ,麦谷祐介,8,外野手,対左,0,4,0,0,,2,0,0,0,0
パ,オリックス・バファローズ,福永奨,32,捕手,対右,0,3,0,0,,1,0,0,1,0
パ,オリックス・バファローズ,福永奨,32,捕手,対左,0,3,0,0,,1,0,0,0,0
パ,オリックス・バファローズ,平沼翔太,61,外野手,対右,0.273,22,6,0,,5,1,0,0,0
パ,オリックス・バファローズ,平沼翔太,61,外野手,対左,0.167,6,1,0,,3,0,0,0,0
パ,オリックス・バファローズ,野口智哉,9,内野手,対右,0.25,56,14,1,,15,3,1,1,1
パ,オリックス・バファローズ,野口智哉,9,内野手,対左,0.143,28,4,1,,12,0,0,1,0
パ,オリックス・バファローズ,来田涼斗,38,外野手,対右,0.274,73,20,0,,17,5,0,3,1
パ,オリックス・バファローズ,来田涼斗,38,外野手,対左,0.259,27,7,0,,4,1,0,0,1
パ,オリックス・バファローズ,廣岡大志,30,内野手,対右,0.161,31,5,0,,14,1,0,0,0
パ,オリックス・バファローズ,廣岡大志,30,内野手,対左,0.25,16,4,0,,2,2,0,0,1
パ,埼玉西武ライオンズ,カナリオ,25,外野手,対右,0.278,198,55,6,,59,13,0,0,0
パ,埼玉西武ライオンズ,カナリオ,25,外野手,対左,0.188,80,15,2,,23,8,1,0,0
パ,埼玉西武ライオンズ,ネビン,26,内野手,対右,0.264,106,28,4,,22,10,2,0,4
パ,埼玉西武ライオンズ,ネビン,26,内野手,対左,0.309,55,17,7,,16,2,2,0,1
パ,埼玉西武ライオンズ,外崎修汰,5,内野手,対右,0.148,27,4,0,,8,2,1,0,0
パ,埼玉西武ライオンズ,外崎修汰,5,内野手,対左,0.2,15,3,1,,0,2,0,0,1
パ,埼玉西武ライオンズ,岸潤一郎,68,外野手,対右,0.194,62,12,0,,17,3,1,3,0
パ,埼玉西武ライオンズ,岸潤一郎,68,外野手,対左,0.216,37,8,1,,8,3,1,1,2
パ,埼玉西武ライオンズ,栗山巧,1,外野手,対右,0.167,6,1,0,,1,1,0,0,0
パ,埼玉西武ライオンズ,栗山巧,1,外野手,対左,0,3,0,0,,0,0,0,0,0
パ,埼玉西武ライオンズ,桑原将志,7,外野手,対右,0.225,142,32,2,,25,13,3,1,0
パ,埼玉西武ライオンズ,桑原将志,7,外野手,対左,0.271,59,16,1,,10,3,1,1,0
パ,埼玉西武ライオンズ,源田壮亮,6,内野手,対右,0.226,106,24,1,,12,12,0,3,2
パ,埼玉西武ライオンズ,源田壮亮,6,内野手,対左,0.115,52,6,0,,14,6,0,4,0
パ,埼玉西武ライオンズ,古賀悠斗,22,捕手,対右,0.298,94,28,2,,21,13,0,5,0
パ,埼玉西武ライオンズ,古賀悠斗,22,捕手,対左,0.283,46,13,1,,14,7,0,1,1
パ,埼玉西武ライオンズ,佐藤太陽,38,内野手,対右,0.2,10,2,1,,4,0,0,0,0
パ,埼玉西武ライオンズ,山村崇嘉,32,内野手,対右,0.132,38,5,0,,5,4,0,1,0
パ,埼玉西武ライオンズ,山村崇嘉,32,内野手,対左,0.6,5,3,1,,0,0,0,0,0
パ,埼玉西武ライオンズ,秋山俊,35,外野手,対右,0.143,14,2,0,,2,0,0,0,0
パ,埼玉西武ライオンズ,小島大河,10,捕手,対右,0.243,136,33,2,,15,6,0,0,0
パ,埼玉西武ライオンズ,小島大河,10,捕手,対左,0.235,34,8,0,,5,1,0,1,0
パ,埼玉西武ライオンズ,西川愛也,51,外野手,対右,0.197,127,25,1,,27,5,2,3,2
パ,埼玉西武ライオンズ,西川愛也,51,外野手,対左,0.254,63,16,1,,8,0,0,1,1
パ,埼玉西武ライオンズ,石井一成,4,内野手,対右,0.216,111,24,3,,29,6,0,0,0
パ,埼玉西武ライオンズ,石井一成,4,内野手,対左,0.324,34,11,2,,7,2,0,0,0
パ,埼玉西武ライオンズ,滝澤夏央,62,内野手,対右,0.281,171,48,0,,27,22,2,11,0
パ,埼玉西武ライオンズ,滝澤夏央,62,内野手,対左,0.299,67,20,1,,10,10,2,3,0
パ,埼玉西武ライオンズ,茶野篤政,31,外野手,対右,0.143,7,1,0,,2,0,1,0,0
パ,埼玉西武ライオンズ,仲三優太,55,外野手,対右,0.053,19,1,0,,13,2,0,0,0
パ,埼玉西武ライオンズ,仲三優太,55,外野手,対左,0.25,4,1,1,,2,1,0,0,0
パ,埼玉西武ライオンズ,仲田慶介,0,内野手,対右,0.143,7,1,0,,1,0,0,0,0
パ,埼玉西武ライオンズ,仲田慶介,0,内野手,対左,0,4,0,0,,1,0,0,0,0
パ,埼玉西武ライオンズ,長谷川信哉,63,外野手,対右,0.294,143,42,5,,29,9,6,6,0
パ,埼玉西武ライオンズ,長谷川信哉,63,外野手,対左,0.269,67,18,4,,14,4,0,0,1
パ,埼玉西武ライオンズ,柘植世那,37,捕手,対右,0.389,18,7,0,,3,1,0,1,0
パ,埼玉西武ライオンズ,柘植世那,37,捕手,対左,0.25,12,3,0,,1,0,0,2,0
パ,埼玉西武ライオンズ,渡部聖弥,8,外野手,対右,0.253,225,57,2,,44,10,2,0,1
パ,埼玉西武ライオンズ,渡部聖弥,8,外野手,対左,0.269,93,25,5,,15,2,1,0,0
パ,埼玉西武ライオンズ,蛭間拓哉,9,外野手,対右,0.333,15,5,0,,4,0,0,0,0
パ,埼玉西武ライオンズ,蛭間拓哉,9,外野手,対左,0,1,0,0,,1,0,0,0,0
パ,埼玉西武ライオンズ,平沢大河,39,内野手,対右,0.273,121,33,1,,20,10,0,1,1
パ,埼玉西武ライオンズ,平沢大河,39,内野手,対左,0.255,47,12,1,,12,5,2,0,0
パ,埼玉西武ライオンズ,林安可,73,外野手,対右,0.212,99,21,1,,25,8,3,0,0
パ,埼玉西武ライオンズ,林安可,73,外野手,対左,0.143,28,4,1,,9,0,1,0,0
パ,千葉ロッテマリーンズ,ソト,99,内野手,対右,0.24,129,31,5,,29,9,4,0,1
パ,千葉ロッテマリーンズ,ソト,99,内野手,対左,0.268,82,22,4,,23,8,0,0,0
パ,千葉ロッテマリーンズ,ポランコ,22,外野手,対右,0.213,108,23,4,,34,13,0,0,2
パ,千葉ロッテマリーンズ,ポランコ,22,外野手,対左,0.08,25,2,1,,9,1,0,0,0
パ,千葉ロッテマリーンズ,愛斗,50,外野手,対右,0.152,33,5,1,,8,0,0,2,0
パ,千葉ロッテマリーンズ,愛斗,50,外野手,対左,0.438,16,7,0,,0,0,1,0,0
パ,千葉ロッテマリーンズ,安田尚憲,5,内野手,対右,0.22,50,11,2,,7,1,0,0,0
パ,千葉ロッテマリーンズ,安田尚憲,5,内野手,対左,0.333,15,5,0,,3,2,1,0,0
パ,千葉ロッテマリーンズ,井上広大,39,外野手,対右,0.118,17,2,1,,8,1,0,0,1
パ,千葉ロッテマリーンズ,井上広大,39,外野手,対左,0.167,36,6,2,,14,1,0,0,0
パ,千葉ロッテマリーンズ,岡大海,25,外野手,対右,0.154,26,4,0,,8,1,0,0,0
パ,千葉ロッテマリーンズ,岡大海,25,外野手,対左,0.105,19,2,0,,6,3,0,1,0
パ,千葉ロッテマリーンズ,角中勝也,3,外野手,対右,0.167,6,1,0,,2,0,1,0,0
パ,千葉ロッテマリーンズ,宮崎竜成,44,内野手,対右,0.136,22,3,1,,10,1,0,0,0
パ,千葉ロッテマリーンズ,宮崎竜成,44,内野手,対左,0.167,6,1,0,,1,0,0,0,0
パ,千葉ロッテマリーンズ,佐藤都志也,32,捕手,対右,0.272,125,34,9,,24,20,2,0,1
パ,千葉ロッテマリーンズ,佐藤都志也,32,捕手,対左,0.218,78,17,1,,21,10,2,0,1
パ,千葉ロッテマリーンズ,山口航輝,51,外野手,対右,0.302,86,26,8,,20,6,3,0,1
パ,千葉ロッテマリーンズ,山口航輝,51,外野手,対左,0.227,66,15,4,,18,1,0,0,0
パ,千葉ロッテマリーンズ,山本大斗,61,外野手,対右,0.214,42,9,1,,7,4,2,0,0
パ,千葉ロッテマリーンズ,山本大斗,61,外野手,対左,0.129,31,4,0,,9,2,1,0,1
パ,千葉ロッテマリーンズ,山﨑剛,38,内野手,対右,0.375,8,3,0,,1,1,0,0,0
パ,千葉ロッテマリーンズ,山﨑剛,38,内野手,対左,0,1,0,0,,1,0,0,0,0
パ,千葉ロッテマリーンズ,寺地隆成,65,捕手,対右,0.183,120,22,2,,20,17,0,1,2
パ,千葉ロッテマリーンズ,寺地隆成,65,捕手,対左,0.151,86,13,1,,21,4,2,0,1
パ,千葉ロッテマリーンズ,小川龍成,57,内野手,対右,0.22,141,31,0,,25,6,3,5,0
パ,千葉ロッテマリーンズ,小川龍成,57,内野手,対左,0.339,109,37,0,,16,2,1,3,0
パ,千葉ロッテマリーンズ,松川虎生,2,捕手,対右,0.189,37,7,0,,12,1,0,3,0
パ,千葉ロッテマリーンズ,松川虎生,2,捕手,対左,0.273,22,6,0,,4,0,0,0,0
パ,千葉ロッテマリーンズ,上田希由翔,10,内野手,対右,0.192,52,10,3,,13,2,0,0,0
パ,千葉ロッテマリーンズ,上田希由翔,10,内野手,対左,0.133,15,2,0,,4,2,0,0,0
パ,千葉ロッテマリーンズ,西川史礁,6,外野手,対右,0.283,191,54,5,,40,20,3,0,0
パ,千葉ロッテマリーンズ,西川史礁,6,外野手,対左,0.303,109,33,2,,16,9,3,0,0
パ,千葉ロッテマリーンズ,石垣勝海,43,内野手,対右,0,3,0,0,,1,0,0,0,0
パ,千葉ロッテマリーンズ,石川慎吾,23,外野手,対右,0.125,8,1,0,,5,3,0,0,0
パ,千葉ロッテマリーンズ,石川慎吾,23,外野手,対左,0.125,16,2,1,,7,0,1,0,0
パ,千葉ロッテマリーンズ,池田来翔,0,内野手,対右,0.206,34,7,0,,9,0,0,1,0
パ,千葉ロッテマリーンズ,池田来翔,0,内野手,対左,0.306,36,11,0,,6,1,0,1,0
パ,千葉ロッテマリーンズ,田村龍弘,27,捕手,対左,0,3,0,0,,2,0,0,0,0
パ,千葉ロッテマリーンズ,藤岡裕大,7,内野手,対右,0.091,11,1,0,,3,0,0,1,0
パ,千葉ロッテマリーンズ,藤岡裕大,7,内野手,対左,0.182,11,2,0,,4,2,0,0,1
パ,千葉ロッテマリーンズ,藤原恭大,1,外野手,対右,0.255,98,25,4,,23,17,4,0,0
パ,千葉ロッテマリーンズ,藤原恭大,1,外野手,対左,0.355,62,22,0,,10,3,4,0,1
パ,千葉ロッテマリーンズ,友杉篤輝,4,内野手,対右,0.26,154,40,0,,24,9,0,4,0
パ,千葉ロッテマリーンズ,友杉篤輝,4,内野手,対左,0.244,78,19,0,,13,5,0,4,0
パ,千葉ロッテマリーンズ,和田康士朗,63,外野手,対右,0.211,19,4,0,,5,3,0,1,0
パ,千葉ロッテマリーンズ,和田康士朗,63,外野手,対左,0.25,4,1,0,,0,0,0,1,0
パ,千葉ロッテマリーンズ,櫻井ユウヤ,55,内野手,対左,0,2,0,0,,2,0,0,0,0
パ,千葉ロッテマリーンズ,髙部瑛斗,0,外野手,対右,0.261,69,18,0,,15,4,0,0,0
パ,千葉ロッテマリーンズ,髙部瑛斗,0,外野手,対左,0.151,53,8,0,,10,4,0,0,0
パ,東北楽天ゴールデンイーグルス,YG安田,55,捕手,対右,0.209,43,9,0,,17,2,0,0,0
パ,東北楽天ゴールデンイーグルス,YG安田,55,捕手,対左,0.333,3,1,1,,1,2,0,0,0
パ,東北楽天ゴールデンイーグルス,ボイト,9,内野手,対右,0.114,44,5,0,,14,4,1,0,1
パ,東北楽天ゴールデンイーグルス,ボイト,9,内野手,対左,0.13,23,3,0,,5,0,1,0,0
パ,東北楽天ゴールデンイーグルス,マッカスカー,34,外野手,対右,0.301,93,28,9,,31,12,0,0,0
パ,東北楽天ゴールデンイーグルス,マッカスカー,34,外野手,対左,0.25,40,10,1,,18,5,0,0,1
パ,東北楽天ゴールデンイーグルス,ワォーターズ,60,内野手,対右,0.3,10,3,0,,3,0,0,0,0
パ,東北楽天ゴールデンイーグルス,ワォーターズ,60,内野手,対左,0,2,0,0,,1,0,0,0,0
パ,東北楽天ゴールデンイーグルス,伊藤光,27,捕手,対右,0.15,20,3,0,,6,2,1,2,0
パ,東北楽天ゴールデンイーグルス,伊藤光,27,捕手,対左,0.1,10,1,1,,4,1,0,0,0
パ,東北楽天ゴールデンイーグルス,伊藤裕季也,39,内野手,対右,0.189,37,7,3,,12,3,0,0,0
パ,東北楽天ゴールデンイーグルス,伊藤裕季也,39,内野手,対左,0.182,11,2,0,,5,1,0,0,1
パ,東北楽天ゴールデンイーグルス,吉野創士,78,外野手,対右,0,4,0,0,,2,0,0,0,0
パ,東北楽天ゴールデンイーグルス,吉野創士,78,外野手,対左,0.2,5,1,0,,1,0,0,0,0
パ,東北楽天ゴールデンイーグルス,金子京介,98,内野手,対左,0,2,0,0,,2,0,0,0,0
パ,東北楽天ゴールデンイーグルス,黒川史陽,24,内野手,対右,0.266,192,51,1,,31,22,0,4,1
パ,東北楽天ゴールデンイーグルス,黒川史陽,24,内野手,対左,0.267,86,23,0,,16,12,0,0,1
パ,東北楽天ゴールデンイーグルス,佐藤直樹,38,外野手,対右,0.261,92,24,3,,38,4,0,0,1
パ,東北楽天ゴールデンイーグルス,佐藤直樹,38,外野手,対左,0.292,72,21,3,,13,1,0,0,0
パ,東北楽天ゴールデンイーグルス,阪上翔也,42,外野手,対右,0,6,0,0,,3,0,0,0,0
パ,東北楽天ゴールデンイーグルス,阪上翔也,42,外野手,対左,0,1,0,0,,1,0,0,0,0
パ,東北楽天ゴールデンイーグルス,宗山塁,1,内野手,対右,0.143,21,3,0,,1,0,0,0,0
パ,東北楽天ゴールデンイーグルス,宗山塁,1,内野手,対左,0.5,4,2,0,,0,0,0,0,0
パ,東北楽天ゴールデンイーグルス,小郷裕哉,51,外野手,対右,0.256,78,20,0,,18,3,0,1,0
パ,東北楽天ゴールデンイーグルス,小郷裕哉,51,外野手,対左,0.154,26,4,0,,8,2,0,0,0
パ,東北楽天ゴールデンイーグルス,小森航大郎,73,内野手,対右,0,2,0,0,,1,0,0,0,0
パ,東北楽天ゴールデンイーグルス,小森航大郎,73,内野手,対左,0,4,0,0,,4,0,0,0,1
パ,東北楽天ゴールデンイーグルス,小深田大翔,0,内野手,対右,0.208,77,16,0,,24,5,1,4,0
パ,東北楽天ゴールデンイーグルス,小深田大翔,0,内野手,対左,0.172,29,5,0,,5,3,0,1,0
パ,東北楽天ゴールデンイーグルス,石原彪,70,捕手,対右,0,1,0,0,,0,1,0,1,0
パ,東北楽天ゴールデンイーグルス,石原彪,70,捕手,対左,0.25,8,2,0,,0,1,0,0,0
パ,東北楽天ゴールデンイーグルス,浅村栄斗,3,内野手,対右,0.214,159,34,4,,41,25,2,0,3
パ,東北楽天ゴールデンイーグルス,浅村栄斗,3,内野手,対左,0.225,80,18,2,,19,7,0,0,0
パ,東北楽天ゴールデンイーグルス,村林一輝,6,内野手,対右,0.279,197,55,3,,35,16,1,2,2
パ,東北楽天ゴールデンイーグルス,村林一輝,6,内野手,対左,0.277,83,23,1,,15,10,0,1,1
パ,東北楽天ゴールデンイーグルス,太田光,2,捕手,対右,0.206,102,21,0,,30,10,0,3,1
パ,東北楽天ゴールデンイーグルス,太田光,2,捕手,対左,0.288,52,15,1,,11,4,0,0,0
パ,東北楽天ゴールデンイーグルス,辰己涼介,8,外野手,対右,0.273,198,54,5,,54,27,2,1,2
パ,東北楽天ゴールデンイーグルス,辰己涼介,8,外野手,対左,0.289,90,26,1,,18,11,2,0,1
パ,東北楽天ゴールデンイーグルス,中島大輔,32,外野手,対右,0.225,129,29,1,,20,12,1,5,0
パ,東北楽天ゴールデンイーグルス,中島大輔,32,外野手,対左,0.308,39,12,0,,3,2,1,2,0
パ,東北楽天ゴールデンイーグルス,渡邊佳明,35,内野手,対右,0.268,82,22,1,,17,6,0,4,0
パ,東北楽天ゴールデンイーグルス,渡邊佳明,35,内野手,対左,0.258,31,8,0,,3,4,0,1,0
パ,東北楽天ゴールデンイーグルス,入江大樹,63,内野手,対右,0.333,3,1,0,,2,0,0,0,0
パ,東北楽天ゴールデンイーグルス,入江大樹,63,内野手,対左,0.222,9,2,0,,1,0,0,0,0
パ,東北楽天ゴールデンイーグルス,繁永晟,30,内野手,対右,0,3,0,0,,1,0,0,0,0
パ,東北楽天ゴールデンイーグルス,繁永晟,30,内野手,対左,0,6,0,0,,0,0,0,0,0
パ,東北楽天ゴールデンイーグルス,武藤敦貴,50,外野手,対右,0.188,16,3,0,,3,1,0,0,0
パ,東北楽天ゴールデンイーグルス,武藤敦貴,50,外野手,対左,0,2,0,0,,0,0,0,0,0
パ,東北楽天ゴールデンイーグルス,平良竜哉,48,内野手,対右,0.24,100,24,3,,17,3,4,1,0
パ,東北楽天ゴールデンイーグルス,平良竜哉,48,内野手,対左,0.273,66,18,5,,8,4,0,0,0
パ,東北楽天ゴールデンイーグルス,堀内謙伍,65,捕手,対右,0.211,38,8,0,,10,1,1,0,0
パ,東北楽天ゴールデンイーグルス,堀内謙伍,65,捕手,対左,0.25,4,1,0,,1,2,0,1,0
パ,東北楽天ゴールデンイーグルス,陽柏翔,75,内野手,対右,0,1,0,0,,1,0,0,0,0
パ,東北楽天ゴールデンイーグルス,鈴木大地,7,内野手,対右,0.19,42,8,0,,8,1,1,1,0
パ,東北楽天ゴールデンイーグルス,鈴木大地,7,内野手,対左,0,6,0,0,,2,2,0,1,0
パ,福岡ソフトバンクホークス,イヒネイツア,36,内野手,対右,0,1,0,0,,1,0,0,0,0
パ,福岡ソフトバンクホークス,イヒネイツア,36,内野手,対左,0,1,0,0,,0,0,0,0,0
パ,福岡ソフトバンクホークス,ダウンズ,4,内野手,対右,0,5,0,0,,2,0,0,0,0
パ,福岡ソフトバンクホークス,海野隆司,62,捕手,対右,0.189,111,21,0,,37,9,1,14,1
パ,福岡ソフトバンクホークス,海野隆司,62,捕手,対左,0.196,51,10,1,,14,2,0,2,0
パ,福岡ソフトバンクホークス,近藤健介,3,外野手,対右,0.297,175,52,15,,34,36,4,0,2
パ,福岡ソフトバンクホークス,近藤健介,3,外野手,対左,0.293,92,27,5,,17,15,1,0,0
パ,福岡ソフトバンクホークス,栗原陵矢,24,内野手,対右,0.276,203,56,16,,43,19,1,1,0
パ,福岡ソフトバンクホークス,栗原陵矢,24,内野手,対左,0.24,100,24,8,,24,15,3,0,3
パ,福岡ソフトバンクホークス,今宮健太,6,内野手,対右,0.197,61,12,0,,17,4,1,1,0
パ,福岡ソフトバンクホークス,今宮健太,6,内野手,対左,0.222,45,10,1,,8,3,0,1,1
パ,福岡ソフトバンクホークス,笹川吉康,44,外野手,対右,0.158,19,3,0,,3,1,0,0,0
パ,福岡ソフトバンクホークス,笹川吉康,44,外野手,対左,0.2,5,1,0,,2,0,0,0,0
パ,福岡ソフトバンクホークス,山川穂高,5,内野手,対右,0.198,91,18,8,,29,13,3,0,1
パ,福岡ソフトバンクホークス,山川穂高,5,内野手,対左,0.135,52,7,1,,15,8,0,0,0
パ,福岡ソフトバンクホークス,山本恵大,77,外野手,対右,0.273,22,6,1,,4,1,2,0,0
パ,福岡ソフトバンクホークス,山本恵大,77,外野手,対左,0.333,9,3,0,,4,0,0,0,0
パ,福岡ソフトバンクホークス,山本祐大,39,捕手,対右,0.323,31,10,1,,4,2,0,0,0
パ,福岡ソフトバンクホークス,山本祐大,39,捕手,対左,0.417,12,5,1,,0,1,2,0,0
パ,福岡ソフトバンクホークス,周東佑京,23,外野手,対右,0.282,170,48,1,,22,19,3,4,2
パ,福岡ソフトバンクホークス,周東佑京,23,外野手,対左,0.266,94,25,0,,18,9,2,4,1
パ,福岡ソフトバンクホークス,庄子雄大,25,内野手,対右,0.25,88,22,0,,29,13,1,3,0
パ,福岡ソフトバンクホークス,庄子雄大,25,内野手,対左,0.222,36,8,0,,7,5,0,3,1
パ,福岡ソフトバンクホークス,正木智也,31,外野手,対右,0.288,111,32,4,,27,16,5,0,1
パ,福岡ソフトバンクホークス,正木智也,31,外野手,対左,0.31,58,18,7,,16,7,0,0,0
パ,福岡ソフトバンクホークス,石塚綜一郎,55,捕手,対右,0.364,11,4,0,,4,0,1,0,0
パ,福岡ソフトバンクホークス,川瀬晃,0,内野手,対右,0.191,47,9,0,,9,5,0,0,1
パ,福岡ソフトバンクホークス,川瀬晃,0,内野手,対左,0.286,7,2,0,,0,1,0,0,0
パ,福岡ソフトバンクホークス,川村友斗,61,外野手,対右,0.091,11,1,0,,4,0,0,0,0
パ,福岡ソフトバンクホークス,川村友斗,61,外野手,対左,0,6,0,0,,3,1,0,0,0
パ,福岡ソフトバンクホークス,谷川原健太,45,捕手,対右,0.143,28,4,0,,10,1,0,0,0
パ,福岡ソフトバンクホークス,谷川原健太,45,捕手,対左,0.364,11,4,0,,4,1,0,0,0
パ,福岡ソフトバンクホークス,中村晃,7,内野手,対右,0.19,21,4,0,,4,1,0,0,0
パ,福岡ソフトバンクホークス,中村晃,7,内野手,対左,0,10,0,0,,1,1,0,0,0
パ,福岡ソフトバンクホークス,渡邉陸,0,捕手,対右,0.083,12,1,0,,5,1,0,0,0
パ,福岡ソフトバンクホークス,渡邉陸,0,捕手,対左,0.222,9,2,0,,2,1,0,0,0
パ,福岡ソフトバンクホークス,牧原大成,8,内野手,対右,0.267,176,47,1,,36,13,1,1,3
パ,福岡ソフトバンクホークス,牧原大成,8,内野手,対左,0.286,84,24,0,,16,3,1,4,0
パ,福岡ソフトバンクホークス,野村勇,99,内野手,対右,0.268,71,19,3,,29,2,0,0,0
パ,福岡ソフトバンクホークス,野村勇,99,内野手,対左,0.08,25,2,1,,9,5,0,0,0
パ,福岡ソフトバンクホークス,柳町達,32,外野手,対右,0.27,111,30,0,,25,14,0,0,3
パ,福岡ソフトバンクホークス,柳町達,32,外野手,対左,0.163,43,7,0,,17,6,0,1,0
パ,福岡ソフトバンクホークス,柳田悠岐,9,外野手,対右,0.248,145,36,7,,34,10,2,0,2
パ,福岡ソフトバンクホークス,柳田悠岐,9,外野手,対左,0.247,97,24,3,,19,7,1,0,0
パ,福岡ソフトバンクホークス,廣瀨隆太,33,内野手,対右,0.296,27,8,0,,10,4,0,0,0
パ,福岡ソフトバンクホークス,廣瀨隆太,33,内野手,対左,0.19,21,4,0,,8,3,0,1,1
パ,福岡ソフトバンクホークス,髙橋隆慶,56,内野手,対右,0.25,4,1,1,,3,0,0,0,0
パ,福岡ソフトバンクホークス,髙橋隆慶,56,内野手,対左,1,1,1,0,,0,0,0,0,0
パ,北海道日本ハムファイターズ,エドポロケイン,42,外野手,対右,0,2,0,0,,1,0,0,0,0
パ,北海道日本ハムファイターズ,エドポロケイン,42,外野手,対左,0,8,0,0,,3,0,0,0,0
パ,北海道日本ハムファイターズ,カストロ,6,内野手,対右,0.257,74,19,2,,18,5,4,0,1
パ,北海道日本ハムファイターズ,カストロ,6,内野手,対左,0.209,67,14,5,,21,5,0,0,2
パ,北海道日本ハムファイターズ,マルティネス,2,捕手,対右,0.148,27,4,1,,9,3,1,0,0
パ,北海道日本ハムファイターズ,マルティネス,2,捕手,対左,0.111,9,1,1,,5,1,0,0,0
パ,北海道日本ハムファイターズ,レイエス,99,外野手,対右,0.299,214,64,15,,38,15,0,0,3
パ,北海道日本ハムファイターズ,レイエス,99,外野手,対左,0.388,80,31,5,,13,17,1,0,0
パ,北海道日本ハムファイターズ,吉田賢吾,60,捕手,対右,0.391,46,18,7,,8,0,0,0,0
パ,北海道日本ハムファイターズ,吉田賢吾,60,捕手,対左,0.136,22,3,1,,2,0,0,0,0
パ,北海道日本ハムファイターズ,宮崎一樹,36,外野手,対右,0,4,0,0,,1,0,0,0,0
パ,北海道日本ハムファイターズ,宮崎一樹,36,外野手,対左,0,1,0,0,,0,0,0,0,0
パ,北海道日本ハムファイターズ,郡司裕也,3,捕手,対右,0.229,144,33,3,,25,19,2,0,1
パ,北海道日本ハムファイターズ,郡司裕也,3,捕手,対左,0.207,58,12,1,,10,8,0,0,0
パ,北海道日本ハムファイターズ,五十幡亮汰,50,外野手,対右,0.278,36,10,0,,9,2,0,2,0
パ,北海道日本ハムファイターズ,五十幡亮汰,50,外野手,対左,0.048,21,1,0,,9,0,0,2,0
パ,北海道日本ハムファイターズ,細川凌平,56,内野手,対右,0.265,34,9,1,,5,10,0,1,0
パ,北海道日本ハムファイターズ,細川凌平,56,内野手,対左,0.3,10,3,1,,3,1,0,1,0
パ,北海道日本ハムファイターズ,山縣秀,54,内野手,対右,0.179,28,5,0,,5,0,0,4,0
パ,北海道日本ハムファイターズ,山縣秀,54,内野手,対左,0.211,19,4,0,,3,0,0,0,0
パ,北海道日本ハムファイターズ,上川畑大悟,4,内野手,対右,0.286,14,4,0,,0,0,0,0,0
パ,北海道日本ハムファイターズ,上川畑大悟,4,内野手,対左,0.286,7,2,0,,2,0,0,0,0
パ,北海道日本ハムファイターズ,進藤勇也,33,捕手,対右,0.217,46,10,3,,10,3,1,1,0
パ,北海道日本ハムファイターズ,進藤勇也,33,捕手,対左,0.211,19,4,0,,6,3,0,1,0
パ,北海道日本ハムファイターズ,水谷瞬,53,外野手,対右,0.253,83,21,3,,20,2,1,0,1
パ,北海道日本ハムファイターズ,水谷瞬,53,外野手,対左,0.217,46,10,2,,18,2,0,0,1
パ,北海道日本ハムファイターズ,水野達稀,43,内野手,対右,0.288,191,55,3,,26,12,3,7,2
パ,北海道日本ハムファイターズ,水野達稀,43,内野手,対左,0.313,96,30,2,,26,3,2,5,1
パ,北海道日本ハムファイターズ,清宮幸太郎,21,内野手,対右,0.246,195,48,9,,41,22,2,0,1
パ,北海道日本ハムファイターズ,清宮幸太郎,21,内野手,対左,0.218,78,17,0,,16,6,3,0,0
パ,北海道日本ハムファイターズ,清水優心,10,捕手,対右,0.083,12,1,1,,4,1,0,1,0
パ,北海道日本ハムファイターズ,清水優心,10,捕手,対左,0.182,11,2,0,,1,2,0,0,0
パ,北海道日本ハムファイターズ,西川遥輝,7,外野手,対右,0.189,37,7,1,,11,8,2,0,0
パ,北海道日本ハムファイターズ,西川遥輝,7,外野手,対左,0.167,6,1,0,,2,2,0,0,0
パ,北海道日本ハムファイターズ,大塚瑠晏,49,内野手,対右,0.29,62,18,4,,20,9,0,0,0
パ,北海道日本ハムファイターズ,大塚瑠晏,49,内野手,対左,0,11,0,0,,4,0,1,1,0
パ,北海道日本ハムファイターズ,田宮裕涼,64,捕手,対右,0.244,135,33,2,,24,5,0,3,0
パ,北海道日本ハムファイターズ,田宮裕涼,64,捕手,対左,0.4,55,22,1,,14,3,0,5,0
パ,北海道日本ハムファイターズ,奈良間大己,58,内野手,対右,0.256,86,22,2,,25,7,1,1,0
パ,北海道日本ハムファイターズ,奈良間大己,58,内野手,対左,0.255,55,14,1,,16,3,1,0,0
パ,北海道日本ハムファイターズ,梅林優貴,98,捕手,対右,0,3,0,0,,2,0,0,0,0
パ,北海道日本ハムファイターズ,梅林優貴,98,捕手,対左,0,2,0,0,,1,0,0,0,0
パ,北海道日本ハムファイターズ,万波中正,66,外野手,対右,0.234,192,45,11,,62,17,3,0,2
パ,北海道日本ハムファイターズ,万波中正,66,外野手,対左,0.259,81,21,6,,19,12,0,0,0
パ,北海道日本ハムファイターズ,野村佑希,5,内野手,対右,0.23,148,34,7,,38,8,1,0,0
パ,北海道日本ハムファイターズ,野村佑希,5,内野手,対左,0.304,79,24,4,,20,1,0,0,2
パ,北海道日本ハムファイターズ,淺間大基,8,外野手,対右,0.194,31,6,1,,9,3,0,0,0
パ,北海道日本ハムファイターズ,淺間大基,8,外野手,対左,0.2,10,2,1,,3,1,0,0,0