球団名,No.,投手,生年月日,身長,体重,投,打,備考,ポジション,区分,更新日,背番号,1軍
読売ジャイアンツ,11,田中 将大,1988.11.01,188,102,右,右,,投手,支配下,2026/4/7,11,
読売ジャイアンツ,15,大勢,1999.06.29,183,90,右,右,,投手,支配下,2026/4/7,15,TRUE
読売ジャイアンツ,17,西舘 勇陽,2002.03.11,185,88,右,右,,投手,支配下,2026/4/7,17,
読売ジャイアンツ,19,山﨑 伊織,1998.10.10,181,81,右,左,,投手,支配下,2026/4/7,19,
読売ジャイアンツ,20,戸郷 翔征,2000.04.04,187,85,右,右,,投手,支配下,2026/4/7,20,TRUE
読売ジャイアンツ,21,竹丸 和幸,2002.02.26,179,76,左,左,,投手,支配下,2026/4/7,21,TRUE
読売ジャイアンツ,26,ウィットリー,1997.09.15,201,94,右,右,,投手,支配下,2026/4/7,26,
読売ジャイアンツ,28,ハワード,1996.07.28,190,95,右,右,,投手,支配下,2026/4/7,28,
読売ジャイアンツ,30,田和 廉,2003.05.02,183,87,右,右,,投手,支配下,2026/4/7,30,TRUE
読売ジャイアンツ,31,赤星 優志,1999.07.02,175,82,右,右,,投手,支配下,2026/4/7,31,TRUE
読売ジャイアンツ,36,山城 京平,2003.09.20,174,70,左,左,,投手,支配下,2026/4/7,36,
読売ジャイアンツ,41,中川 皓太,1994.02.24,183,86,左,左,,投手,支配下,2026/4/7,41,TRUE
読売ジャイアンツ,42,マタ,1999.05.03,190,101,右,右,,投手,支配下,2026/4/7,42,
読売ジャイアンツ,43,則本 昂大,1990.12.17,178,89,右,左,,投手,支配下,2026/4/7,43,
読売ジャイアンツ,45,田中 瑛斗,1999.07.13,184,84,右,左,,投手,支配下,2026/4/7,45,TRUE
読売ジャイアンツ,46,又木 鉄平,1999.02.12,182,95,左,左,,投手,支配下,2026/4/7,46,
読売ジャイアンツ,47,森田 駿哉,1997.02.11,185,88,左,左,,投手,支配下,2026/4/7,47,
読売ジャイアンツ,48,ルシアーノ,2000.02.15,190,95,右,右,3/24 育成選手から支配下選手へ移行,投手,支配下,2026/4/7,48,
読売ジャイアンツ,49,バルドナード,1993.02.01,196,122,左,左,,投手,支配下,2026/4/7,49,
読売ジャイアンツ,53,高梨 雄平,1992.07.13,175,86,左,左,,投手,支配下,2026/4/7,53,TRUE
読売ジャイアンツ,54,松浦 慶斗,2003.07.01,187,100,左,左,,投手,支配下,2026/4/7,54,
読売ジャイアンツ,56,北浦 竜次,2000.01.12,184,103,左,左,,投手,支配下,2026/4/7,56,
読売ジャイアンツ,57,宮原 駿介,2002.09.12,174,85,左,左,,投手,支配下,2026/4/7,57,
読売ジャイアンツ,58,船迫 大雅,1996.10.16,174,80,右,左,,投手,支配下,2026/4/7,58,TRUE
読売ジャイアンツ,62,横川 凱,2000.08.30,190,98,左,左,,投手,支配下,2026/4/7,62,
読売ジャイアンツ,63,泉 圭輔,1997.03.02,188,87,右,右,,投手,支配下,2026/4/7,63,
読売ジャイアンツ,64,山田 龍聖,2000.09.07,184,92,左,左,,投手,支配下,2026/4/7,64,
読売ジャイアンツ,65,石川 達也,1998.04.15,178,83,左,右,,投手,支配下,2026/4/7,65,
読売ジャイアンツ,66,平内 龍太,1998.08.01,185,95,右,右,,投手,支配下,2026/4/7,66,
読売ジャイアンツ,91,堀田 賢慎,2001.05.21,186,90,右,右,,投手,支配下,2026/4/7,91,TRUE
読売ジャイアンツ,92,マルティネス,1996.10.11,193,93,右,左,,投手,支配下,2026/4/7,92,TRUE
読売ジャイアンツ,97,井上 温大,2001.05.13,176,86,左,左,,投手,支配下,2026/4/7,97,TRUE
読売ジャイアンツ,98,小笠原 慎之介,1997.10.08,180,93,左,左,6/18 支配下選手登録,投手,支配下,2026/4/7,98,
読売ジャイアンツ,10,甲斐 拓也,1992.11.05,170,87,右,右,,捕手,支配下,2026/4/7,10,TRUE
読売ジャイアンツ,22,小林 誠司,1989.06.07,178,86,右,右,,捕手,支配下,2026/4/7,22,TRUE
読売ジャイアンツ,24,大城 卓三,1993.02.11,187,97,右,左,,捕手,支配下,2026/4/7,24,TRUE
読売ジャイアンツ,27,岸田 行倫,1996.10.10,176,90,右,右,,捕手,支配下,2026/4/7,27,TRUE
読売ジャイアンツ,37,郡 拓也,1998.04.25,179,88,右,右,,捕手,支配下,2026/4/7,37,
読売ジャイアンツ,67,山瀬 慎之助,2001.05.04,177,89,右,右,,捕手,支配下,2026/4/7,67,
読売ジャイアンツ,0,湯浅 大,2000.01.24,172,73,右,右,,内野手,支配下,2026/4/7,0,
読売ジャイアンツ,0,増田 大輝,1993.07.29,172,71,右,右,,内野手,支配下,2026/4/7,0,TRUE
読売ジャイアンツ,2,吉川 尚輝,1995.02.08,177,82,右,左,,内野手,支配下,2026/4/7,2,
読売ジャイアンツ,5,門脇 誠,2001.01.24,172,75,右,左,,内野手,支配下,2026/4/7,5,TRUE
読売ジャイアンツ,6,坂本 勇人,1988.12.14,186,86,右,右,,内野手,支配下,2026/4/7,6,TRUE
読売ジャイアンツ,23,石塚 裕惺,2006.04.06,182,94,右,右,,内野手,支配下,2026/4/7,23,
読売ジャイアンツ,29,ダルベック,1995.06.29,191,102,右,右,,内野手,支配下,2026/4/7,29,TRUE
読売ジャイアンツ,32,浦田 俊輔,2002.08.30,171,67,右,左,,内野手,支配下,2026/4/7,32,TRUE
読売ジャイアンツ,33,小濱 佑斗,2001.10.05,180,86,右,右,,内野手,支配下,2026/4/7,33,TRUE
読売ジャイアンツ,35,泉口 友汰,1999.05.17,178,84,右,左,,内野手,支配下,2026/4/7,35,TRUE
読売ジャイアンツ,52,リチャード,1999.06.18,189,120,右,右,,内野手,支配下,2026/4/7,52,
読売ジャイアンツ,60,荒巻 悠,2002.12.23,184,100,右,左,,内野手,支配下,2026/4/7,60,
読売ジャイアンツ,61,増田 陸,2000.06.17,179,92,右,右,,内野手,支配下,2026/4/7,61,
読売ジャイアンツ,68,宇都宮 葵星,2004.06.23,175,70,右,左,3/24 育成選手から支配下選手へ移行,内野手,支配下,2026/4/7,68,
読売ジャイアンツ,69,平山 功太,2004.03.16,185,82,右,右,4/6 育成選手から支配下選手へ移行,内野手,支配下,2026/4/7,69,
読売ジャイアンツ,99,藤井 健翔,2007.08.15,181,96,右,右,,内野手,支配下,2026/4/7,99,
読売ジャイアンツ,8,丸 佳浩,1989.04.11,177,94,右,左,,外野手,支配下,2026/4/7,8,TRUE
読売ジャイアンツ,9,松本 剛,1993.08.11,180,83,右,右,,外野手,支配下,2026/4/7,9,TRUE
読売ジャイアンツ,12,萩尾 匡也,2000.12.28,180,85,右,右,,外野手,支配下,2026/4/7,12,
読売ジャイアンツ,13,キャベッジ,1997.05.03,188,92,右,左,,外野手,支配下,2026/4/7,13,TRUE
読売ジャイアンツ,38,岡田 悠希,2000.01.19,184,86,右,左,,外野手,支配下,2026/4/7,38,
読売ジャイアンツ,39,皆川 岳飛,2003.04.30,182,88,右,左,,外野手,支配下,2026/4/7,39,
読売ジャイアンツ,40,中山 礼都,2002.04.12,182,90,右,左,,外野手,支配下,2026/4/7,40,TRUE
読売ジャイアンツ,44,佐々木 俊輔,1999.11.06,174,80,右,左,,外野手,支配下,2026/4/7,44,
読売ジャイアンツ,50,ティマ,2004.09.25,194,106,右,右,5/25 育成選手から支配下選手へ移行,外野手,支配下,2026/4/7,50,
読売ジャイアンツ,51,浅野 翔吾,2004.11.24,172,89,右,右,,外野手,支配下,2026/4/7,51,TRUE
読売ジャイアンツ,59,若林 楽人,1998.04.13,178,83,右,右,,外野手,支配下,2026/4/7,59,
読売ジャイアンツ,95,笹原 操希,2004.02.09,180,86,右,右,6/25 育成選手から支配下選手へ移行,外野手,支配下,2026/4/7,95,
読売ジャイアンツ,96,三塚 琉生,2004.05.10,182,93,左,左,,外野手,支配下,2026/4/7,96,
読売ジャイアンツ,11,冨重 英二郎,2001.06.01,178,82,左,左,,投手,育成,2026/4/7,011,
読売ジャイアンツ,12,林 燦,2003.04.22,183,85,右,右,,投手,育成,2026/4/7,012,
読売ジャイアンツ,14,堀江 正太郎,2006.10.08,187,96,右,右,,投手,育成,2026/4/7,014,
読売ジャイアンツ,15,鈴木 圭晋,2006.07.09,183,89,右,左,,投手,育成,2026/4/7,015,
読売ジャイアンツ,16,千葉 隆広,2005.05.15,174,85,左,左,,投手,育成,2026/4/7,016,
読売ジャイアンツ,18,木下 幹也,2002.05.01,186,100,右,右,,投手,育成,2026/4/7,018,
読売ジャイアンツ,19,園田 純規,2005.07.07,184,80,右,右,,投手,育成,2026/4/7,019,
読売ジャイアンツ,21,松井 颯,2000.09.14,180,85,右,右,,投手,育成,2026/4/7,021,
読売ジャイアンツ,23,田村 朋輝,2004.04.06,184,88,右,右,,投手,育成,2026/4/7,023,
読売ジャイアンツ,26,吉村 優聖歩,2004.12.08,181,84,左,左,,投手,育成,2026/4/7,026,
読売ジャイアンツ,28,富田 龍,1999.11.11,179,85,左,左,,投手,育成,2026/4/7,028,
読売ジャイアンツ,29,西川 歩,2006.11.15,169,78,左,左,,投手,育成,2026/4/7,029,
読売ジャイアンツ,30,吹田 志道,2007.02.21,189,92,右,右,,投手,育成,2026/4/7,030,
読売ジャイアンツ,34,森本 哲星,2004.09.03,176,79,左,左,,投手,育成,2026/4/7,034,
読売ジャイアンツ,41,黄 錦豪,2005.12.04,184,77,左,左,,投手,育成,2026/4/7,041,
読売ジャイアンツ,42,グズマン,2006.12.30,189,90,左,左,,投手,育成,2026/4/7,042,
読売ジャイアンツ,47,河野 優作,2003.07.03,180,90,左,左,,投手,育成,2026/4/7,047,
読売ジャイアンツ,50,板東 湧梧,1995.12.27,182,78,右,右,,投手,育成,2026/4/7,050,
読売ジャイアンツ,63,花田 侑樹,2003.06.25,181,78,右,左,,投手,育成,2026/4/7,063,
読売ジャイアンツ,68,代木 大和,2003.09.08,184,100,左,左,3/31 ハヤテへ派遣（3/31～6/24）,投手,育成,2026/4/7,068,
読売ジャイアンツ,77,石田 隼都,2003.04.05,183,92,左,左,,投手,育成,2026/4/7,077,
読売ジャイアンツ,90,石田 充冴,2006.07.21,192,90,右,右,,投手,育成,2026/4/7,090,
読売ジャイアンツ,99,京本 眞,2004.02.06,190,91,右,右,,投手,育成,2026/4/7,099,
読売ジャイアンツ,6,松井 蓮太朗,2007.08.03,176,79,右,左,,捕手,育成,2026/4/7,006,
読売ジャイアンツ,20,喜多 隆介,1998.08.25,179,93,右,右,,捕手,育成,2026/4/7,020,
読売ジャイアンツ,22,亀田 啓太,1999.04.09,185,97,右,右,,捕手,育成,2026/4/7,022,
読売ジャイアンツ,24,坂本 達也,2002.08.31,173,76,右,右,,捕手,育成,2026/4/7,024,
読売ジャイアンツ,2,中田 歩夢,2004.06.27,172,77,右,右,,内野手,育成,2026/4/7,002,
読売ジャイアンツ,4,村山 源,2005.06.27,180,73,右,右,,内野手,育成,2026/4/7,004,
読売ジャイアンツ,5,田上 優弥,2005.06.08,180,90,右,右,,内野手,育成,2026/4/7,005,
読売ジャイアンツ,25,竹下 徠空,2006.11.12,183,115,右,右,,内野手,育成,2026/4/7,025,
読売ジャイアンツ,27,北村 流音,2005.02.20,174,78,右,右,,内野手,育成,2026/4/7,027,
読売ジャイアンツ,67,川原田 純平,2002.05.21,168,70,右,右,,内野手,育成,2026/4/7,067,
読売ジャイアンツ,1,鈴木 大和,1999.04.27,173,73,右,右,,外野手,育成,2026/4/7,001,
読売ジャイアンツ,3,知念 大成,2000.04.27,181,85,左,左,,外野手,育成,2026/4/7,003,
読売ジャイアンツ,8,相澤 白虎,2004.05.28,178,84,右,右,,外野手,育成,2026/4/7,008,
読売ジャイアンツ,49,フェリス,2002.09.07,200,127,左,左,,外野手,育成,2026/4/7,049,
阪神タイガース,13,岩崎 優,1991.06.19,185,92,左,左,,投手,支配下,2026/4/7,13,TRUE
阪神タイガース,14,岩貞 祐太,1991.09.05,183,86,左,左,,投手,支配下,2026/4/7,14,
阪神タイガース,16,西 勇輝,1990.11.10,181,83,右,右,,投手,支配下,2026/4/7,16,
阪神タイガース,18,伊原 陵人,2000.08.07,170,75,左,左,,投手,支配下,2026/4/7,18,
阪神タイガース,19,下村 海翔,2002.03.27,174,70,右,右,,投手,支配下,2026/4/7,19,
阪神タイガース,21,大竹 耕太郎,1995.06.29,184,87,左,左,,投手,支配下,2026/4/7,21,TRUE
阪神タイガース,26,椎葉 剛,2002.03.18,183,92,右,右,,投手,支配下,2026/4/7,26,
阪神タイガース,27,伊藤 将司,1996.05.08,179,83,左,左,,投手,支配下,2026/4/7,27,TRUE
阪神タイガース,28,今朝丸 裕喜,2006.06.02,188,75,右,右,,投手,支配下,2026/4/7,28,TRUE
阪神タイガース,29,髙橋 遥人,1995.11.07,181,82,左,左,,投手,支配下,2026/4/7,29,TRUE
阪神タイガース,30,門別 啓人,2004.07.10,183,86,左,左,,投手,支配下,2026/4/7,30,
阪神タイガース,35,才木 浩人,1998.11.07,189,90,右,右,,投手,支配下,2026/4/7,35,TRUE
阪神タイガース,36,畠 世周,1994.05.31,186,94,右,左,,投手,支配下,2026/4/7,36,
阪神タイガース,37,及川 雅貴,2001.04.18,184,86,左,左,,投手,支配下,2026/4/7,37,TRUE
阪神タイガース,41,村上 頌樹,1998.06.25,175,84,右,左,,投手,支配下,2026/4/7,41,TRUE
阪神タイガース,42,ルーカス,1996.09.23,191,94,左,左,,投手,支配下,2026/4/7,42,
阪神タイガース,44,早瀬 朔,2007.08.30,185,79,右,左,,投手,支配下,2026/4/7,44,
阪神タイガース,46,ラグズデール,1998.05.25,203,106,右,右,,投手,支配下,2026/4/7,46,
阪神タイガース,47,桐敷 拓馬,1999.06.20,179,92,左,左,,投手,支配下,2026/4/7,47,
阪神タイガース,48,茨木 秀俊,2004.06.08,183,87,右,右,,投手,支配下,2026/4/7,48,
阪神タイガース,49,工藤 泰成,2001.11.19,177,82,右,左,,投手,支配下,2026/4/7,49,TRUE
阪神タイガース,50,富田 蓮,2001.09.06,176,78,左,左,,投手,支配下,2026/4/7,50,
阪神タイガース,51,早川 太貴,1999.12.18,186,93,右,右,,投手,支配下,2026/4/7,51,
阪神タイガース,54,木下 里都,2001.01.27,183,89,右,右,,投手,支配下,2026/4/7,54,TRUE
阪神タイガース,55,能登 嵩都,2001.09.29,184,88,右,右,,投手,支配下,2026/4/7,55,
阪神タイガース,63,石黒 佑弥,2001.06.20,180,86,右,右,,投手,支配下,2026/4/7,63,TRUE
阪神タイガース,64,岡留 英貴,1999.11.07,181,96,右,右,,投手,支配下,2026/4/7,64,
阪神タイガース,65,湯浅 京己,1999.07.17,183,86,右,右,,投手,支配下,2026/4/7,65,
阪神タイガース,66,津田 淳哉,2001.08.27,179,82,右,右,,投手,支配下,2026/4/7,66,TRUE
阪神タイガース,69,石井 大智,1997.07.29,175,79,右,右,,投手,支配下,2026/4/7,69,
阪神タイガース,98,ドリス,1988.01.10,196,106,右,右,,投手,支配下,2026/4/7,98,TRUE
阪神タイガース,99,モレッタ,1996.04.15,188,102,右,右,,投手,支配下,2026/4/7,99,
阪神タイガース,2,梅野 隆太郎,1991.06.17,173,75,右,右,,捕手,支配下,2026/4/7,2,TRUE
阪神タイガース,12,坂本 誠志郎,1993.11.10,176,79,右,右,,捕手,支配下,2026/4/7,12,TRUE
阪神タイガース,17,伏見 寅威,1990.05.12,182,89,右,右,,捕手,支配下,2026/4/7,17,
阪神タイガース,39,榮枝 裕貴,1998.05.16,180,84,右,右,,捕手,支配下,2026/4/7,39,TRUE
阪神タイガース,43,町田 隼乙,2003.04.03,186,86,右,右,,捕手,支配下,2026/4/7,43,
阪神タイガース,57,長坂 拳弥,1994.04.28,173,84,右,右,,捕手,支配下,2026/4/7,57,
阪神タイガース,59,藤田 健斗,2001.10.18,173,78,右,右,,捕手,支配下,2026/4/7,59,
阪神タイガース,68,中川 勇斗,2004.01.27,172,76,右,右,,捕手,支配下,2026/4/7,68,
阪神タイガース,85,嶋村 麟士朗,2003.07.13,177,90,右,左,3/11 育成選手から支配下選手へ移行,捕手,支配下,2026/4/7,85,
阪神タイガース,0,元山 飛優,1998.12.04,181,82,右,左,,内野手,支配下,2026/4/7,0,
阪神タイガース,0,木浪 聖也,1994.06.15,179,81,右,左,,内野手,支配下,2026/4/7,0,TRUE
阪神タイガース,3,大山 悠輔,1994.12.19,181,96,右,右,,内野手,支配下,2026/4/7,3,TRUE
阪神タイガース,4,熊谷 敬宥,1995.11.10,175,69,右,右,,内野手,支配下,2026/4/7,4,TRUE
阪神タイガース,7,中野 拓夢,1996.06.28,172,68,右,左,,内野手,支配下,2026/4/7,7,TRUE
阪神タイガース,8,佐藤 輝明,1999.03.13,187,96,右,左,,内野手,支配下,2026/4/7,8,TRUE
阪神タイガース,9,立石 正広,2003.11.01,180,87,右,右,,内野手,支配下,2026/4/7,9,
阪神タイガース,24,ディベイニー,1997.04.13,185,88,右,右,,内野手,支配下,2026/4/7,24,
阪神タイガース,25,谷端 将伍,2004.03.17,178,80,右,右,,内野手,支配下,2026/4/7,25,
阪神タイガース,33,糸原 健斗,1992.11.11,175,80,右,左,,内野手,支配下,2026/4/7,33,TRUE
阪神タイガース,38,小幡 竜平,2000.09.21,184,78,右,左,,内野手,支配下,2026/4/7,38,TRUE
阪神タイガース,45,佐野 大陽,2002.02.14,178,79,右,右,,内野手,支配下,2026/4/7,45,
阪神タイガース,52,山田 脩也,2005.08.20,177,72,右,右,,内野手,支配下,2026/4/7,52,
阪神タイガース,56,百﨑 蒼生,2005.09.11,179,77,右,右,,内野手,支配下,2026/4/7,56,
阪神タイガース,62,植田 海,1996.04.19,175,69,右,左右,,内野手,支配下,2026/4/7,62,TRUE
阪神タイガース,67,髙寺 望夢,2002.10.17,178,78,右,左,,内野手,支配下,2026/4/7,67,TRUE
阪神タイガース,1,森下 翔太,2000.08.14,182,93,右,右,,外野手,支配下,2026/4/7,1,TRUE
阪神タイガース,5,近本 光司,1994.11.09,171,71,左,左,,外野手,支配下,2026/4/7,5,
阪神タイガース,32,濱田 太貴,2000.09.04,177,81,右,右,,外野手,支配下,2026/4/7,32,TRUE
阪神タイガース,34,岡城 快生,2003.06.23,183,83,右,右,,外野手,支配下,2026/4/7,34,
阪神タイガース,40,井坪 陽生,2005.03.17,177,89,右,右,,外野手,支配下,2026/4/7,40,
阪神タイガース,53,島田 海吏,1996.02.06,176,74,右,左,,外野手,支配下,2026/4/7,53,
阪神タイガース,58,前川 右京,2003.05.18,176,92,左,左,,外野手,支配下,2026/4/7,58,TRUE
阪神タイガース,60,小野寺 暖,1998.03.17,183,81,右,右,,外野手,支配下,2026/4/7,60,TRUE
阪神タイガース,61,豊田 寛,1997.04.28,178,87,右,右,,外野手,支配下,2026/4/7,61,
阪神タイガース,92,福島 圭音,2001.10.06,171,69,右,左,3/30 育成選手から支配下選手へ移行,外野手,支配下,2026/4/7,92,TRUE
阪神タイガース,122,小川 一平,1997.06.03,183,86,右,右,,投手,育成,2026/4/7,122,
阪神タイガース,123,松原 快,1999.08.24,180,93,右,右,,投手,育成,2026/4/7,123,
阪神タイガース,125,伊藤 稜,1999.11.08,178,88,左,左,,投手,育成,2026/4/7,125,
阪神タイガース,127,神宮 僚介,2003.05.27,178,81,右,右,,投手,育成,2026/4/7,127,
阪神タイガース,132,マルティネス,2000.01.10,190,96,右,右,,投手,育成,2026/4/7,132,
阪神タイガース,121,戸井 零士,2005.01.18,181,80,右,右,,内野手,育成,2026/4/7,121,
阪神タイガース,130,川﨑 俊哲,2001.05.02,174,72,右,左,,内野手,育成,2026/4/7,130,
阪神タイガース,133,アルナエス,2002.08.22,176,87,右,右,,内野手,育成,2026/4/7,133,
阪神タイガース,120,西 純矢,2001.09.13,184,99,右,右,,外野手,育成,2026/4/7,120,
阪神タイガース,129,山﨑 照英,2002.12.01,174,67,右,左,,外野手,育成,2026/4/7,129,
阪神タイガース,134,コンスエグラ,2000.09.24,190,93,右,右,,外野手,育成,2026/4/7,134,
横浜DeNAベイスターズ,0,デュプランティエ,1994.07.11,193,103,右,左,,投手,支配下,2026/4/7,0,
横浜DeNAベイスターズ,11,東 克樹,1995.11.29,170,80,左,左,,投手,支配下,2026/4/7,11,TRUE
横浜DeNAベイスターズ,12,竹田 祐,1999.07.05,184,96,右,右,,投手,支配下,2026/4/7,12,
横浜DeNAベイスターズ,13,伊勢 大夢,1998.03.07,183,94,右,右,,投手,支配下,2026/4/7,13,TRUE
横浜DeNAベイスターズ,14,石田 健大,1993.03.01,180,85,左,左,,投手,支配下,2026/4/7,14,
横浜DeNAベイスターズ,15,島田 舜也,2003.04.30,185,95,右,右,,投手,支配下,2026/4/7,15,
横浜DeNAベイスターズ,16,大貫 晋一,1994.02.03,181,76,右,右,,投手,支配下,2026/4/7,16,
横浜DeNAベイスターズ,18,小園 健太,2003.04.09,185,90,右,右,,投手,支配下,2026/4/7,18,
横浜DeNAベイスターズ,19,山﨑 康晃,1992.10.02,179,88,右,右,,投手,支配下,2026/4/7,19,TRUE
横浜DeNAベイスターズ,20,坂本 裕哉,1997.07.28,181,88,左,左,,投手,支配下,2026/4/7,20,
横浜DeNAベイスターズ,22,入江 大生,1998.08.26,187,90,右,右,,投手,支配下,2026/4/7,22,
横浜DeNAベイスターズ,24,吉野 光樹,1998.07.19,176,80,右,右,,投手,支配下,2026/4/7,24,
横浜DeNAベイスターズ,27,藤浪 晋太郎,1994.04.12,197,98,右,右,,投手,支配下,2026/4/7,27,
横浜DeNAベイスターズ,30,篠木 健太郎,2002.05.07,177,80,右,左,,投手,支配下,2026/4/7,30,TRUE
横浜DeNAベイスターズ,33,武田 陸玖,2005.06.06,173,78,左,左,,投手,支配下,2026/4/7,33,
横浜DeNAベイスターズ,35,橋本 達弥,2000.07.18,181,84,右,右,,投手,支配下,2026/4/7,35,
横浜DeNAベイスターズ,36,尾形 崇斗,1999.05.15,182,90,右,左,5/13 ソフトバンクより移籍,投手,支配下,2026/4/7,36,TRUE
横浜DeNAベイスターズ,38,松本 凌人,2001.12.05,185,92,右,右,,投手,支配下,2026/4/7,38,
横浜DeNAベイスターズ,39,若松 尚輝,2000.05.10,184,93,右,右,,投手,支配下,2026/4/7,39,TRUE
横浜DeNAベイスターズ,41,佐々木 千隼,1994.06.08,181,83,右,右,,投手,支配下,2026/4/7,41,
横浜DeNAベイスターズ,42,コックス,1997.03.28,193,106,左,左,6/8 自由契約,投手,支配下,2026/4/7,42,
横浜DeNAベイスターズ,42,ビド,1995.10.18,190,79,右,右,6/16 支配下選手登録,投手,支配下,2026/4/7,42,
横浜DeNAベイスターズ,43,深沢 鳳介,2003.11.05,177,80,右,右,,投手,支配下,2026/4/7,43,
横浜DeNAベイスターズ,45,森原 康平,1991.12.26,185,88,右,左,,投手,支配下,2026/4/7,45,
横浜DeNAベイスターズ,46,坂口 翔颯,2002.09.12,180,84,右,右,,投手,支配下,2026/4/7,46,
横浜DeNAベイスターズ,47,片山 皓心,1998.10.31,175,84,左,左,,投手,支配下,2026/4/7,47,
横浜DeNAベイスターズ,49,ルイーズ,1994.10.21,185,111,右,右,,投手,支配下,2026/4/7,49,TRUE
横浜DeNAベイスターズ,53,中川 颯,1998.10.10,184,80,右,左,,投手,支配下,2026/4/7,53,
横浜DeNAベイスターズ,54,石田 裕太郎,2002.01.22,180,80,右,右,,投手,支配下,2026/4/7,54,TRUE
横浜DeNAベイスターズ,59,平良 拳太郎,1995.07.12,180,80,右,右,,投手,支配下,2026/4/7,59,TRUE
横浜DeNAベイスターズ,62,レイノルズ,1998.04.19,203,113,右,左,,投手,支配下,2026/4/7,62,TRUE
横浜DeNAベイスターズ,64,中川 虎大,1999.10.02,178,85,右,右,,投手,支配下,2026/4/7,64,TRUE
横浜DeNAベイスターズ,65,宮城 滝太,2000.07.15,181,80,右,右,,投手,支配下,2026/4/7,65,TRUE
横浜DeNAベイスターズ,68,岩田 将貴,1998.06.16,178,81,左,左,,投手,支配下,2026/4/7,68,TRUE
横浜DeNAベイスターズ,92,堀岡 隼人,1998.09.11,183,87,右,右,,投手,支配下,2026/4/7,92,
横浜DeNAベイスターズ,93,庄司 陽斗,2001.05.31,184,93,左,左,6/1 育成選手から支配下選手へ移行,投手,支配下,2026/4/7,93,
横浜DeNAベイスターズ,98,マルセリーノ,2002.06.16,191,82,右,右,,投手,支配下,2026/4/7,98,TRUE
横浜DeNAベイスターズ,5,松尾 汐恩,2004.07.06,178,82,右,右,,捕手,支配下,2026/4/7,5,TRUE
横浜DeNAベイスターズ,10,戸柱 恭孝,1990.04.11,179,90,右,左,,捕手,支配下,2026/4/7,10,TRUE
横浜DeNAベイスターズ,32,益子 京右,2000.12.27,176,95,右,右,,捕手,支配下,2026/4/7,32,
横浜DeNAベイスターズ,50,山本 祐大,1998.09.11,180,87,右,右,5/13 ソフトバンクへ移籍,捕手,支配下,2026/4/7,50,
横浜DeNAベイスターズ,57,東妻 純平,2001.07.03,174,83,右,右,,捕手,支配下,2026/4/7,57,
横浜DeNAベイスターズ,60,古市 尊,2002.06.15,176,74,右,右,,捕手,支配下,2026/4/7,60,
横浜DeNAベイスターズ,95,九鬼 隆平,1998.09.05,180,85,右,右,,捕手,支配下,2026/4/7,95,TRUE
横浜DeNAベイスターズ,0,林 琢真,2000.08.24,171,80,右,左,,内野手,支配下,2026/4/7,0,
横浜DeNAベイスターズ,2,牧 秀悟,1998.04.21,178,97,右,右,,内野手,支配下,2026/4/7,2,TRUE
横浜DeNAベイスターズ,3,小田 康一郎,2003.08.15,173,85,右,左,,内野手,支配下,2026/4/7,3,
横浜DeNAベイスターズ,6,森 敬斗,2002.01.28,177,80,右,左,,内野手,支配下,2026/4/7,6,
横浜DeNAベイスターズ,9,京田 陽太,1994.04.20,184,90,右,左,,内野手,支配下,2026/4/7,9,
横浜DeNAベイスターズ,25,筒香 嘉智,1991.11.26,185,97,右,左,,内野手,支配下,2026/4/7,25,TRUE
横浜DeNAベイスターズ,26,三森 大貴,1999.02.21,186,76,右,左,,内野手,支配下,2026/4/7,26,TRUE
横浜DeNAベイスターズ,31,柴田 竜拓,1993.12.16,167,68,右,左,,内野手,支配下,2026/4/7,31,TRUE
横浜DeNAベイスターズ,34,宮下 朝陽,2004.01.26,182,88,右,右,,内野手,支配下,2026/4/7,34,TRUE
横浜DeNAベイスターズ,37,加藤 響,2002.06.15,180,85,右,右,,内野手,支配下,2026/4/7,37,
横浜DeNAベイスターズ,40,井上 朋也,2003.01.28,182,91,右,右,5/13 ソフトバンクより移籍,内野手,支配下,2026/4/7,40,
横浜DeNAベイスターズ,44,石上 泰輝,2001.05.18,172,85,右,左,,内野手,支配下,2026/4/7,44,TRUE
横浜DeNAベイスターズ,48,成瀬 脩人,2001.05.23,175,75,右,右,,内野手,支配下,2026/4/7,48,
横浜DeNAベイスターズ,51,宮﨑 敏郎,1988.12.12,172,85,右,右,,内野手,支配下,2026/4/7,51,TRUE
横浜DeNAベイスターズ,56,田内 真翔,2007.03.06,177,81,右,右,,内野手,支配下,2026/4/7,56,
横浜DeNAベイスターズ,66,ビシエド,1989.03.10,185,108,右,右,5/25 任意引退,内野手,支配下,2026/4/7,66,
横浜DeNAベイスターズ,4,度会 隆輝,2002.10.04,183,83,右,左,,外野手,支配下,2026/4/7,4,TRUE
横浜DeNAベイスターズ,7,佐野 恵太,1994.11.28,178,88,右,左,,外野手,支配下,2026/4/7,7,TRUE
横浜DeNAベイスターズ,8,神里 和毅,1994.01.17,179,86,右,左,,外野手,支配下,2026/4/7,8,TRUE
横浜DeNAベイスターズ,28,勝又 温史,2000.05.22,180,90,右,左,,外野手,支配下,2026/4/7,28,TRUE
横浜DeNAベイスターズ,55,井上 絢登,2000.02.23,178,90,右,左,,外野手,支配下,2026/4/7,55,
横浜DeNAベイスターズ,58,梶原 昂希,1999.09.19,189,90,右,左,,外野手,支配下,2026/4/7,58,TRUE
横浜DeNAベイスターズ,61,蝦名 達夫,1997.09.20,185,93,右,右,,外野手,支配下,2026/4/7,61,TRUE
横浜DeNAベイスターズ,63,関根 大気,1995.06.28,173,78,左,左,,外野手,支配下,2026/4/7,63,
横浜DeNAベイスターズ,67,濱 将乃介,2000.05.03,181,83,右,左,,外野手,支配下,2026/4/7,67,
横浜DeNAベイスターズ,69,エンカーナシオン,1997.10.22,193,113,右,右,6/16 支配下選手登録,外野手,支配下,2026/4/7,69,
横浜DeNAベイスターズ,99,ヒュンメル,1994.11.28,175,89,右,左右,,外野手,支配下,2026/4/7,99,
横浜DeNAベイスターズ,52,浜地 真澄,1998.05.25,185,88,右,右,,投手,育成,2026/4/7,052,
横浜DeNAベイスターズ,102,清水 麻成,2005.10.06,187,84,右,右,,投手,育成,2026/4/7,102,
横浜DeNAベイスターズ,103,金渕 光希,2006.10.01,184,90,左,左,,投手,育成,2026/4/7,103,
横浜DeNAベイスターズ,111,吉岡 暖,2006.08.28,182,88,右,右,,投手,育成,2026/4/7,111,
横浜DeNAベイスターズ,115,馬場 皐輔,1995.05.18,180,97,右,右,,投手,育成,2026/4/7,115,
横浜DeNAベイスターズ,136,森下 瑠大,2004.09.19,180,75,左,左,,投手,育成,2026/4/7,136,
横浜DeNAベイスターズ,140,松本 隆之介,2002.07.31,188,94,左,左,,投手,育成,2026/4/7,140,
横浜DeNAベイスターズ,127,上甲 凌大,2001.01.29,184,90,右,左,,捕手,育成,2026/4/7,127,
横浜DeNAベイスターズ,130,近藤 大雅,2005.09.18,174,87,右,右,,捕手,育成,2026/4/7,130,
横浜DeNAベイスターズ,125,小笠原 蒼,2005.10.20,180,96,右,左,,内野手,育成,2026/4/7,125,
横浜DeNAベイスターズ,129,西巻 賢二,1999.04.22,167,70,右,右,,内野手,育成,2026/4/7,129,
横浜DeNAベイスターズ,131,清水 詩太,2007.09.27,181,75,右,右,,内野手,育成,2026/4/7,131,
横浜DeNAベイスターズ,193,高見澤 郁魅,2006.01.18,183,85,右,左,,内野手,育成,2026/4/7,193,
横浜DeNAベイスターズ,155,小針 大輝,2006.10.10,192,88,左,左,,外野手,育成,2026/4/7,155,
広島東洋カープ,11,齊藤 汰直,2003.12.07,183,90,右,右,,投手,支配下,2026/4/7,11,
広島東洋カープ,13,森浦 大輔,1998.06.15,175,78,左,左,,投手,支配下,2026/4/7,13,TRUE
広島東洋カープ,14,大瀬良 大地,1991.06.17,188,94,右,右,,投手,支配下,2026/4/7,14,
広島東洋カープ,16,森 翔平,1998.01.01,177,86,左,左,,投手,支配下,2026/4/7,16,
広島東洋カープ,17,常廣 羽也斗,2001.09.18,180,82,右,右,,投手,支配下,2026/4/7,17,
広島東洋カープ,18,森下 暢仁,1997.08.25,181,81,右,右,,投手,支配下,2026/4/7,18,TRUE
広島東洋カープ,19,床田 寛樹,1995.03.01,181,94,左,左,,投手,支配下,2026/4/7,19,TRUE
広島東洋カープ,20,栗林 良吏,1996.07.09,177,88,右,右,,投手,支配下,2026/4/7,20,
広島東洋カープ,21,中﨑 翔太,1992.08.10,187,101,右,右,,投手,支配下,2026/4/7,21,TRUE
広島東洋カープ,22,髙 太一,2001.07.26,179,89,左,左,,投手,支配下,2026/4/7,22,TRUE
広島東洋カープ,24,黒原 拓未,1999.11.29,173,83,左,左,,投手,支配下,2026/4/7,24,TRUE
広島東洋カープ,26,益田 武尚,1998.10.06,174,86,右,右,,投手,支配下,2026/4/7,26,
広島東洋カープ,28,佐藤 柳之介,2002.11.01,179,88,左,左,,投手,支配下,2026/4/7,28,
広島東洋カープ,29,ケムナ 誠,1995.06.05,190,98,右,右,,投手,支配下,2026/4/7,29,
広島東洋カープ,30,滝田 一希,2001.12.28,183,89,左,左,,投手,支配下,2026/4/7,30,
広島東洋カープ,34,高橋 昂也,1998.09.27,182,91,左,左,,投手,支配下,2026/4/7,34,
広島東洋カープ,35,工藤 泰己,2003.09.29,175,87,右,右,,投手,支配下,2026/4/7,35,
広島東洋カープ,36,塹江 敦哉,1997.02.21,178,89,左,左,,投手,支配下,2026/4/7,36,
広島東洋カープ,38,赤木 晴哉,2003.10.05,191,86,右,右,,投手,支配下,2026/4/7,38,
広島東洋カープ,39,長谷部 銀次,1998.07.29,184,90,左,左,,投手,支配下,2026/4/7,39,
広島東洋カープ,41,鈴木 健矢,1997.12.11,176,80,右,左,,投手,支配下,2026/4/7,41,TRUE
広島東洋カープ,42,ターノック,1998.11.24,193,105,右,右,,投手,支配下,2026/4/7,42,TRUE
広島東洋カープ,43,島内 颯太郎,1996.10.14,180,84,右,右,,投手,支配下,2026/4/7,43,
広島東洋カープ,45,松本 竜也,1999.09.18,178,100,右,右,,投手,支配下,2026/4/7,45,
広島東洋カープ,46,髙木 快大,2004.03.19,180,80,右,右,,投手,支配下,2026/4/7,46,
広島東洋カープ,47,斉藤 優汰,2004.05.27,189,99,右,左,,投手,支配下,2026/4/7,47,
広島東洋カープ,48,アドゥワ 誠,1998.10.02,196,80,右,右,,投手,支配下,2026/4/7,48,
広島東洋カープ,53,岡本 駿,2002.06.12,186,89,右,左,,投手,支配下,2026/4/7,53,TRUE
広島東洋カープ,65,玉村 昇悟,2001.04.16,179,89,左,左,,投手,支配下,2026/4/7,65,TRUE
広島東洋カープ,66,遠藤 淳志,1999.04.08,186,90,右,右,,投手,支配下,2026/4/7,66,TRUE
広島東洋カープ,67,菊地 ハルン,2007.01.21,200,117,右,右,,投手,支配下,2026/4/7,67,
広島東洋カープ,68,ハーン,1994.08.30,198,118,左,左,,投手,支配下,2026/4/7,68,TRUE
広島東洋カープ,70,日髙 暖己,2004.09.16,183,75,右,左,,投手,支配下,2026/4/7,70,
広島東洋カープ,98,辻 大雅,2004.08.29,182,88,左,左,,投手,支配下,2026/4/7,98,TRUE
広島東洋カープ,27,會澤 翼,1988.04.13,175,95,右,右,,捕手,支配下,2026/4/7,27,
広島東洋カープ,31,坂倉 将吾,1998.05.29,177,91,右,左,,捕手,支配下,2026/4/7,31,TRUE
広島東洋カープ,32,石原 貴規,1998.02.03,173,88,右,右,,捕手,支配下,2026/4/7,32,TRUE
広島東洋カープ,57,持丸 泰輝,2001.10.26,177,91,右,左,,捕手,支配下,2026/4/7,57,TRUE
広島東洋カープ,62,清水 叶人,2004.07.06,176,92,右,左,,捕手,支配下,2026/4/7,62,
広島東洋カープ,64,髙木 翔斗,2003.08.12,188,93,右,右,,捕手,支配下,2026/4/7,64,
広島東洋カープ,0,羽月 隆太郎,2000.04.19,168,70,右,左,2/25 自由契約,内野手,支配下,2026/4/7,0,
広島東洋カープ,0,勝田 成,2003.06.21,163,70,右,左,,内野手,支配下,2026/4/7,0,TRUE
広島東洋カープ,4,矢野 雅哉,1998.12.16,171,72,右,左,,内野手,支配下,2026/4/7,4,TRUE
広島東洋カープ,5,小園 海斗,2000.06.07,178,92,右,左,,内野手,支配下,2026/4/7,5,TRUE
広島東洋カープ,7,堂林 翔太,1991.08.17,184,94,右,右,,内野手,支配下,2026/4/7,7,
広島東洋カープ,10,佐々木 泰,2002.12.24,178,86,右,右,,内野手,支配下,2026/4/7,10,TRUE
広島東洋カープ,33,菊池 涼介,1990.03.11,171,71,右,右,,内野手,支配下,2026/4/7,33,TRUE
広島東洋カープ,44,林 晃汰,2000.11.16,181,100,右,左,,内野手,支配下,2026/4/7,44,
広島東洋カープ,49,渡邉 悠斗,2002.07.07,182,100,右,右,,内野手,支配下,2026/4/7,49,
広島東洋カープ,54,西川 篤夢,2007.12.28,184,77,右,左,,内野手,支配下,2026/4/7,54,
広島東洋カープ,58,仲田 侑仁,2005.07.31,187,103,右,右,,内野手,支配下,2026/4/7,58,
広島東洋カープ,63,内田 湘大,2004.09.22,183,97,右,右,,内野手,支配下,2026/4/7,63,
広島東洋カープ,69,辰見 鴻之介,2000.11.24,176,67,右,右,,内野手,支配下,2026/4/7,69,
広島東洋カープ,93,前川 誠太,2003.04.04,176,66,右,右,,内野手,支配下,2026/4/7,93,TRUE
広島東洋カープ,94,佐藤 啓介,2001.05.24,182,93,右,左,,内野手,支配下,2026/4/7,94,TRUE
広島東洋カープ,95,モンテロ,1998.08.17,190,106,右,右,,内野手,支配下,2026/4/7,95,TRUE
広島東洋カープ,99,二俣 翔一,2002.10.21,180,78,右,右,,内野手,支配下,2026/4/7,99,TRUE
広島東洋カープ,9,秋山 翔吾,1988.04.16,186,86,右,左,,外野手,支配下,2026/4/7,9,
広島東洋カープ,37,野間 峻祥,1993.01.28,182,87,右,左,,外野手,支配下,2026/4/7,37,TRUE
広島東洋カープ,51,平川 蓮,2004.03.31,187,93,右,左右,,外野手,支配下,2026/4/7,51,
広島東洋カープ,52,末包 昇大,1996.05.27,188,108,右,右,,外野手,支配下,2026/4/7,52,
広島東洋カープ,56,久保 修,2000.09.29,181,83,右,右,,外野手,支配下,2026/4/7,56,
広島東洋カープ,59,大盛 穂,1996.08.31,179,84,右,左,,外野手,支配下,2026/4/7,59,TRUE
広島東洋カープ,60,田村 俊介,2003.08.25,178,95,左,左,,外野手,支配下,2026/4/7,60,
広島東洋カープ,61,ファビアン,1998.03.06,180,92,右,右,,外野手,支配下,2026/4/7,61,TRUE
広島東洋カープ,92,名原 典彦,2000.06.24,182,82,右,右,5/21 育成選手から支配下選手へ移行,外野手,支配下,2026/4/7,92,TRUE
広島東洋カープ,96,中村 奨成,1999.06.06,181,89,右,右,,外野手,支配下,2026/4/7,96,TRUE
広島東洋カープ,97,中村 貴浩,2000.04.09,177,87,右,左,,外野手,支配下,2026/4/7,97,
広島東洋カープ,120,杉田 健,2001.08.28,188,85,右,右,,投手,育成,2026/4/7,120,
広島東洋カープ,123,小船 翼,2006.06.20,198,119,右,右,,投手,育成,2026/4/7,123,
広島東洋カープ,126,竹下 海斗,2006.11.06,180,80,左,左,,投手,育成,2026/4/7,126,
広島東洋カープ,127,河野 佳,2001.08.23,175,87,右,右,,投手,育成,2026/4/7,127,
広島東洋カープ,128,杉原 望来,2005.09.23,175,78,左,左,,投手,育成,2026/4/7,128,
広島東洋カープ,132,アリア,2001.03.20,183,75,左,左,3/14 育成選手登録,投手,育成,2026/4/7,132,
広島東洋カープ,122,安竹 俊喜,2001.04.17,178,82,右,右,,捕手,育成,2026/4/7,122,
広島東洋カープ,124,小林 結太,2004.02.15,177,82,右,左,,捕手,育成,2026/4/7,124,
広島東洋カープ,125,岸本 大希,2002.01.01,168,70,右,左,,内野手,育成,2026/4/7,125,
広島東洋カープ,130,ラミレス,2002.02.01,191,124,右,右,,内野手,育成,2026/4/7,130,
広島東洋カープ,131,ロベルト,2000.10.27,191,105,右,右,,外野手,育成,2026/4/7,131,
中日ドラゴンズ,11,中西 聖輝,2003.12.18,182,92,右,右,,投手,支配下,2026/4/7,11,
中日ドラゴンズ,13,橋本 侑樹,1998.01.08,180,80,左,左,,投手,支配下,2026/4/7,13,TRUE
中日ドラゴンズ,14,草加 勝,2001.11.21,182,77,右,右,,投手,支配下,2026/4/7,14,TRUE
中日ドラゴンズ,16,櫻井 頼之介,2003.07.21,175,68,右,右,,投手,支配下,2026/4/7,16,
中日ドラゴンズ,17,柳 裕也,1994.04.22,180,85,右,右,,投手,支配下,2026/4/7,17,TRUE
中日ドラゴンズ,19,髙橋 宏斗,2002.08.09,186,86,右,右,,投手,支配下,2026/4/7,19,
中日ドラゴンズ,20,涌井 秀章,1986.06.21,185,85,右,右,,投手,支配下,2026/4/7,20,
中日ドラゴンズ,21,金丸 夢斗,2003.02.01,177,78,左,左,,投手,支配下,2026/4/7,21,TRUE
中日ドラゴンズ,22,大野 雄大,1988.09.26,184,85,左,左,,投手,支配下,2026/4/7,22,TRUE
中日ドラゴンズ,26,仲地 礼亜,2001.02.15,177,83,右,右,,投手,支配下,2026/4/7,26,
中日ドラゴンズ,28,アブレウ,1995.09.26,188,94,右,左,1/30 支配下選手登録,投手,支配下,2026/4/7,28,TRUE
中日ドラゴンズ,29,松木平 優太,2003.02.24,180,85,右,右,,投手,支配下,2026/4/7,29,
中日ドラゴンズ,30,根尾 昂,2000.04.19,177,85,右,左,,投手,支配下,2026/4/7,30,
中日ドラゴンズ,32,伊藤 茉央,2000.11.19,176,83,右,左,,投手,支配下,2026/4/7,32,TRUE
中日ドラゴンズ,33,杉浦 稔大,1992.02.25,190,90,右,右,4/14 日本ハムより移籍,投手,支配下,2026/4/7,33,
中日ドラゴンズ,34,福 敬登,1992.06.16,181,98,左,左,,投手,支配下,2026/4/7,34,
中日ドラゴンズ,36,福田 幸之介,2005.08.11,182,88,左,左,,投手,支配下,2026/4/7,36,
中日ドラゴンズ,38,松葉 貴大,1990.08.14,179,82,左,左,,投手,支配下,2026/4/7,38,
中日ドラゴンズ,41,勝野 昌慶,1997.06.12,183,95,右,右,,投手,支配下,2026/4/7,41,
中日ドラゴンズ,46,梅野 雄吾,1999.01.13,177,90,右,右,,投手,支配下,2026/4/7,46,
中日ドラゴンズ,47,吉田 聖弥,2002.05.23,177,81,左,左,,投手,支配下,2026/4/7,47,TRUE
中日ドラゴンズ,50,清水 達也,1999.11.03,185,93,右,右,,投手,支配下,2026/4/7,50,
中日ドラゴンズ,52,篠﨑 国忠,2005.06.12,193,105,右,右,,投手,支配下,2026/4/7,52,TRUE
中日ドラゴンズ,54,藤嶋 健人,1998.05.08,177,90,右,右,,投手,支配下,2026/4/7,54,TRUE
中日ドラゴンズ,59,齋藤 綱記,1996.12.18,182,92,左,左,,投手,支配下,2026/4/7,59,TRUE
中日ドラゴンズ,61,高橋 幸佑,2006.12.31,178,87,左,左,,投手,支配下,2026/4/7,61,
中日ドラゴンズ,64,有馬 惠叶,2006.09.20,191,82,右,右,,投手,支配下,2026/4/7,64,
中日ドラゴンズ,68,牧野 憲伸,1999.09.19,181,91,左,左,3/23 育成選手から支配下選手へ移行,投手,支配下,2026/4/7,68,
中日ドラゴンズ,69,三浦 瑞樹,1999.09.02,174,81,左,右,,投手,支配下,2026/4/7,69,
中日ドラゴンズ,70,近藤 廉,1998.09.22,180,93,左,左,,投手,支配下,2026/4/7,70,
中日ドラゴンズ,90,松山 晋也,2000.06.23,188,92,右,右,,投手,支配下,2026/4/7,90,TRUE
中日ドラゴンズ,91,メヒア,1997.03.03,193,104,右,右,,投手,支配下,2026/4/7,91,
中日ドラゴンズ,93,マラー,1997.10.07,201,118,左,右,,投手,支配下,2026/4/7,93,TRUE
中日ドラゴンズ,9,石伊 雄太,2000.08.18,178,84,右,右,,捕手,支配下,2026/4/7,9,TRUE
中日ドラゴンズ,35,木下 拓哉,1991.12.18,183,95,右,右,,捕手,支配下,2026/4/7,35,
中日ドラゴンズ,39,宇佐見 真吾,1993.06.04,181,95,右,左,,捕手,支配下,2026/4/7,39,
中日ドラゴンズ,43,味谷 大誠,2003.06.14,180,88,右,左,,捕手,支配下,2026/4/7,43,TRUE
中日ドラゴンズ,49,加藤 匠馬,1992.04.29,175,85,右,右,,捕手,支配下,2026/4/7,49,TRUE
中日ドラゴンズ,58,石橋 康太,2000.12.07,181,92,右,右,,捕手,支配下,2026/4/7,58,
中日ドラゴンズ,0,辻本 倫太郎,2001.08.11,168,75,右,右,,内野手,支配下,2026/4/7,0,
中日ドラゴンズ,2,田中 幹也,2000.11.28,166,68,右,右,,内野手,支配下,2026/4/7,2,TRUE
中日ドラゴンズ,3,高橋 周平,1994.01.18,180,90,右,左,,内野手,支配下,2026/4/7,3,TRUE
中日ドラゴンズ,4,カリステ,1992.02.03,184,87,右,右,,内野手,支配下,2026/4/7,4,
中日ドラゴンズ,5,村松 開人,2001.01.06,172,80,右,左,,内野手,支配下,2026/4/7,5,TRUE
中日ドラゴンズ,7,福永 裕基,1996.09.16,180,87,右,右,,内野手,支配下,2026/4/7,7,TRUE
中日ドラゴンズ,23,サノー,1993.05.11,196,126,右,右,1/30 支配下選手登録,内野手,支配下,2026/4/7,23,TRUE
中日ドラゴンズ,25,石川 昂弥,2001.06.22,186,100,右,右,,内野手,支配下,2026/4/7,25,TRUE
中日ドラゴンズ,31,森 駿太,2006.12.25,188,93,右,左,,内野手,支配下,2026/4/7,31,
中日ドラゴンズ,45,土田 龍空,2002.12.30,180,80,右,左,,内野手,支配下,2026/4/7,45,TRUE
中日ドラゴンズ,48,阿部 寿樹,1989.12.03,185,92,右,右,,内野手,支配下,2026/4/7,48,TRUE
中日ドラゴンズ,56,新保 茉良,2003.11.29,183,76,右,左,,内野手,支配下,2026/4/7,56,
中日ドラゴンズ,60,山本 泰寛,1993.10.10,176,76,右,右,,内野手,支配下,2026/4/7,60,TRUE
中日ドラゴンズ,63,板山 祐太郎,1994.03.27,180,88,右,左,,内野手,支配下,2026/4/7,63,TRUE
中日ドラゴンズ,65,知野 直人,1999.02.16,182,85,右,右,,内野手,支配下,2026/4/7,65,
中日ドラゴンズ,95,ロドリゲス,2002.03.31,189,90,右,右,,内野手,支配下,2026/4/7,95,
中日ドラゴンズ,97,樋口 正修,1998.11.17,177,76,右,左,,内野手,支配下,2026/4/7,97,
中日ドラゴンズ,0,尾田 剛樹,2000.08.03,175,77,左,左,,外野手,支配下,2026/4/7,0,TRUE
中日ドラゴンズ,1,岡林 勇希,2002.02.22,175,75,右,左,,外野手,支配下,2026/4/7,1,TRUE
中日ドラゴンズ,8,大島 洋平,1985.11.09,176,75,左,左,,外野手,支配下,2026/4/7,8,
中日ドラゴンズ,24,ボスラー,1993.09.06,186,98,右,左,,外野手,支配下,2026/4/7,24,
中日ドラゴンズ,42,ブライト 健太,1999.05.07,184,92,右,右,,外野手,支配下,2026/4/7,42,
中日ドラゴンズ,44,川越 誠司,1993.06.30,174,80,左,左,,外野手,支配下,2026/4/7,44,
中日ドラゴンズ,51,上林 誠知,1995.08.01,185,90,右,左,,外野手,支配下,2026/4/7,51,
中日ドラゴンズ,55,細川 成也,1998.08.04,179,98,右,右,,外野手,支配下,2026/4/7,55,TRUE
中日ドラゴンズ,57,花田 旭,2003.04.23,187,87,右,右,,外野手,支配下,2026/4/7,57,
中日ドラゴンズ,66,鵜飼 航丞,1999.05.30,183,100,右,右,,外野手,支配下,2026/4/7,66,TRUE
中日ドラゴンズ,67,能戸 輝夢,2007.05.15,184,82,右,左,,外野手,支配下,2026/4/7,67,
中日ドラゴンズ,203,井上 剣也,2006.12.20,178,82,右,右,,投手,育成,2026/4/7,203,
中日ドラゴンズ,204,森 博人,1998.05.25,177,87,右,右,,投手,育成,2026/4/7,204,
中日ドラゴンズ,205,土生 翔太,2001.03.10,180,93,右,右,,投手,育成,2026/4/7,205,
中日ドラゴンズ,211,梅津 晃大,1996.10.24,189,100,右,右,,投手,育成,2026/4/7,211,
中日ドラゴンズ,213,森山 暁生,2005.01.11,183,90,左,左,,投手,育成,2026/4/7,213,
中日ドラゴンズ,219,マルティネス,2003.09.28,177,72,左,左,,投手,育成,2026/4/7,219,
中日ドラゴンズ,206,山浅 龍之介,2004.04.21,175,85,右,左,,捕手,育成,2026/4/7,206,
中日ドラゴンズ,215,日渡 騰輝,2004.09.20,174,90,右,左,,捕手,育成,2026/4/7,215,
中日ドラゴンズ,202,中村 奈一輝,2006.08.16,184,76,右,右,,内野手,育成,2026/4/7,202,
中日ドラゴンズ,207,津田 啓史,2002.11.23,181,88,右,右,,内野手,育成,2026/4/7,207,
中日ドラゴンズ,216,石川 大峨,2007.08.01,187,92,右,右,,内野手,育成,2026/4/7,216,
中日ドラゴンズ,218,川上 理偉,2001.03.10,178,85,右,右,,内野手,育成,2026/4/7,218,
中日ドラゴンズ,209,福元 悠真,1999.12.01,180,85,右,右,,外野手,育成,2026/4/7,209,
中日ドラゴンズ,217,三上 愛介,2004.06.14,173,75,右,左,,外野手,育成,2026/4/7,217,
東京ヤクルトスワローズ,11,キハダ,1995.11.09,180,97,左,左,1/30 支配下選手登録,投手,支配下,2026/4/7,11,TRUE
東京ヤクルトスワローズ,12,石山 泰稚,1988.09.01,182,83,右,右,,投手,支配下,2026/4/7,12,
東京ヤクルトスワローズ,15,中村 優斗,2003.02.08,176,86,右,左,,投手,支配下,2026/4/7,15,
東京ヤクルトスワローズ,17,清水 昇,1996.10.15,180,95,右,左,,投手,支配下,2026/4/7,17,TRUE
東京ヤクルトスワローズ,18,奥川 恭伸,2001.04.16,184,82,右,右,,投手,支配下,2026/4/7,18,TRUE
東京ヤクルトスワローズ,19,石川 雅規,1980.01.22,167,73,左,左,,投手,支配下,2026/4/7,19,
東京ヤクルトスワローズ,20,木澤 尚文,1998.04.25,183,90,右,右,,投手,支配下,2026/4/7,20,
東京ヤクルトスワローズ,21,吉村 貢司郎,1998.01.19,183,85,右,右,,投手,支配下,2026/4/7,21,TRUE
東京ヤクルトスワローズ,24,星 知弥,1994.04.15,183,91,右,右,,投手,支配下,2026/4/7,24,TRUE
東京ヤクルトスワローズ,26,山野 太一,1999.03.24,173,81,左,左,,投手,支配下,2026/4/7,26,TRUE
東京ヤクルトスワローズ,28,松本 健吾,1999.04.14,180,83,右,右,,投手,支配下,2026/4/7,28,TRUE
東京ヤクルトスワローズ,29,小川 泰弘,1990.05.16,172,82,右,右,,投手,支配下,2026/4/7,29,
東京ヤクルトスワローズ,30,荘司 宏太,2000.05.22,172,90,左,左,,投手,支配下,2026/4/7,30,
東京ヤクルトスワローズ,33,山崎 太陽,2003.07.06,193,87,右,右,,投手,支配下,2026/4/7,33,
東京ヤクルトスワローズ,34,田口 麗斗,1995.09.14,171,79,左,左,,投手,支配下,2026/4/7,34,
東京ヤクルトスワローズ,35,石原 勇輝,2001.08.30,180,87,左,左,,投手,支配下,2026/4/7,35,
東京ヤクルトスワローズ,40,高梨 裕稔,1991.06.05,188,94,右,右,,投手,支配下,2026/4/7,40,
東京ヤクルトスワローズ,41,拓也,1994.12.31,176,99,右,右,,投手,支配下,2026/4/7,41,
東京ヤクルトスワローズ,43,増居 翔太,2000.05.25,173,74,左,左,,投手,支配下,2026/4/7,43,
東京ヤクルトスワローズ,44,大西 広樹,1997.11.08,175,92,右,右,,投手,支配下,2026/4/7,44,
東京ヤクルトスワローズ,45,小澤 怜史,1998.03.09,182,87,右,左,,投手,支配下,2026/4/7,45,TRUE
東京ヤクルトスワローズ,46,大道 温貴,1999.01.20,180,91,右,右,,投手,支配下,2026/4/7,46,
東京ヤクルトスワローズ,47,高橋 奎二,1997.05.14,180,83,左,左,,投手,支配下,2026/4/7,47,TRUE
東京ヤクルトスワローズ,49,鈴木 蓮吾,2007.08.18,177,70,左,左,,投手,支配下,2026/4/7,49,
東京ヤクルトスワローズ,53,長谷川 宙輝,1998.08.23,176,86,左,左,,投手,支配下,2026/4/7,53,
東京ヤクルトスワローズ,56,坂本 拓己,2004.07.06,180,85,左,左,,投手,支配下,2026/4/7,56,
東京ヤクルトスワローズ,58,ウォルターズ,1997.05.18,195,102,右,右,,投手,支配下,2026/4/7,58,
東京ヤクルトスワローズ,61,飯田 琉斗,1999.06.24,187,100,右,右,,投手,支配下,2026/4/7,61,TRUE
東京ヤクルトスワローズ,62,リランソ,1995.03.07,188,112,右,右,,投手,支配下,2026/4/7,62,TRUE
東京ヤクルトスワローズ,66,阪口 皓亮,1999.08.15,188,90,右,左,,投手,支配下,2026/4/7,66,TRUE
東京ヤクルトスワローズ,68,丸山 翔大,1998.08.22,194,90,右,左,,投手,支配下,2026/4/7,68,TRUE
東京ヤクルトスワローズ,69,下川 隼佑,2000.03.22,176,88,右,右,,投手,支配下,2026/4/7,69,
東京ヤクルトスワローズ,70,廣澤 優,2001.04.27,193,102,右,右,3/24 育成選手から支配下選手へ移行,投手,支配下,2026/4/7,70,TRUE
東京ヤクルトスワローズ,71,沼田 翔平,2000.06.24,175,80,右,右,,投手,支配下,2026/4/7,71,
東京ヤクルトスワローズ,99,青柳 晃洋,1993.12.11,183,83,右,右,,投手,支配下,2026/4/7,99,
東京ヤクルトスワローズ,2,古賀 優大,1998.08.07,177,83,右,右,,捕手,支配下,2026/4/7,2,TRUE
東京ヤクルトスワローズ,27,中村 悠平,1990.06.17,176,79,右,右,,捕手,支配下,2026/4/7,27,TRUE
東京ヤクルトスワローズ,32,松本 直樹,1993.10.17,177,82,右,右,,捕手,支配下,2026/4/7,32,TRUE
東京ヤクルトスワローズ,48,柿沼 友哉,1993.05.12,180,86,右,右,,捕手,支配下,2026/4/7,48,
東京ヤクルトスワローズ,52,橋本 星哉,2000.09.18,178,85,右,左,,捕手,支配下,2026/4/7,52,
東京ヤクルトスワローズ,57,矢野 泰二郎,2002.05.22,178,82,右,右,,捕手,支配下,2026/4/7,57,
東京ヤクルトスワローズ,65,鈴木 叶,2006.03.21,181,81,右,右,,捕手,支配下,2026/4/7,65,
東京ヤクルトスワローズ,0,赤羽 由紘,2000.06.29,176,83,右,右,,内野手,支配下,2026/4/7,0,TRUE
東京ヤクルトスワローズ,1,山田 哲人,1992.07.16,181,81,右,右,,内野手,支配下,2026/4/7,1,
東京ヤクルトスワローズ,3,内山 壮真,2002.06.30,172,76,右,右,,内野手,支配下,2026/4/7,3,
東京ヤクルトスワローズ,6,松下 歩叶,2003.04.14,181,87,右,右,,内野手,支配下,2026/4/7,6,TRUE
東京ヤクルトスワローズ,7,長岡 秀樹,2001.09.26,175,82,右,左,,内野手,支配下,2026/4/7,7,TRUE
東京ヤクルトスワローズ,8,茂木 栄五郎,1994.02.14,173,78,右,左,,内野手,支配下,2026/4/7,8,
東京ヤクルトスワローズ,10,宮本 丈,1995.04.03,181,82,右,左,,内野手,支配下,2026/4/7,10,
東京ヤクルトスワローズ,13,オスナ,1992.12.12,188,106,右,右,,内野手,支配下,2026/4/7,13,TRUE
東京ヤクルトスワローズ,37,山野辺 翔,1994.05.24,170,74,右,右,,内野手,支配下,2026/4/7,37,
東京ヤクルトスワローズ,38,石井 巧,2002.03.02,180,81,右,右,,内野手,支配下,2026/4/7,38,TRUE
東京ヤクルトスワローズ,39,松川 玲央,2004.03.26,183,81,右,左,,内野手,支配下,2026/4/7,39,
東京ヤクルトスワローズ,50,北村 恵吾,2000.12.18,182,90,右,右,,内野手,支配下,2026/4/7,50,
東京ヤクルトスワローズ,54,田中 陽翔,2006.06.25,183,88,右,左,,内野手,支配下,2026/4/7,54,
東京ヤクルトスワローズ,60,武岡 龍世,2001.05.28,179,77,右,左,,内野手,支配下,2026/4/7,60,TRUE
東京ヤクルトスワローズ,67,伊藤 琉偉,2002.09.11,180,78,右,右,,内野手,支配下,2026/4/7,67,TRUE
東京ヤクルトスワローズ,98,セデーニョ,1998.08.22,194,118,右,右,6/17 支配下選手登録,内野手,支配下,2026/4/7,98,
東京ヤクルトスワローズ,0,並木 秀尊,1999.03.23,170,72,右,右,,外野手,支配下,2026/4/7,0,
東京ヤクルトスワローズ,4,丸山 和郁,1999.07.18,174,80,左,左,,外野手,支配下,2026/4/7,4,
東京ヤクルトスワローズ,9,塩見 泰隆,1993.06.12,180,81,右,右,,外野手,支配下,2026/4/7,9,TRUE
東京ヤクルトスワローズ,25,サンタナ,1992.08.05,195,104,右,右,,外野手,支配下,2026/4/7,25,TRUE
東京ヤクルトスワローズ,31,モイセエフ ニキータ,2006.11.29,182,87,左,左,,外野手,支配下,2026/4/7,31,
東京ヤクルトスワローズ,36,西村 瑠伊斗,2004.07.01,178,80,右,左,,外野手,支配下,2026/4/7,36,
東京ヤクルトスワローズ,42,澤井 廉,2000.05.31,180,94,左,左,,外野手,支配下,2026/4/7,42,
東京ヤクルトスワローズ,63,増田 珠,1999.05.21,179,93,右,右,,外野手,支配下,2026/4/7,63,TRUE
東京ヤクルトスワローズ,64,岩田 幸宏,1997.07.31,175,79,左,左,,外野手,支配下,2026/4/7,64,TRUE
東京ヤクルトスワローズ,90,モンテル,2000.03.18,187,88,右,右,5/22 育成選手から支配下選手へ移行,外野手,支配下,2026/4/7,90,TRUE
東京ヤクルトスワローズ,13,竹山 日向,2003.11.02,182,86,右,右,,投手,育成,2026/4/7,013,
東京ヤクルトスワローズ,14,西舘 昂汰,2001.06.09,189,94,右,右,,投手,育成,2026/4/7,014,
東京ヤクルトスワローズ,15,小宮 悠瞳,2007.06.08,180,70,左,左,,投手,育成,2026/4/7,015,
東京ヤクルトスワローズ,16,西濱 勇星,2002.11.23,181,80,右,左,,投手,育成,2026/4/7,016,
東京ヤクルトスワローズ,17,翔聖,2005.12.17,188,81,右,右,,投手,育成,2026/4/7,017,
東京ヤクルトスワローズ,19,佐藤 琢磨,2000.03.18,184,86,左,左,,投手,育成,2026/4/7,019,
東京ヤクルトスワローズ,22,松本 龍之介,2005.03.01,176,81,右,右,,捕手,育成,2026/4/7,022,
東京ヤクルトスワローズ,27,中川 拓真,2002.07.17,180,88,右,右,,捕手,育成,2026/4/7,027,
東京ヤクルトスワローズ,23,澤野 聖悠,2002.03.09,186,94,右,左,,内野手,育成,2026/4/7,023,
東京ヤクルトスワローズ,25,根岸 辰昇,2000.09.20,180,95,左,左,,内野手,育成,2026/4/7,025,
東京ヤクルトスワローズ,26,髙野 颯太,2005.07.28,176,90,右,右,,内野手,育成,2026/4/7,026,
福岡ソフトバンクホークス,2,スチュワート・ジュニア,1999.11.02,198,101,右,右,,投手,支配下,2026/4/7,2,TRUE
福岡ソフトバンクホークス,10,上沢 直之,1994.02.06,188,89,右,右,,投手,支配下,2026/4/7,10,TRUE
福岡ソフトバンクホークス,11,津森 宥紀,1998.01.21,176,86,右,右,,投手,支配下,2026/4/7,11,TRUE
福岡ソフトバンクホークス,13,稲川 竜汰,2004.02.25,184,90,右,右,,投手,支配下,2026/4/7,13,
福岡ソフトバンクホークス,16,東浜 巨,1990.06.20,182,81,右,右,,投手,支配下,2026/4/7,16,
福岡ソフトバンクホークス,18,徐 若熙,2000.11.01,180,76,右,右,,投手,支配下,2026/4/7,18,
福岡ソフトバンクホークス,19,大津 亮介,1999.01.13,175,67,右,左,,投手,支配下,2026/4/7,19,TRUE
福岡ソフトバンクホークス,20,村上 泰斗,2007.02.20,179,76,右,左右,,投手,支配下,2026/4/7,20,
福岡ソフトバンクホークス,22,藤原 大翔,2005.12.26,177,73,右,右,5/8 育成選手から支配下選手へ移行,投手,支配下,2026/4/7,22,
福岡ソフトバンクホークス,26,鈴木 豪太,2003.08.31,175,86,右,右,,投手,支配下,2026/4/7,26,TRUE
福岡ソフトバンクホークス,27,岩井 俊介,2001.07.30,181,93,右,右,,投手,支配下,2026/4/7,27,TRUE
福岡ソフトバンクホークス,28,安德 駿,2002.05.18,177,83,右,右,,投手,支配下,2026/4/7,28,
福岡ソフトバンクホークス,29,大江 竜聖,1999.01.15,173,79,左,左,,投手,支配下,2026/4/7,29,
福岡ソフトバンクホークス,30,中村 稔弥,1996.07.08,178,84,左,左,,投手,支配下,2026/4/7,30,TRUE
福岡ソフトバンクホークス,34,アルメンタ,2004.06.26,185,79,左,左,5/25 育成選手から支配下選手へ移行,投手,支配下,2026/4/7,34,
福岡ソフトバンクホークス,35,モイネロ,1995.12.08,178,69,左,左,,投手,支配下,2026/4/7,35,
福岡ソフトバンクホークス,39,尾形 崇斗,1999.05.15,182,90,右,左,5/13 DeNAへ移籍,投手,支配下,2026/4/7,39,
福岡ソフトバンクホークス,40,杉山 一樹,1997.12.07,192,106,右,右,,投手,支配下,2026/4/7,40,TRUE
福岡ソフトバンクホークス,41,前田 悠伍,2005.08.04,180,86,左,左,,投手,支配下,2026/4/7,41,TRUE
福岡ソフトバンクホークス,42,伊藤 優輔,1997.01.14,179,78,右,右,,投手,支配下,2026/4/7,42,TRUE
福岡ソフトバンクホークス,47,大関 友久,1997.12.14,185,84,左,左,,投手,支配下,2026/4/7,47,
福岡ソフトバンクホークス,48,藤井 皓哉,1996.07.29,183,87,右,左,,投手,支配下,2026/4/7,48,
福岡ソフトバンクホークス,49,松本 晴,2001.02.24,181,90,左,左,,投手,支配下,2026/4/7,49,
福岡ソフトバンクホークス,50,相良 雅斗,2003.09.24,182,73,右,右,,投手,支配下,2026/4/7,50,
福岡ソフトバンクホークス,51,前田 純,2000.06.04,189,96,左,左,,投手,支配下,2026/4/7,51,
福岡ソフトバンクホークス,53,大山 凌,2002.03.27,179,82,右,右,,投手,支配下,2026/4/7,53,
福岡ソフトバンクホークス,54,オスナ,1995.02.07,188,104,右,右,,投手,支配下,2026/4/7,54,TRUE
福岡ソフトバンクホークス,58,木村 大成,2003.09.12,180,83,左,左,,投手,支配下,2026/4/7,58,
福岡ソフトバンクホークス,59,大竹 風雅,1999.08.22,186,90,右,左,4/18 育成選手から支配下選手へ移行,投手,支配下,2026/4/7,59,TRUE
福岡ソフトバンクホークス,60,大野 稼頭央,2004.08.06,176,68,左,左,,投手,支配下,2026/4/7,60,
福岡ソフトバンクホークス,63,ヘルナンデス,1996.12.17,188,115,左,左,,投手,支配下,2026/4/7,63,
福岡ソフトバンクホークス,64,上茶谷 大河,1996.08.31,181,89,右,右,,投手,支配下,2026/4/7,64,TRUE
福岡ソフトバンクホークス,66,松本 裕樹,1996.04.14,182,84,右,左,,投手,支配下,2026/4/7,66,TRUE
福岡ソフトバンクホークス,68,木村 光,2000.07.02,173,77,右,左,,投手,支配下,2026/4/7,68,
福岡ソフトバンクホークス,69,岩崎 峻典,2003.03.11,177,85,右,右,,投手,支配下,2026/4/7,69,
福岡ソフトバンクホークス,0,渡邉 陸,2000.09.24,187,88,右,左,,捕手,支配下,2026/4/7,0,TRUE
福岡ソフトバンクホークス,12,嶺井 博希,1991.06.04,176,87,右,右,,捕手,支配下,2026/4/7,12,
福岡ソフトバンクホークス,39,山本 祐大,1998.09.11,180,87,右,右,5/13 DeNAより移籍,捕手,支配下,2026/4/7,39,
福岡ソフトバンクホークス,45,谷川原 健太,1997.04.16,174,89,右,左,,捕手,支配下,2026/4/7,45,TRUE
福岡ソフトバンクホークス,55,石塚 綜一郎,2001.06.07,182,92,右,右,,捕手,支配下,2026/4/7,55,
福岡ソフトバンクホークス,62,海野 隆司,1997.07.15,174,84,右,右,,捕手,支配下,2026/4/7,62,TRUE
福岡ソフトバンクホークス,65,藤田 悠太郎,2005.06.03,170,78,右,右,,捕手,支配下,2026/4/7,65,
福岡ソフトバンクホークス,0,川瀬 晃,1997.09.15,176,73,右,左,,内野手,支配下,2026/4/7,0,TRUE
福岡ソフトバンクホークス,4,ダウンズ,1998.07.27,178,89,右,右,,内野手,支配下,2026/4/7,4,
福岡ソフトバンクホークス,5,山川 穂高,1991.11.23,176,112,右,右,,内野手,支配下,2026/4/7,5,
福岡ソフトバンクホークス,6,今宮 健太,1991.07.15,172,76,右,右,,内野手,支配下,2026/4/7,6,TRUE
福岡ソフトバンクホークス,7,中村 晃,1989.11.05,175,81,左,左,,内野手,支配下,2026/4/7,7,
福岡ソフトバンクホークス,8,牧原 大成,1992.10.15,172,74,右,左,,内野手,支配下,2026/4/7,8,TRUE
福岡ソフトバンクホークス,24,栗原 陵矢,1996.07.04,178,84,右,左,,内野手,支配下,2026/4/7,24,TRUE
福岡ソフトバンクホークス,25,庄子 雄大,2002.10.02,176,74,右,左,,内野手,支配下,2026/4/7,25,TRUE
福岡ソフトバンクホークス,33,廣瀨 隆太,2001.04.07,181,88,右,右,,内野手,支配下,2026/4/7,33,TRUE
福岡ソフトバンクホークス,36,イヒネ イツア,2004.09.02,186,83,右,左,,内野手,支配下,2026/4/7,36,
福岡ソフトバンクホークス,43,井上 朋也,2003.01.28,182,91,右,右,5/13 DeNAへ移籍,内野手,支配下,2026/4/7,43,
福岡ソフトバンクホークス,46,宇野 真仁朗,2006.07.05,178,85,右,右,,内野手,支配下,2026/4/7,46,
福岡ソフトバンクホークス,52,秋広 優人,2002.09.17,201,107,右,左,,内野手,支配下,2026/4/7,52,
福岡ソフトバンクホークス,56,髙橋 隆慶,2001.12.21,186,93,右,右,,内野手,支配下,2026/4/7,56,
福岡ソフトバンクホークス,67,石見 颯真,2006.06.10,176,75,右,左,,内野手,支配下,2026/4/7,67,
福岡ソフトバンクホークス,99,野村 勇,1996.12.01,174,84,右,右,,内野手,支配下,2026/4/7,99,TRUE
福岡ソフトバンクホークス,3,近藤 健介,1993.08.09,171,87,右,左,,外野手,支配下,2026/4/7,3,TRUE
福岡ソフトバンクホークス,9,柳田 悠岐,1988.10.09,187,91,右,左,,外野手,支配下,2026/4/7,9,TRUE
福岡ソフトバンクホークス,23,周東 佑京,1996.02.10,180,74,右,左,,外野手,支配下,2026/4/7,23,TRUE
福岡ソフトバンクホークス,31,正木 智也,1999.11.05,182,89,右,右,,外野手,支配下,2026/4/7,31,TRUE
福岡ソフトバンクホークス,32,柳町 達,1997.04.20,180,78,右,左,,外野手,支配下,2026/4/7,32,TRUE
福岡ソフトバンクホークス,44,笹川 吉康,2002.05.31,194,96,左,左,,外野手,支配下,2026/4/7,44,
福岡ソフトバンクホークス,57,緒方 理貢,1998.09.22,175,71,右,左,,外野手,支配下,2026/4/7,57,
福岡ソフトバンクホークス,61,川村 友斗,1999.08.13,182,90,右,左,,外野手,支配下,2026/4/7,61,
福岡ソフトバンクホークス,77,山本 恵大,1999.08.06,182,89,右,左,,外野手,支配下,2026/4/7,77,
福岡ソフトバンクホークス,120,長谷川 威展,1999.08.09,178,88,左,左,,投手,育成,2026/4/7,120,
福岡ソフトバンクホークス,126,宮里 優吾,2001.09.27,182,84,右,右,,投手,育成,2026/4/7,126,
福岡ソフトバンクホークス,128,河野 伸一朗,2006.08.20,190,83,左,左,,投手,育成,2026/4/7,128,
福岡ソフトバンクホークス,132,川口 冬弥,1999.10.26,187,87,右,右,,投手,育成,2026/4/7,132,
福岡ソフトバンクホークス,134,村田 賢一,2001.08.31,179,90,右,右,,投手,育成,2026/4/7,134,
福岡ソフトバンクホークス,137,津嘉山 憲志郎,2006.07.24,178,89,右,右,,投手,育成,2026/4/7,137,
福岡ソフトバンクホークス,138,相原 雄太,2002.06.16,192,96,右,右,,投手,育成,2026/4/7,138,
福岡ソフトバンクホークス,139,井﨑 燦志郎,2004.02.09,188,91,右,右,,投手,育成,2026/4/7,139,
福岡ソフトバンクホークス,140,岡田 皓一朗,2002.06.04,186,99,右,右,,投手,育成,2026/4/7,140,
福岡ソフトバンクホークス,141,澤柳 亮太郎,2000.03.08,179,87,右,右,,投手,育成,2026/4/7,141,
福岡ソフトバンクホークス,145,ハモンド,2004.01.17,192,86,右,右,,投手,育成,2026/4/7,145,
福岡ソフトバンクホークス,146,大矢 琉晟,2003.06.28,178,80,右,左,,投手,育成,2026/4/7,146,
福岡ソフトバンクホークス,148,山崎 琢磨,2003.11.06,185,89,右,左,,投手,育成,2026/4/7,148,
福岡ソフトバンクホークス,149,熊谷 太雅,2006.10.17,186,79,左,左,,投手,育成,2026/4/7,149,
福岡ソフトバンクホークス,152,塩士 暖,2006.05.18,185,84,右,右,,投手,育成,2026/4/7,152,
福岡ソフトバンクホークス,153,張 峻ウェイ,2005.11.14,179,82,右,右,,投手,育成,2026/4/7,153,
福岡ソフトバンクホークス,155,長﨑 蓮汰,2007.06.11,187,85,右,右,,投手,育成,2026/4/7,155,
福岡ソフトバンクホークス,156,ロドリゲス,2001.08.18,182,90,右,右,,投手,育成,2026/4/7,156,
福岡ソフトバンクホークス,157,田上 奏大,2002.11.26,187,89,右,左,,投手,育成,2026/4/7,157,
福岡ソフトバンクホークス,160,長水 啓眞,2005.08.08,180,74,左,左,,投手,育成,2026/4/7,160,
福岡ソフトバンクホークス,161,内野 海斗,2004.07.28,187,93,右,右,,投手,育成,2026/4/7,161,
福岡ソフトバンクホークス,162,岡植 純平,2004.07.10,177,81,右,右,,投手,育成,2026/4/7,162,
福岡ソフトバンクホークス,163,佐々木 明都,2005.01.02,182,82,右,右,,投手,育成,2026/4/7,163,
福岡ソフトバンクホークス,164,北斗,2004.03.10,180,83,右,右,,投手,育成,2026/4/7,164,
福岡ソフトバンクホークス,165,小林 樹斗,2003.01.16,182,87,右,右,5/22 育成選手登録,投手,育成,2026/4/7,165,
福岡ソフトバンクホークス,169,飛田 悠成,2005.03.13,185,91,右,左,,投手,育成,2026/4/7,169,
福岡ソフトバンクホークス,176,サルディ,2005.11.12,186,81,左,左,,投手,育成,2026/4/7,176,
福岡ソフトバンクホークス,125,大友 宗,1999.07.23,181,86,右,右,,捕手,育成,2026/4/7,125,
福岡ソフトバンクホークス,130,牧原 巧汰,2002.07.13,176,81,右,左,,捕手,育成,2026/4/7,130,
福岡ソフトバンクホークス,133,池田 栞太,2007.05.12,184,91,右,右,,捕手,育成,2026/4/7,133,
福岡ソフトバンクホークス,171,盛島 稜大,2004.05.27,187,104,右,右,,捕手,育成,2026/4/7,171,
福岡ソフトバンクホークス,121,ザイレン,2006.05.29,178,84,右,右,,内野手,育成,2026/4/7,121,
福岡ソフトバンクホークス,122,藤野 恵音,2003.08.23,181,79,右,右,,内野手,育成,2026/4/7,122,
福岡ソフトバンクホークス,124,桑原 秀侍,2002.05.29,176,79,右,右,,内野手,育成,2026/4/7,124,
福岡ソフトバンクホークス,127,広瀬 結煌,2007.02.22,180,76,右,右,,内野手,育成,2026/4/7,127,
福岡ソフトバンクホークス,129,佐倉 侠史朗,2005.11.03,183,102,右,左,,内野手,育成,2026/4/7,129,
福岡ソフトバンクホークス,131,中澤 恒貴,2005.07.03,180,82,右,右,,内野手,育成,2026/4/7,131,
福岡ソフトバンクホークス,144,江崎 歩,2007.09.18,168,67,右,左,,内野手,育成,2026/4/7,144,
福岡ソフトバンクホークス,150,大橋 令和,2007.07.02,177,73,右,右,,内野手,育成,2026/4/7,150,
福岡ソフトバンクホークス,159,山下 恭吾,2004.07.07,175,74,右,右,,内野手,育成,2026/4/7,159,
福岡ソフトバンクホークス,170,西尾 歩真,2000.06.20,167,70,右,左,,内野手,育成,2026/4/7,170,
福岡ソフトバンクホークス,174,モレノ,2007.09.26,178,70,右,右,,内野手,育成,2026/4/7,174,
福岡ソフトバンクホークス,175,アルモンテ,2007.12.02,185,82,右,右,,内野手,育成,2026/4/7,175,
福岡ソフトバンクホークス,123,大泉 周也,1999.09.16,173,84,左,左,,外野手,育成,2026/4/7,123,
福岡ソフトバンクホークス,143,漁府 輝羽,2002.07.16,183,94,右,右,,外野手,育成,2026/4/7,143,
福岡ソフトバンクホークス,147,木下 勇人,2006.08.06,179,66,右,左,,外野手,育成,2026/4/7,147,
福岡ソフトバンクホークス,151,鈴木 貴大,2001.04.17,183,92,右,右,,外野手,育成,2026/4/7,151,
福岡ソフトバンクホークス,154,生海,2000.07.11,184,103,右,左,,外野手,育成,2026/4/7,154,
福岡ソフトバンクホークス,158,エミール,2007.11.07,190,111,右,右,,外野手,育成,2026/4/7,158,
福岡ソフトバンクホークス,166,重松 凱人,2000.04.12,187,97,右,右,,外野手,育成,2026/4/7,166,
福岡ソフトバンクホークス,168,佐藤 航太,2004.04.07,184,71,右,右,,外野手,育成,2026/4/7,168,
福岡ソフトバンクホークス,173,オスーナ,2007.03.27,185,82,右,右,,外野手,育成,2026/4/7,173,
北海道日本ハムファイターズ,12,矢澤 宏太,2000.08.02,173,72,左,左,,投手,支配下,2026/4/7,12,TRUE
北海道日本ハムファイターズ,13,生田目 翼,1995.02.19,176,95,右,右,,投手,支配下,2026/4/7,13,
北海道日本ハムファイターズ,14,加藤 貴之,1992.06.03,182,93,左,左,,投手,支配下,2026/4/7,14,TRUE
北海道日本ハムファイターズ,15,北山 亘基,1999.04.10,182,87,右,右,,投手,支配下,2026/4/7,15,TRUE
北海道日本ハムファイターズ,16,達 孝太,2004.03.27,194,101,右,右,,投手,支配下,2026/4/7,16,TRUE
北海道日本ハムファイターズ,17,伊藤 大海,1997.08.31,176,85,右,左,,投手,支配下,2026/4/7,17,TRUE
北海道日本ハムファイターズ,18,山﨑 福也,1992.09.09,188,99,左,左,,投手,支配下,2026/4/7,18,TRUE
北海道日本ハムファイターズ,19,玉井 大翔,1992.06.16,178,80,右,右,,投手,支配下,2026/4/7,19,
北海道日本ハムファイターズ,20,上原 健太,1994.03.29,191,100,左,左,,投手,支配下,2026/4/7,20,TRUE
北海道日本ハムファイターズ,22,杉浦 稔大,1992.02.25,190,90,右,右,4/14 中日へ移籍,投手,支配下,2026/4/7,22,
北海道日本ハムファイターズ,24,金村 尚真,2000.08.29,176,89,右,右,,投手,支配下,2026/4/7,24,TRUE
北海道日本ハムファイターズ,25,宮西 尚生,1985.06.02,180,81,左,左,,投手,支配下,2026/4/7,25,
北海道日本ハムファイターズ,26,田中 正義,1994.07.19,188,96,右,右,,投手,支配下,2026/4/7,26,TRUE
北海道日本ハムファイターズ,27,大川 慈英,2003.10.28,178,70,右,左,,投手,支配下,2026/4/7,27,
北海道日本ハムファイターズ,28,河野 竜生,1998.05.30,175,92,左,左,,投手,支配下,2026/4/7,28,
北海道日本ハムファイターズ,29,細野 晴希,2002.02.26,180,88,左,左,,投手,支配下,2026/4/7,29,
北海道日本ハムファイターズ,30,ラオ,1999.08.14,188,82,右,右,1/30 支配下選手登録,投手,支配下,2026/4/7,30,
北海道日本ハムファイターズ,31,柴田 獅子,2006.04.18,187,95,右,左,,投手,支配下,2026/4/7,31,
北海道日本ハムファイターズ,32,藤田 琉生,2006.11.17,198,107,左,左,,投手,支配下,2026/4/7,32,
北海道日本ハムファイターズ,34,堀 瑞輝,1998.05.10,177,91,左,左,,投手,支配下,2026/4/7,34,TRUE
北海道日本ハムファイターズ,35,浅利 太門,2002.09.06,186,92,右,右,,投手,支配下,2026/4/7,35,
北海道日本ハムファイターズ,37,古林 睿煬,2000.06.12,184,100,右,右,,投手,支配下,2026/4/7,37,
北海道日本ハムファイターズ,40,島本 浩也,1993.02.14,176,73,左,左,,投手,支配下,2026/4/7,40,TRUE
北海道日本ハムファイターズ,41,福谷 浩司,1991.01.09,183,98,右,右,,投手,支配下,2026/4/7,41,
北海道日本ハムファイターズ,45,福島 蓮,2003.04.25,190,81,右,右,,投手,支配下,2026/4/7,45,
北海道日本ハムファイターズ,46,畔柳 亨丞,2003.05.03,178,92,右,右,,投手,支配下,2026/4/7,46,TRUE
北海道日本ハムファイターズ,47,柳川 大晟,2003.08.21,191,96,右,右,,投手,支配下,2026/4/7,47,
北海道日本ハムファイターズ,48,齋藤 友貴哉,1995.01.05,184,92,右,左,,投手,支配下,2026/4/7,48,TRUE
北海道日本ハムファイターズ,52,池田 隆英,1994.10.01,181,93,右,右,,投手,支配下,2026/4/7,52,
北海道日本ハムファイターズ,55,菊地 大稀,1999.06.02,186,97,右,左,,投手,支配下,2026/4/7,55,
北海道日本ハムファイターズ,62,清水 大暉,2006.07.17,195,105,右,右,,投手,支配下,2026/4/7,62,
北海道日本ハムファイターズ,63,山城 航太郎,2002.09.03,183,91,右,右,,投手,支配下,2026/4/7,63,
北海道日本ハムファイターズ,67,山本 拓実,2000.01.31,167,84,右,右,,投手,支配下,2026/4/7,67,
北海道日本ハムファイターズ,74,有原 航平,1992.08.11,190,100,右,右,,投手,支配下,2026/4/7,74,
北海道日本ハムファイターズ,93,松岡 洸希,2000.08.31,180,85,右,右,6/19 育成選手から支配下選手へ移行,投手,支配下,2026/4/7,93,
北海道日本ハムファイターズ,96,孫 易磊,2005.02.10,183,96,右,左,,投手,支配下,2026/4/7,96,
北海道日本ハムファイターズ,2,マルティネス,1996.05.28,190,112,右,右,,捕手,支配下,2026/4/7,2,TRUE
北海道日本ハムファイターズ,3,郡司 裕也,1997.12.27,180,90,右,右,,捕手,支配下,2026/4/7,3,
北海道日本ハムファイターズ,10,清水 優心,1996.05.22,185,91,右,右,,捕手,支配下,2026/4/7,10,
北海道日本ハムファイターズ,33,進藤 勇也,2002.03.10,182,95,右,右,,捕手,支配下,2026/4/7,33,TRUE
北海道日本ハムファイターズ,38,リン,1997.06.26,185,94,右,右,3/17 支配下選手登録,捕手,支配下,2026/4/7,38,
北海道日本ハムファイターズ,57,藤森 海斗,2007.06.27,182,73,右,左,,捕手,支配下,2026/4/7,57,
北海道日本ハムファイターズ,60,吉田 賢吾,2001.01.18,181,94,右,右,,捕手,支配下,2026/4/7,60,TRUE
北海道日本ハムファイターズ,64,田宮 裕涼,2000.06.13,175,84,右,左,,捕手,支配下,2026/4/7,64,TRUE
北海道日本ハムファイターズ,98,梅林 優貴,1998.03.14,171,85,右,右,,捕手,支配下,2026/4/7,98,
北海道日本ハムファイターズ,4,上川畑 大悟,1997.01.12,167,73,右,左,,内野手,支配下,2026/4/7,4,
北海道日本ハムファイターズ,5,野村 佑希,2000.06.26,187,95,右,右,,内野手,支配下,2026/4/7,5,TRUE
北海道日本ハムファイターズ,6,カストロ,1999.03.21,183,92,右,右,2/9 支配下選手登録,内野手,支配下,2026/4/7,6,TRUE
北海道日本ハムファイターズ,9,中島 卓也,1991.01.11,178,77,右,左,,内野手,支配下,2026/4/7,9,
北海道日本ハムファイターズ,21,清宮 幸太郎,1999.05.25,184,95,右,左,,内野手,支配下,2026/4/7,21,TRUE
北海道日本ハムファイターズ,39,有薗 直輝,2003.05.21,185,104,右,右,,内野手,支配下,2026/4/7,39,
北海道日本ハムファイターズ,43,水野 達稀,2000.07.30,171,80,右,左,,内野手,支配下,2026/4/7,43,TRUE
北海道日本ハムファイターズ,44,阪口 樂,2003.06.24,187,99,右,左,,内野手,支配下,2026/4/7,44,
北海道日本ハムファイターズ,49,大塚 瑠晏,2003.10.26,169,69,右,左,,内野手,支配下,2026/4/7,49,TRUE
北海道日本ハムファイターズ,51,半田 南十,2007.05.10,176,73,右,左,,内野手,支配下,2026/4/7,51,
北海道日本ハムファイターズ,54,山縣 秀,2002.05.01,176,82,右,右,,内野手,支配下,2026/4/7,54,TRUE
北海道日本ハムファイターズ,56,細川 凌平,2002.04.25,174,81,右,左,,内野手,支配下,2026/4/7,56,TRUE
北海道日本ハムファイターズ,58,奈良間 大己,2000.05.08,172,75,右,右,,内野手,支配下,2026/4/7,58,TRUE
北海道日本ハムファイターズ,65,明瀬 諒介,2005.08.25,184,96,右,右,,内野手,支配下,2026/4/7,65,
北海道日本ハムファイターズ,7,西川 遥輝,1992.04.16,181,82,右,左,,外野手,支配下,2026/4/7,7,
北海道日本ハムファイターズ,8,淺間 大基,1996.06.21,183,84,右,左,,外野手,支配下,2026/4/7,8,
北海道日本ハムファイターズ,36,宮崎 一樹,2001.08.30,184,91,右,右,,外野手,支配下,2026/4/7,36,
北海道日本ハムファイターズ,42,エドポロ ケイン,2003.07.02,190,102,右,右,,外野手,支配下,2026/4/7,42,
北海道日本ハムファイターズ,50,五十幡 亮汰,1998.11.27,171,67,右,左,,外野手,支配下,2026/4/7,50,TRUE
北海道日本ハムファイターズ,53,水谷 瞬,2001.03.09,193,100,右,右,,外野手,支配下,2026/4/7,53,TRUE
北海道日本ハムファイターズ,61,今川 優馬,1997.01.25,177,93,右,右,,外野手,支配下,2026/4/7,61,
北海道日本ハムファイターズ,66,万波 中正,2000.04.07,192,102,右,右,,外野手,支配下,2026/4/7,66,TRUE
北海道日本ハムファイターズ,99,レイエス,1995.07.07,196,139,右,右,,外野手,支配下,2026/4/7,99,TRUE
北海道日本ハムファイターズ,113,加藤 大和,2006.01.12,190,90,左,左,,投手,育成,2026/4/7,113,
北海道日本ハムファイターズ,114,松本 遼大,2002.05.17,188,100,右,右,,投手,育成,2026/4/7,114,
北海道日本ハムファイターズ,115,清宮 虎多朗,2000.05.26,190,104,右,左,,投手,育成,2026/4/7,115,
北海道日本ハムファイターズ,117,宮内 春輝,1996.05.25,176,80,右,右,,投手,育成,2026/4/7,117,
北海道日本ハムファイターズ,121,川勝 空人,2007.02.11,180,97,右,右,,投手,育成,2026/4/7,121,
北海道日本ハムファイターズ,122,澁谷 純希,2006.11.25,182,93,左,左,,投手,育成,2026/4/7,122,
北海道日本ハムファイターズ,124,横山 永遠,2003.04.16,178,80,右,左,,投手,育成,2026/4/7,124,
北海道日本ハムファイターズ,140,福田 俊,1996.12.14,171,74,左,左,,投手,育成,2026/4/7,140,
北海道日本ハムファイターズ,154,安西 叶翔,2004.11.13,186,101,右,右,,投手,育成,2026/4/7,154,
北海道日本ハムファイターズ,159,根本 悠楓,2003.03.31,173,80,左,左,,投手,育成,2026/4/7,159,
北海道日本ハムファイターズ,111,濵田 泰希,2005.11.28,189,90,右,右,,内野手,育成,2026/4/7,111,
北海道日本ハムファイターズ,123,常谷 拓輝,2004.01.18,180,85,右,右,,内野手,育成,2026/4/7,123,
北海道日本ハムファイターズ,125,藤田 大清,2004.08.23,187,87,右,左,,外野手,育成,2026/4/7,125,
北海道日本ハムファイターズ,127,山口 アタル,1999.05.28,179,95,右,右,,外野手,育成,2026/4/7,127,
北海道日本ハムファイターズ,168,星野 ひので,2005.04.18,182,88,右,右,,外野手,育成,2026/4/7,168,
オリックス・バファローズ,0,エスピノーザ,1998.03.09,183,86,右,右,,投手,支配下,2026/4/7,0,TRUE
オリックス・バファローズ,11,山下 舜平大,2002.07.16,190,100,右,右,,投手,支配下,2026/4/7,11,
オリックス・バファローズ,12,東 晃平,1999.12.14,178,90,右,右,,投手,支配下,2026/4/7,12,
オリックス・バファローズ,13,寺西 成騎,2002.10.18,186,85,右,右,,投手,支配下,2026/4/7,13,TRUE
オリックス・バファローズ,15,椋木 蓮,2000.01.22,179,86,右,右,,投手,支配下,2026/4/7,15,TRUE
オリックス・バファローズ,16,平野 佳寿,1984.03.08,186,90,右,右,,投手,支配下,2026/4/7,16,
オリックス・バファローズ,17,曽谷 龍平,2000.11.30,183,83,左,左,,投手,支配下,2026/4/7,17,
オリックス・バファローズ,18,宮城 大弥,2001.08.25,171,85,左,左,,投手,支配下,2026/4/7,18,
オリックス・バファローズ,19,山岡 泰輔,1995.09.22,172,68,右,左,,投手,支配下,2026/4/7,19,
オリックス・バファローズ,20,阿部 翔太,1992.11.03,178,80,右,左,,投手,支配下,2026/4/7,20,
オリックス・バファローズ,21,山﨑 颯一郎,1998.06.15,190,93,右,右,,投手,支配下,2026/4/7,21,TRUE
オリックス・バファローズ,22,九里 亜蓮,1991.09.01,188,98,右,右,,投手,支配下,2026/4/7,22,TRUE
オリックス・バファローズ,23,吉田 輝星,2001.01.12,175,83,右,右,,投手,支配下,2026/4/7,23,TRUE
オリックス・バファローズ,26,齋藤 響介,2004.11.18,178,77,右,右,,投手,支配下,2026/4/7,26,
オリックス・バファローズ,28,富山 凌雅,1997.05.03,178,88,左,左,,投手,支配下,2026/4/7,28,
オリックス・バファローズ,29,田嶋 大樹,1996.08.03,182,82,左,左,,投手,支配下,2026/4/7,29,TRUE
オリックス・バファローズ,31,藤川 敦也,2007.10.23,183,93,右,右,,投手,支配下,2026/4/7,31,
オリックス・バファローズ,35,古田島 成龍,1999.06.29,175,85,右,右,,投手,支配下,2026/4/7,35,
オリックス・バファローズ,36,森 陽樹,2007.08.01,190,90,右,左,,投手,支配下,2026/4/7,36,
オリックス・バファローズ,40,岩嵜 翔,1989.10.21,189,98,右,右,,投手,支配下,2026/4/7,40,TRUE
オリックス・バファローズ,41,佐藤 龍月,2007.07.13,173,75,左,左,,投手,支配下,2026/4/7,41,
オリックス・バファローズ,42,マチャド,1993.04.22,185,105,右,右,,投手,支配下,2026/4/7,42,TRUE
オリックス・バファローズ,43,髙谷 舟,2003.07.27,178,83,右,右,,投手,支配下,2026/4/7,43,
オリックス・バファローズ,47,山口 廉王,2006.05.14,193,97,右,右,,投手,支配下,2026/4/7,47,
オリックス・バファローズ,48,東松 快征,2005.04.29,179,86,左,左,,投手,支配下,2026/4/7,48,
オリックス・バファローズ,49,片山 楽生,2002.10.07,177,81,右,左,,投手,支配下,2026/4/7,49,TRUE
オリックス・バファローズ,52,横山 楓,1997.12.28,181,91,右,左右,,投手,支配下,2026/4/7,52,
オリックス・バファローズ,57,山田 修義,1991.09.19,185,95,左,左,,投手,支配下,2026/4/7,57,
オリックス・バファローズ,59,ペルドモ,1993.05.09,188,84,右,右,,投手,支配下,2026/4/7,59,
オリックス・バファローズ,65,宮國 凌空,2005.08.07,176,86,右,右,5/7 育成選手から支配下選手へ移行,投手,支配下,2026/4/7,65,
オリックス・バファローズ,66,博志,1997.03.22,182,95,右,右,,投手,支配下,2026/4/7,66,TRUE
オリックス・バファローズ,68,入山 海斗,2000.05.26,177,78,右,右,,投手,支配下,2026/4/7,68,TRUE
オリックス・バファローズ,69,ジェリー,1997.05.07,213,113,右,右,,投手,支配下,2026/4/7,69,TRUE
オリックス・バファローズ,93,佐藤 一磨,2001.04.16,190,97,左,左,,投手,支配下,2026/4/7,93,
オリックス・バファローズ,94,川瀬 堅斗,2002.06.18,183,93,右,右,,投手,支配下,2026/4/7,94,
オリックス・バファローズ,95,才木 海翔,2000.06.10,182,86,右,右,,投手,支配下,2026/4/7,95,
オリックス・バファローズ,96,髙島 泰都,1999.12.03,181,88,右,右,,投手,支配下,2026/4/7,96,TRUE
オリックス・バファローズ,98,権田 琉成,2000.01.28,180,90,右,右,,投手,支配下,2026/4/7,98,TRUE
オリックス・バファローズ,2,若月 健矢,1995.10.04,180,88,右,右,,捕手,支配下,2026/4/7,2,TRUE
オリックス・バファローズ,4,森 友哉,1995.08.08,170,85,右,左,,捕手,支配下,2026/4/7,4,TRUE
オリックス・バファローズ,32,福永 奨,1999.07.28,175,87,右,右,,捕手,支配下,2026/4/7,32,TRUE
オリックス・バファローズ,37,石川 亮,1995.07.20,181,87,右,右,,捕手,支配下,2026/4/7,37,TRUE
オリックス・バファローズ,44,頓宮 裕真,1996.11.17,182,103,右,右,,捕手,支配下,2026/4/7,44,
オリックス・バファローズ,50,山中 稜真,2000.12.14,178,83,右,左,,捕手,支配下,2026/4/7,50,TRUE
オリックス・バファローズ,60,野上 士耀,2007.05.23,170,80,右,右,,捕手,支配下,2026/4/7,60,
オリックス・バファローズ,62,堀 柊那,2005.07.16,179,82,右,右,,捕手,支配下,2026/4/7,62,
オリックス・バファローズ,1,太田 椋,2001.02.14,181,84,右,右,,内野手,支配下,2026/4/7,1,TRUE
オリックス・バファローズ,5,西野 真弘,1990.08.02,167,71,右,左,,内野手,支配下,2026/4/7,5,TRUE
オリックス・バファローズ,6,宗 佑磨,1996.06.07,181,83,右,左,,内野手,支配下,2026/4/7,6,TRUE
オリックス・バファローズ,9,野口 智哉,1999.09.20,181,95,右,左,,内野手,支配下,2026/4/7,9,
オリックス・バファローズ,10,大城 滉二,1993.06.14,175,80,右,右,,内野手,支配下,2026/4/7,10,
オリックス・バファローズ,24,紅林 弘太郎,2002.02.07,188,95,右,右,,内野手,支配下,2026/4/7,24,TRUE
オリックス・バファローズ,25,内藤 鵬,2004.10.05,180,103,右,右,,内野手,支配下,2026/4/7,25,
オリックス・バファローズ,30,廣岡 大志,1997.04.09,185,92,右,右,,内野手,支配下,2026/4/7,30,
オリックス・バファローズ,34,横山 聖哉,2005.10.28,181,86,右,左,,内野手,支配下,2026/4/7,34,
オリックス・バファローズ,45,シーモア,1998.10.07,191,113,右,左,,内野手,支配下,2026/4/7,45,
オリックス・バファローズ,53,宜保 翔,2000.11.26,175,75,右,左,4/30 育成選手から支配下選手へ移行,内野手,支配下,2026/4/7,53,TRUE
オリックス・バファローズ,67,中川 圭太,1996.04.12,180,76,右,右,,内野手,支配下,2026/4/7,67,TRUE
オリックス・バファローズ,0,渡部 遼人,1999.09.02,171,72,左,左,,外野手,支配下,2026/4/7,0,TRUE
オリックス・バファローズ,7,西川 龍馬,1994.12.10,178,83,右,左,,外野手,支配下,2026/4/7,7,TRUE
オリックス・バファローズ,8,麦谷 祐介,2002.07.27,180,81,右,左,,外野手,支配下,2026/4/7,8,
オリックス・バファローズ,33,杉澤 龍,2000.06.02,175,80,右,左,,外野手,支配下,2026/4/7,33,TRUE
オリックス・バファローズ,38,来田 涼斗,2002.10.16,182,88,右,左,,外野手,支配下,2026/4/7,38,TRUE
オリックス・バファローズ,39,池田 陵真,2003.08.24,171,83,右,右,,外野手,支配下,2026/4/7,39,
オリックス・バファローズ,58,窪田 洋祐,2007.07.31,185,87,右,右,,外野手,支配下,2026/4/7,58,
オリックス・バファローズ,61,平沼 翔太,1997.08.16,179,83,右,左,,外野手,支配下,2026/4/7,61,
オリックス・バファローズ,99,杉本 裕太郎,1991.04.05,190,104,右,右,,外野手,支配下,2026/4/7,99,
オリックス・バファローズ,2,マシュー,2003.03.18,192,105,右,右,,投手,育成,2026/4/7,002,
オリックス・バファローズ,4,渡邉 一生,2003.12.12,172,74,左,左,,投手,育成,2026/4/7,004,
オリックス・バファローズ,17,陳 睦衡,2006.03.23,181,84,右,左,,投手,育成,2026/4/7,017,
オリックス・バファローズ,41,寿賀 弘都,2005.06.16,180,85,左,左,,投手,育成,2026/4/7,041,
オリックス・バファローズ,44,芦田 丈飛,2000.02.09,185,98,右,右,,投手,育成,2026/4/7,044,
オリックス・バファローズ,53,上原 堆我,2007.03.13,178,84,右,右,,投手,育成,2026/4/7,053,
オリックス・バファローズ,56,乾 健斗,2006.06.28,188,88,右,右,,投手,育成,2026/4/7,056,
オリックス・バファローズ,120,小木田 敦也,1998.10.10,173,83,右,右,,投手,育成,2026/4/7,120,
オリックス・バファローズ,121,宇田川 優希,1998.11.10,184,92,右,右,,投手,育成,2026/4/7,121,
オリックス・バファローズ,123,本田 仁海,1999.07.27,181,74,右,左,,投手,育成,2026/4/7,123,
オリックス・バファローズ,128,前 佑囲斗,2001.08.13,182,90,右,右,,投手,育成,2026/4/7,128,
オリックス・バファローズ,129,東山 玲士,2000.05.05,180,83,右,右,,投手,育成,2026/4/7,129,
オリックス・バファローズ,135,河内 康介,2005.04.16,180,80,右,右,,投手,育成,2026/4/7,135,
オリックス・バファローズ,34,村上 喬一朗,2000.12.01,168,76,右,右,,捕手,育成,2026/4/7,034,
オリックス・バファローズ,55,田島 光祐,2000.04.09,174,80,右,右,,捕手,育成,2026/4/7,055,
オリックス・バファローズ,3,中西 創大,2007.12.30,180,81,右,右,,内野手,育成,2026/4/7,003,
オリックス・バファローズ,45,河野 聡太,2000.05.22,180,82,右,左,,内野手,育成,2026/4/7,045,
オリックス・バファローズ,51,今坂 幸暉,2006.10.19,178,83,右,左,,内野手,育成,2026/4/7,051,
オリックス・バファローズ,52,清水 武蔵,2003.04.14,173,78,右,右,,内野手,育成,2026/4/7,052,
オリックス・バファローズ,122,大里 昂生,1999.07.07,178,76,右,左,,内野手,育成,2026/4/7,122,
オリックス・バファローズ,124,遠藤 成,2001.09.19,178,84,右,左,,内野手,育成,2026/4/7,124,
オリックス・バファローズ,126,香月 一也,1996.04.16,176,83,右,左,,内野手,育成,2026/4/7,126,
オリックス・バファローズ,1,三方 陽登,2003.03.31,190,97,右,右,,外野手,育成,2026/4/7,001,
オリックス・バファローズ,54,寺本 聖一,2003.02.05,170,86,右,左,,外野手,育成,2026/4/7,054,
オリックス・バファローズ,127,元 謙太,2002.05.17,186,88,右,右,,外野手,育成,2026/4/7,127,
埼玉西武ライオンズ,11,上田 大河,2001.11.15,183,88,右,右,,投手,支配下,2026/4/7,11,TRUE
埼玉西武ライオンズ,12,渡邉 勇太朗,2000.09.21,191,103,右,右,,投手,支配下,2026/4/7,12,TRUE
埼玉西武ライオンズ,13,髙橋 光成,1997.02.03,190,105,右,右,,投手,支配下,2026/4/7,13,TRUE
埼玉西武ライオンズ,15,與座 海人,1995.09.15,173,80,右,右,,投手,支配下,2026/4/7,15,
埼玉西武ライオンズ,16,隅田 知一郎,1999.08.20,177,84,左,左,,投手,支配下,2026/4/7,16,TRUE
埼玉西武ライオンズ,17,松本 航,1996.11.28,176,88,右,右,,投手,支配下,2026/4/7,17,
埼玉西武ライオンズ,19,佐藤 隼輔,2000.01.03,182,86,左,左,,投手,支配下,2026/4/7,19,TRUE
埼玉西武ライオンズ,20,岩城 颯空,2003.09.17,181,95,左,左,,投手,支配下,2026/4/7,20,
埼玉西武ライオンズ,21,武内 夏暉,2001.07.21,186,96,左,左,,投手,支配下,2026/4/7,21,TRUE
埼玉西武ライオンズ,23,糸川 亮太,1998.04.30,172,80,右,右,,投手,支配下,2026/4/7,23,
埼玉西武ライオンズ,29,青山 美夏人,2000.07.19,184,94,右,右,,投手,支配下,2026/4/7,29,
埼玉西武ライオンズ,30,ワイナンス,1995.08.10,188,81,右,右,,投手,支配下,2026/4/7,30,TRUE
埼玉西武ライオンズ,34,甲斐野 央,1996.11.16,188,98,右,左,,投手,支配下,2026/4/7,34,TRUE
埼玉西武ライオンズ,36,山田 陽翔,2004.05.09,176,85,右,右,,投手,支配下,2026/4/7,36,
埼玉西武ライオンズ,40,堀越 啓太,2003.07.15,185,96,右,右,,投手,支配下,2026/4/7,40,
埼玉西武ライオンズ,41,成田 晴風,2006.02.27,184,91,右,右,,投手,支配下,2026/4/7,41,TRUE
埼玉西武ライオンズ,42,ボー・タカハシ,1997.01.23,185,95,右,右,,投手,支配下,2026/4/7,42,
埼玉西武ライオンズ,43,羽田 慎之介,2003.12.25,191,94,左,左,,投手,支配下,2026/4/7,43,
埼玉西武ライオンズ,45,ウィンゲンター,1994.04.15,201,107,右,右,,投手,支配下,2026/4/7,45,TRUE
埼玉西武ライオンズ,46,狩生 聖真,2006.12.25,184,79,右,右,,投手,支配下,2026/4/7,46,
埼玉西武ライオンズ,47,杉山 遙希,2005.09.23,181,83,左,左,,投手,支配下,2026/4/7,47,
埼玉西武ライオンズ,52,篠原 響,2006.09.20,178,81,右,右,,投手,支配下,2026/4/7,52,TRUE
埼玉西武ライオンズ,54,黒木 優太,1994.08.16,180,87,右,左,,投手,支配下,2026/4/7,54,
埼玉西武ライオンズ,56,Ｅ．ラミレス,1994.07.15,188,86,右,右,,投手,支配下,2026/4/7,56,
埼玉西武ライオンズ,57,黒田 将矢,2004.01.24,188,88,右,右,,投手,支配下,2026/4/7,57,TRUE
埼玉西武ライオンズ,58,中村 祐太,1995.08.31,183,90,右,右,,投手,支配下,2026/4/7,58,TRUE
埼玉西武ライオンズ,61,平良 海馬,1999.11.15,173,99,右,左,,投手,支配下,2026/4/7,61,TRUE
埼玉西武ライオンズ,67,冨士 大和,2006.08.26,186,80,左,左,3/24 育成選手から支配下選手へ移行,投手,支配下,2026/4/7,67,
埼玉西武ライオンズ,70,豆田 泰志,2003.01.15,173,88,右,右,,投手,支配下,2026/4/7,70,TRUE
埼玉西武ライオンズ,71,菅井 信也,2003.06.28,183,84,左,左,,投手,支配下,2026/4/7,71,
埼玉西武ライオンズ,75,佐藤 爽,2003.02.09,178,82,左,左,4/30 育成選手から支配下選手へ移行,投手,支配下,2026/4/7,75,
埼玉西武ライオンズ,90,浜屋 将太,1999.01.26,176,79,左,左,,投手,支配下,2026/4/7,90,
埼玉西武ライオンズ,10,小島 大河,2003.10.27,178,83,右,左,,捕手,支配下,2026/4/7,10,TRUE
埼玉西武ライオンズ,22,古賀 悠斗,1999.09.10,174,88,右,右,,捕手,支配下,2026/4/7,22,TRUE
埼玉西武ライオンズ,27,炭谷 銀仁朗,1987.07.19,181,98,右,右,,捕手,支配下,2026/4/7,27,
埼玉西武ライオンズ,37,柘植 世那,1997.06.03,174,90,右,右,,捕手,支配下,2026/4/7,37,TRUE
埼玉西武ライオンズ,53,牧野 翔矢,2001.03.04,178,80,右,左,,捕手,支配下,2026/4/7,53,
埼玉西武ライオンズ,64,龍山 暖,2006.05.13,176,80,右,右,,捕手,支配下,2026/4/7,64,
埼玉西武ライオンズ,0,仲田 慶介,1999.07.25,175,80,右,左右,,内野手,支配下,2026/4/7,0,TRUE
埼玉西武ライオンズ,0,児玉 亮涼,1998.07.10,166,68,右,右,,内野手,支配下,2026/4/7,0,
埼玉西武ライオンズ,2,齋藤 大翔,2007.01.27,181,76,右,右,,内野手,支配下,2026/4/7,2,
埼玉西武ライオンズ,4,石井 一成,1994.05.06,182,86,右,左,,内野手,支配下,2026/4/7,4,TRUE
埼玉西武ライオンズ,5,外崎 修汰,1992.12.20,177,84,右,右,,内野手,支配下,2026/4/7,5,TRUE
埼玉西武ライオンズ,6,源田 壮亮,1993.02.16,179,77,右,左,,内野手,支配下,2026/4/7,6,TRUE
埼玉西武ライオンズ,26,ネビン,1997.05.29,193,102,右,右,,内野手,支配下,2026/4/7,26,TRUE
埼玉西武ライオンズ,32,山村 崇嘉,2002.09.28,183,89,右,左,,内野手,支配下,2026/4/7,32,
埼玉西武ライオンズ,38,佐藤 太陽,2002.05.19,177,82,右,左,,内野手,支配下,2026/4/7,38,
埼玉西武ライオンズ,39,平沢 大河,1997.12.24,176,83,右,左,,内野手,支配下,2026/4/7,39,TRUE
埼玉西武ライオンズ,50,髙松 渡,1999.07.02,177,75,右,左,,内野手,支配下,2026/4/7,50,
埼玉西武ライオンズ,59,横田 蒼和,2007.10.24,180,87,右,左,,内野手,支配下,2026/4/7,59,
埼玉西武ライオンズ,60,中村 剛也,1983.08.15,175,105,右,右,,内野手,支配下,2026/4/7,60,
埼玉西武ライオンズ,62,滝澤 夏央,2003.08.13,164,65,右,左,,内野手,支配下,2026/4/7,62,TRUE
埼玉西武ライオンズ,99,村田 怜音,2001.08.04,197,115,右,右,,内野手,支配下,2026/4/7,99,
埼玉西武ライオンズ,1,栗山 巧,1983.09.03,177,85,右,左,,外野手,支配下,2026/4/7,1,
埼玉西武ライオンズ,7,桑原 将志,1993.07.21,174,80,右,右,,外野手,支配下,2026/4/7,7,TRUE
埼玉西武ライオンズ,8,渡部 聖弥,2002.08.31,177,90,右,右,,外野手,支配下,2026/4/7,8,TRUE
埼玉西武ライオンズ,9,蛭間 拓哉,2000.09.08,177,87,左,左,,外野手,支配下,2026/4/7,9,
埼玉西武ライオンズ,25,カナリオ,2000.05.07,185,97,右,右,,外野手,支配下,2026/4/7,25,TRUE
埼玉西武ライオンズ,31,茶野 篤政,1999.08.04,175,80,右,左,,外野手,支配下,2026/4/7,31,
埼玉西武ライオンズ,33,古川 雄大,2004.05.25,185,90,右,右,,外野手,支配下,2026/4/7,33,
埼玉西武ライオンズ,35,秋山 俊,2003.04.20,180,88,右,左,,外野手,支配下,2026/4/7,35,
埼玉西武ライオンズ,44,林 冠臣,2002.12.30,196,108,右,右,,外野手,支配下,2026/4/7,44,
埼玉西武ライオンズ,51,西川 愛也,1999.06.10,181,90,右,左,,外野手,支配下,2026/4/7,51,TRUE
埼玉西武ライオンズ,55,仲三 優太,2002.10.22,180,100,右,左,,外野手,支配下,2026/4/7,55,
埼玉西武ライオンズ,63,長谷川 信哉,2002.05.17,183,90,右,右,,外野手,支配下,2026/4/7,63,TRUE
埼玉西武ライオンズ,66,川田 悠慎,2002.02.20,174,70,右,左,,外野手,支配下,2026/4/7,66,
埼玉西武ライオンズ,68,岸 潤一郎,1996.12.08,174,85,右,右,,外野手,支配下,2026/4/7,68,TRUE
埼玉西武ライオンズ,73,林 安可,1997.05.19,184,90,左,左,,外野手,支配下,2026/4/7,73,
埼玉西武ライオンズ,114,上間 永遠,2001.01.31,180,82,右,右,,投手,育成,2026/4/7,114,
埼玉西武ライオンズ,115,佐々木 健,1996.05.13,179,87,左,左,,投手,育成,2026/4/7,115,
埼玉西武ライオンズ,117,宮澤 太成,1999.04.15,185,95,右,右,,投手,育成,2026/4/7,117,
埼玉西武ライオンズ,118,斎藤 佳紳,2003.03.16,181,89,右,左,,投手,育成,2026/4/7,118,
埼玉西武ライオンズ,121,三浦 大輝,2000.04.07,180,88,右,左,,投手,育成,2026/4/7,121,
埼玉西武ライオンズ,124,濱岡 蒼太,2007.10.10,176,87,左,左,,投手,育成,2026/4/7,124,
埼玉西武ライオンズ,125,シンクレア,2001.06.12,193,94,左,左,,投手,育成,2026/4/7,125,
埼玉西武ライオンズ,127,森脇 亮介,1992.07.13,175,70,右,右,,投手,育成,2026/4/7,127,
埼玉西武ライオンズ,128,平口 寛人,2003.04.15,179,82,左,左,,投手,育成,2026/4/7,128,
埼玉西武ライオンズ,129,川下 将勲,2005.04.03,186,72,左,左,,投手,育成,2026/4/7,129,
埼玉西武ライオンズ,131,木瀬 翔太,2005.04.05,187,90,右,右,,投手,育成,2026/4/7,131,
埼玉西武ライオンズ,134,正木 悠馬,2002.11.19,180,87,右,左,,投手,育成,2026/4/7,134,
埼玉西武ライオンズ,136,高橋 礼,1995.11.02,187,90,右,右,,投手,育成,2026/4/7,136,
埼玉西武ライオンズ,141,ムサ,2005.07.26,180,73,右,右,,投手,育成,2026/4/7,141,
埼玉西武ライオンズ,142,フレッド,2002.11.24,188,76,右,左右,,投手,育成,2026/4/7,142,
埼玉西武ライオンズ,144,ゴンザレス,2002.08.30,198,116,右,右,,投手,育成,2026/4/7,144,
埼玉西武ライオンズ,145,オリバー,2004.01.01,193,85,右,右,,投手,育成,2026/4/7,145,
埼玉西武ライオンズ,113,野田 海人,2005.03.18,174,80,右,右,,捕手,育成,2026/4/7,113,
埼玉西武ライオンズ,120,野村 大樹,2000.09.10,172,84,右,右,,捕手,育成,2026/4/7,120,
埼玉西武ライオンズ,122,是澤 涼輔,2000.04.19,177,85,右,右,,捕手,育成,2026/4/7,122,
埼玉西武ライオンズ,111,新井 唯斗,2007.11.11,183,80,右,左,,内野手,育成,2026/4/7,111,
埼玉西武ライオンズ,112,今岡 拓夢,2007.09.05,180,81,右,右,,内野手,育成,2026/4/7,112,
埼玉西武ライオンズ,119,古賀 輝希,2000.08.25,181,88,右,左,,内野手,育成,2026/4/7,119,
埼玉西武ライオンズ,126,谷口 朝陽,2004.04.03,185,93,右,右,,内野手,育成,2026/4/7,126,
埼玉西武ライオンズ,130,金子 功児,2003.09.02,177,82,右,左,,内野手,育成,2026/4/7,130,
埼玉西武ライオンズ,138,福尾 遥真,2006.04.06,183,80,右,左,,内野手,育成,2026/4/7,138,
埼玉西武ライオンズ,140,コルニエル,2002.10.02,188,88,右,左右,,内野手,育成,2026/4/7,140,
埼玉西武ライオンズ,116,奥村 光一,1999.12.24,178,89,右,右,,外野手,育成,2026/4/7,116,
埼玉西武ライオンズ,132,ラマル,2006.04.08,180,95,右,右,,外野手,育成,2026/4/7,132,
埼玉西武ライオンズ,135,安藤 銀杜,2003.02.04,198,110,右,右,,外野手,育成,2026/4/7,135,
埼玉西武ライオンズ,137,澤田 遥斗,2006.07.30,170,68,右,左右,,外野手,育成,2026/4/7,137,
埼玉西武ライオンズ,139,オケム,2006.04.10,185,83,右,右,,外野手,育成,2026/4/7,139,
埼玉西武ライオンズ,143,カルロス,2003.08.26,187,79,右,右,,外野手,育成,2026/4/7,143,
東北楽天ゴールデンイーグルス,11,岸 孝之,1984.12.04,180,77,右,右,,投手,支配下,2026/4/7,11,TRUE
東北楽天ゴールデンイーグルス,13,藤原 聡大,2003.11.20,178,73,右,右,,投手,支配下,2026/4/7,13,TRUE
東北楽天ゴールデンイーグルス,15,コントレラス,1999.11.07,185,92,右,右,,投手,支配下,2026/4/7,15,
東北楽天ゴールデンイーグルス,17,古謝 樹,2001.08.18,182,75,左,左,,投手,支配下,2026/4/7,17,
東北楽天ゴールデンイーグルス,18,前田 健太,1988.04.11,185,83,右,右,,投手,支配下,2026/4/7,18,TRUE
東北楽天ゴールデンイーグルス,19,荘司 康誠,2000.10.13,189,86,右,右,,投手,支配下,2026/4/7,19,
東北楽天ゴールデンイーグルス,20,伊藤 樹,2003.08.24,177,85,右,右,,投手,支配下,2026/4/7,20,
東北楽天ゴールデンイーグルス,21,早川 隆久,1998.07.06,180,76,左,左,,投手,支配下,2026/4/7,21,
東北楽天ゴールデンイーグルス,22,ウレーニャ,1991.09.12,188,94,右,右,1/30 支配下選手登録,投手,支配下,2026/4/7,22,
東北楽天ゴールデンイーグルス,26,中込 陽翔,2002.01.23,175,85,右,右,,投手,支配下,2026/4/7,26,TRUE
東北楽天ゴールデンイーグルス,28,酒居 知史,1993.01.02,178,80,右,右,,投手,支配下,2026/4/7,28,
東北楽天ゴールデンイーグルス,29,田中 千晴,2000.09.21,189,85,右,右,,投手,支配下,2026/4/7,29,
東北楽天ゴールデンイーグルス,31,渡辺 翔太,2000.10.29,182,90,右,右,,投手,支配下,2026/4/7,31,
東北楽天ゴールデンイーグルス,40,江原 雅裕,2000.08.03,186,93,右,右,,投手,支配下,2026/4/7,40,
東北楽天ゴールデンイーグルス,41,加治屋 蓮,1991.11.25,185,90,右,右,,投手,支配下,2026/4/7,41,TRUE
東北楽天ゴールデンイーグルス,43,宋 家豪,1992.09.06,185,92,右,左,,投手,支配下,2026/4/7,43,
東北楽天ゴールデンイーグルス,45,九谷 瑠,1999.11.05,177,80,右,左,,投手,支配下,2026/4/7,45,TRUE
東北楽天ゴールデンイーグルス,46,藤平 尚真,1998.09.21,185,85,右,右,,投手,支配下,2026/4/7,46,TRUE
東北楽天ゴールデンイーグルス,47,藤井 聖,1996.10.03,176,80,左,左,,投手,支配下,2026/4/7,47,TRUE
東北楽天ゴールデンイーグルス,49,西垣 雅矢,1999.06.21,184,88,右,左,,投手,支配下,2026/4/7,49,TRUE
東北楽天ゴールデンイーグルス,52,津留﨑 大成,1997.10.10,177,86,右,右,,投手,支配下,2026/4/7,52,
東北楽天ゴールデンイーグルス,53,坂井 陽翔,2005.04.05,186,88,右,右,,投手,支配下,2026/4/7,53,
東北楽天ゴールデンイーグルス,54,日當 直喜,2005.07.06,190,105,右,右,,投手,支配下,2026/4/7,54,TRUE
東北楽天ゴールデンイーグルス,56,鈴木 翔天,1996.08.19,185,82,左,左,,投手,支配下,2026/4/7,56,
東北楽天ゴールデンイーグルス,57,瀧中 瞭太,1994.12.20,180,93,右,右,,投手,支配下,2026/4/7,57,TRUE
東北楽天ゴールデンイーグルス,58,辛島 航,1990.10.18,173,72,左,左,,投手,支配下,2026/4/7,58,
東北楽天ゴールデンイーグルス,59,泰 勝利,2003.11.11,172,82,左,右,,投手,支配下,2026/4/7,59,TRUE
東北楽天ゴールデンイーグルス,61,古賀 康誠,2004.09.03,181,81,左,左,,投手,支配下,2026/4/7,61,
東北楽天ゴールデンイーグルス,62,西口 直人,1996.11.14,183,83,右,右,,投手,支配下,2026/4/7,62,
東北楽天ゴールデンイーグルス,64,林 優樹,2001.10.29,173,73,左,左,,投手,支配下,2026/4/7,64,
東北楽天ゴールデンイーグルス,66,今野 龍太,1995.05.11,178,86,右,右,,投手,支配下,2026/4/7,66,
東北楽天ゴールデンイーグルス,67,大内 誠弥,2006.03.09,191,77,右,右,,投手,支配下,2026/4/7,67,
東北楽天ゴールデンイーグルス,69,内 星龍,2002.04.24,190,88,右,左,,投手,支配下,2026/4/7,69,TRUE
東北楽天ゴールデンイーグルス,71,柴田 大地,1997.11.07,180,94,右,右,,投手,支配下,2026/4/7,71,TRUE
東北楽天ゴールデンイーグルス,79,伊藤 大晟,2007.10.27,174,76,左,左,,投手,支配下,2026/4/7,79,
東北楽天ゴールデンイーグルス,2,太田 光,1996.10.14,178,76,右,右,,捕手,支配下,2026/4/7,2,TRUE
東北楽天ゴールデンイーグルス,27,伊藤 光,1989.04.23,180,88,右,右,,捕手,支配下,2026/4/7,27,
東北楽天ゴールデンイーグルス,44,田中 貴也,1992.08.27,178,85,右,左,,捕手,支配下,2026/4/7,44,
東北楽天ゴールデンイーグルス,55,YG安田,2000.03.03,185,105,右,左,,捕手,支配下,2026/4/7,55,
東北楽天ゴールデンイーグルス,65,堀内 謙伍,1997.04.15,174,82,右,左,,捕手,支配下,2026/4/7,65,TRUE
東北楽天ゴールデンイーグルス,70,石原 彪,1999.03.08,172,96,右,右,,捕手,支配下,2026/4/7,70,TRUE
東北楽天ゴールデンイーグルス,72,大栄 利哉,2007.04.23,178,85,右,左,,捕手,支配下,2026/4/7,72,
東北楽天ゴールデンイーグルス,0,小深田 大翔,1995.09.28,168,69,右,左,,内野手,支配下,2026/4/7,0,TRUE
東北楽天ゴールデンイーグルス,1,宗山 塁,2003.02.27,175,79,右,左,,内野手,支配下,2026/4/7,1,
東北楽天ゴールデンイーグルス,3,浅村 栄斗,1990.11.12,182,90,右,右,,内野手,支配下,2026/4/7,3,TRUE
東北楽天ゴールデンイーグルス,6,村林 一輝,1997.10.06,180,73,右,右,,内野手,支配下,2026/4/7,6,TRUE
東北楽天ゴールデンイーグルス,7,鈴木 大地,1989.08.18,175,79,右,左,,内野手,支配下,2026/4/7,7,TRUE
東北楽天ゴールデンイーグルス,9,ボイト,1991.02.13,188,117,右,右,,内野手,支配下,2026/4/7,9,
東北楽天ゴールデンイーグルス,24,黒川 史陽,2001.04.17,182,86,右,左,,内野手,支配下,2026/4/7,24,TRUE
東北楽天ゴールデンイーグルス,30,繁永 晟,2003.04.25,174,88,右,右,,内野手,支配下,2026/4/7,30,
東北楽天ゴールデンイーグルス,35,渡邊 佳明,1997.01.08,180,79,右,左,,内野手,支配下,2026/4/7,35,TRUE
東北楽天ゴールデンイーグルス,39,伊藤 裕季也,1996.08.30,181,95,右,右,,内野手,支配下,2026/4/7,39,
東北楽天ゴールデンイーグルス,48,平良 竜哉,1998.07.09,170,78,右,右,,内野手,支配下,2026/4/7,48,TRUE
東北楽天ゴールデンイーグルス,60,ワォーターズ,2005.10.14,178,76,右,右,,内野手,支配下,2026/4/7,60,TRUE
東北楽天ゴールデンイーグルス,63,入江 大樹,2002.06.06,185,83,右,右,,内野手,支配下,2026/4/7,63,
東北楽天ゴールデンイーグルス,68,青野 拓海,2005.07.26,180,85,右,右,,内野手,支配下,2026/4/7,68,
東北楽天ゴールデンイーグルス,73,小森 航大郎,2003.04.30,173,83,右,右,,内野手,支配下,2026/4/7,73,TRUE
東北楽天ゴールデンイーグルス,75,陽 柏翔,2005.01.23,174,75,右,左,,内野手,支配下,2026/4/7,75,
東北楽天ゴールデンイーグルス,98,金子 京介,2004.01.18,186,100,右,右,5/15 育成選手から支配下選手へ移行,内野手,支配下,2026/4/7,98,
東北楽天ゴールデンイーグルス,8,辰己 涼介,1996.12.27,180,74,右,左,,外野手,支配下,2026/4/7,8,TRUE
東北楽天ゴールデンイーグルス,12,ゴンザレス,1998.01.10,196,108,右,右,6/4 自由契約,外野手,支配下,2026/4/7,12,
東北楽天ゴールデンイーグルス,25,田中 和基,1994.08.08,181,75,右,左右,,外野手,支配下,2026/4/7,25,
東北楽天ゴールデンイーグルス,32,中島 大輔,2001.06.04,180,78,右,左,,外野手,支配下,2026/4/7,32,TRUE
東北楽天ゴールデンイーグルス,34,マッカスカー,1998.05.22,203,113,右,右,,外野手,支配下,2026/4/7,34,TRUE
東北楽天ゴールデンイーグルス,36,吉納 翼,2002.08.16,180,89,右,左,,外野手,支配下,2026/4/7,36,
東北楽天ゴールデンイーグルス,38,佐藤 直樹,1998.09.03,178,85,右,右,,外野手,支配下,2026/4/7,38,TRUE
東北楽天ゴールデンイーグルス,42,阪上 翔也,2003.11.01,180,90,右,左,,外野手,支配下,2026/4/7,42,
東北楽天ゴールデンイーグルス,50,武藤 敦貴,2001.06.15,178,73,左,左,,外野手,支配下,2026/4/7,50,TRUE
東北楽天ゴールデンイーグルス,51,小郷 裕哉,1996.08.03,178,85,右,左,,外野手,支配下,2026/4/7,51,
東北楽天ゴールデンイーグルス,78,吉野 創士,2003.10.27,186,78,右,右,,外野手,支配下,2026/4/7,78,
東北楽天ゴールデンイーグルス,29,德山 一翔,2002.04.11,177,87,左,左,,投手,育成,2026/4/7,029,
東北楽天ゴールデンイーグルス,61,松田 啄磨,2002.02.26,186,74,右,右,,投手,育成,2026/4/7,061,
東北楽天ゴールデンイーグルス,133,中沢 匠磨,2003.08.06,183,80,右,左,,投手,育成,2026/4/7,133,
東北楽天ゴールデンイーグルス,197,蕭 齊,2006.01.04,197,98,右,右,,投手,育成,2026/4/7,197,
東北楽天ゴールデンイーグルス,22,水上 桂,2001.07.05,172,75,右,右,,捕手,育成,2026/4/7,022,
東北楽天ゴールデンイーグルス,122,島原 大河,2002.02.22,183,93,右,左,,捕手,育成,2026/4/7,122,
東北楽天ゴールデンイーグルス,132,岸本 佑也,2007.01.30,180,74,右,右,,内野手,育成,2026/4/7,132,
東北楽天ゴールデンイーグルス,79,前田 銀治,2003.11.19,182,98,右,右,,外野手,育成,2026/4/7,079,
東北楽天ゴールデンイーグルス,126,幌村 黛汰,2004.08.08,177,74,右,左,,外野手,育成,2026/4/7,126,
東北楽天ゴールデンイーグルス,129,大坪 梓恩,2004.02.02,190,110,右,右,,外野手,育成,2026/4/7,129,
千葉ロッテマリーンズ,11,カスティーヨ,1996.01.10,198,114,左,左,1/30 支配下選手登録,投手,支配下,2026/4/7,11,TRUE
千葉ロッテマリーンズ,13,毛利 海大,2003.09.14,177,77,左,左,,投手,支配下,2026/4/7,13,
千葉ロッテマリーンズ,14,小島 和哉,1996.07.07,178,85,左,左,,投手,支配下,2026/4/7,14,TRUE
千葉ロッテマリーンズ,15,横山 陸人,2001.08.05,180,90,右,右,,投手,支配下,2026/4/7,15,TRUE
千葉ロッテマリーンズ,16,種市 篤暉,1998.09.07,183,88,右,右,,投手,支配下,2026/4/7,16,
千葉ロッテマリーンズ,18,石垣 元気,2007.08.16,180,78,右,左右,,投手,支配下,2026/4/7,18,
千葉ロッテマリーンズ,19,唐川 侑己,1989.07.05,181,90,右,右,,投手,支配下,2026/4/7,19,
千葉ロッテマリーンズ,21,石川 柊太,1991.12.27,185,88,右,右,,投手,支配下,2026/4/7,21,
千葉ロッテマリーンズ,24,東妻 勇輔,1996.04.04,172,80,右,右,,投手,支配下,2026/4/7,24,
千葉ロッテマリーンズ,28,菊地 吏玖,2000.06.13,183,93,右,左,,投手,支配下,2026/4/7,28,
千葉ロッテマリーンズ,29,西野 勇士,1991.03.06,183,90,右,右,,投手,支配下,2026/4/7,29,
千葉ロッテマリーンズ,30,廣畑 敦也,1997.12.03,175,83,右,右,,投手,支配下,2026/4/7,30,
千葉ロッテマリーンズ,31,大谷 輝龍,2000.07.11,180,81,右,右,,投手,支配下,2026/4/7,31,
千葉ロッテマリーンズ,33,八木 彬,1997.05.26,180,94,右,右,,投手,支配下,2026/4/7,33,TRUE
千葉ロッテマリーンズ,34,高野 脩汰,1998.08.13,184,88,左,左,,投手,支配下,2026/4/7,34,TRUE
千葉ロッテマリーンズ,35,田中 晴也,2004.06.06,186,92,右,左,,投手,支配下,2026/4/7,35,
千葉ロッテマリーンズ,36,坂本 光士郎,1994.09.09,179,80,左,左,,投手,支配下,2026/4/7,36,TRUE
千葉ロッテマリーンズ,37,小野 郁,1996.10.23,175,78,右,右,,投手,支配下,2026/4/7,37,TRUE
千葉ロッテマリーンズ,40,奥村 頼人,2007.09.08,179,83,左,左,,投手,支配下,2026/4/7,40,
千葉ロッテマリーンズ,41,一條 力真,2003.02.10,190,90,右,左,,投手,支配下,2026/4/7,41,
千葉ロッテマリーンズ,42,ジャクソン,1996.05.01,190,95,右,右,2/9 支配下選手登録,投手,支配下,2026/4/7,42,TRUE
千葉ロッテマリーンズ,46,冨士 隼斗,2002.03.10,180,86,右,右,,投手,支配下,2026/4/7,46,
千葉ロッテマリーンズ,47,鈴木 昭汰,1998.09.07,175,80,左,左,,投手,支配下,2026/4/7,47,TRUE
千葉ロッテマリーンズ,52,益田 直也,1989.10.25,179,80,右,右,,投手,支配下,2026/4/7,52,TRUE
千葉ロッテマリーンズ,53,木村 優人,2005.06.01,184,92,右,左,,投手,支配下,2026/4/7,53,
千葉ロッテマリーンズ,54,澤田 圭佑,1994.04.27,178,96,右,左,,投手,支配下,2026/4/7,54,TRUE
千葉ロッテマリーンズ,56,中森 俊介,2002.05.29,183,90,右,左,,投手,支配下,2026/4/7,56,TRUE
千葉ロッテマリーンズ,58,河村 説人,1997.06.18,192,87,右,右,,投手,支配下,2026/4/7,58,TRUE
千葉ロッテマリーンズ,59,早坂 響,2005.07.26,176,70,右,右,,投手,支配下,2026/4/7,59,
千葉ロッテマリーンズ,60,大聖,2002.01.29,178,98,右,左,,投手,支配下,2026/4/7,60,
千葉ロッテマリーンズ,62,坂井 遼,2006.05.08,178,78,右,右,,投手,支配下,2026/4/7,62,
千葉ロッテマリーンズ,64,廣池 康志郎,2002.09.16,185,85,右,左,,投手,支配下,2026/4/7,64,TRUE
千葉ロッテマリーンズ,66,宮﨑 颯,2000.06.14,180,93,左,左,,投手,支配下,2026/4/7,66,
千葉ロッテマリーンズ,73,ロング,1995.07.08,185,83,左,左,1/30 支配下選手登録,投手,支配下,2026/4/7,73,TRUE
千葉ロッテマリーンズ,91,吉川 悠斗,2005.03.14,185,92,左,左,,投手,支配下,2026/4/7,91,
千葉ロッテマリーンズ,2,松川 虎生,2003.10.20,178,98,右,右,,捕手,支配下,2026/4/7,2,TRUE
千葉ロッテマリーンズ,27,田村 龍弘,1994.05.13,172,81,右,右,,捕手,支配下,2026/4/7,27,
千葉ロッテマリーンズ,32,佐藤 都志也,1998.01.27,181,91,右,左,,捕手,支配下,2026/4/7,32,TRUE
千葉ロッテマリーンズ,45,植田 将太,1997.12.18,180,86,右,右,,捕手,支配下,2026/4/7,45,
千葉ロッテマリーンズ,65,寺地 隆成,2005.08.19,177,82,右,左,,捕手,支配下,2026/4/7,65,
千葉ロッテマリーンズ,69,岡村 了樹,2007.05.03,172,77,右,右,,捕手,支配下,2026/4/7,69,
千葉ロッテマリーンズ,0,池田 来翔,1999.12.11,180,95,右,右,,内野手,支配下,2026/4/7,0,TRUE
千葉ロッテマリーンズ,4,友杉 篤輝,2000.11.07,171,70,右,右,,内野手,支配下,2026/4/7,4,TRUE
千葉ロッテマリーンズ,5,安田 尚憲,1999.04.15,188,100,右,左,,内野手,支配下,2026/4/7,5,TRUE
千葉ロッテマリーンズ,7,藤岡 裕大,1993.08.08,178,86,右,左,,内野手,支配下,2026/4/7,7,
千葉ロッテマリーンズ,8,中村 奨吾,1992.05.28,180,86,右,右,,内野手,支配下,2026/4/7,8,
千葉ロッテマリーンズ,10,上田 希由翔,2001.08.12,183,96,右,左,,内野手,支配下,2026/4/7,10,TRUE
千葉ロッテマリーンズ,38,山﨑 剛,1995.12.29,173,74,右,左,6/5 育成選手から支配下選手へ移行,内野手,支配下,2026/4/7,38,
千葉ロッテマリーンズ,43,石垣 勝海,1998.09.21,181,88,右,右,,内野手,支配下,2026/4/7,43,
千葉ロッテマリーンズ,44,宮崎 竜成,2000.12.09,173,90,右,左,,内野手,支配下,2026/4/7,44,TRUE
千葉ロッテマリーンズ,49,立松 由宇,1999.02.05,177,82,右,左,,内野手,支配下,2026/4/7,49,
千葉ロッテマリーンズ,55,櫻井 ユウヤ,2007.06.30,180,90,右,右,,内野手,支配下,2026/4/7,55,
千葉ロッテマリーンズ,57,小川 龍成,1998.04.05,171,74,右,左,,内野手,支配下,2026/4/7,57,TRUE
千葉ロッテマリーンズ,67,茶谷 健太,1998.01.16,186,88,右,右,,内野手,支配下,2026/4/7,67,
千葉ロッテマリーンズ,99,ソト,1989.02.28,185,97,右,右,,内野手,支配下,2026/4/7,99,TRUE
千葉ロッテマリーンズ,0,髙部 瑛斗,1997.12.11,178,72,右,左,,外野手,支配下,2026/4/7,0,
千葉ロッテマリーンズ,1,藤原 恭大,2000.05.06,181,80,左,左,,外野手,支配下,2026/4/7,1,
千葉ロッテマリーンズ,3,角中 勝也,1987.05.25,180,85,右,左,,外野手,支配下,2026/4/7,3,
千葉ロッテマリーンズ,6,西川 史礁,2003.03.25,182,88,右,右,,外野手,支配下,2026/4/7,6,TRUE
千葉ロッテマリーンズ,22,ポランコ,1991.09.14,196,108,左,左,,外野手,支配下,2026/4/7,22,TRUE
千葉ロッテマリーンズ,23,石川 慎吾,1993.04.27,178,80,右,右,,外野手,支配下,2026/4/7,23,
千葉ロッテマリーンズ,25,岡 大海,1991.07.15,185,80,右,右,,外野手,支配下,2026/4/7,25,
千葉ロッテマリーンズ,39,井上 広大,2001.08.12,189,100,右,右,,外野手,支配下,2026/4/7,39,TRUE
千葉ロッテマリーンズ,50,愛斗,1997.04.06,177,92,右,右,,外野手,支配下,2026/4/7,50,TRUE
千葉ロッテマリーンズ,51,山口 航輝,2000.08.18,183,100,右,右,,外野手,支配下,2026/4/7,51,TRUE
千葉ロッテマリーンズ,61,山本 大斗,2002.08.09,180,88,右,右,,外野手,支配下,2026/4/7,61,TRUE
千葉ロッテマリーンズ,63,和田 康士朗,1999.01.14,185,77,左,左,,外野手,支配下,2026/4/7,63,TRUE
千葉ロッテマリーンズ,121,本前 郁也,1997.10.02,176,82,左,左,,投手,育成,2026/4/7,121,
千葉ロッテマリーンズ,122,森 遼大朗,1999.04.22,180,87,右,左,,投手,育成,2026/4/7,122,
千葉ロッテマリーンズ,123,秋山 正雲,2003.04.29,174,80,左,左,,投手,育成,2026/4/7,123,
千葉ロッテマリーンズ,124,中村 亮太,1998.05.18,183,85,右,右,,投手,育成,2026/4/7,124,
千葉ロッテマリーンズ,125,永島田 輝斗,2003.11.30,182,90,右,右,,投手,育成,2026/4/7,125,
千葉ロッテマリーンズ,126,中山 優人,2007.04.18,182,65,右,左,,投手,育成,2026/4/7,126,
千葉ロッテマリーンズ,127,髙橋 快秀,2005.12.21,178,82,右,右,,投手,育成,2026/4/7,127,
千葉ロッテマリーンズ,131,茨木 佑太,2006.05.09,187,93,右,右,,投手,育成,2026/4/7,131,
千葉ロッテマリーンズ,132,長島 幸佑,2002.07.05,187,92,右,右,,投手,育成,2026/4/7,132,
千葉ロッテマリーンズ,133,武内 涼太,2005.10.25,184,84,右,右,,投手,育成,2026/4/7,133,
千葉ロッテマリーンズ,139,ラドニー,2005.03.27,183,90,左,左,1/30 育成選手登録,投手,育成,2026/4/7,139,
千葉ロッテマリーンズ,137,富山 紘之進,2005.09.18,181,70,右,右,,捕手,育成,2026/4/7,137,
千葉ロッテマリーンズ,120,金田 優太,2005.02.12,183,83,右,左,,内野手,育成,2026/4/7,120,
千葉ロッテマリーンズ,129,勝又 琉偉,2004.10.07,188,78,右,右,,内野手,育成,2026/4/7,129,
千葉ロッテマリーンズ,130,谷村 剛,2006.09.15,177,85,右,左,,内野手,育成,2026/4/7,130,
千葉ロッテマリーンズ,134,松石 信八,2005.12.18,175,80,右,右,,内野手,育成,2026/4/7,134,
千葉ロッテマリーンズ,128,杉山 諒,2003.11.22,171,65,左,左,,外野手,育成,2026/4/7,128,
千葉ロッテマリーンズ,135,髙野 光海,2004.06.17,187,95,右,右,,外野手,育成,2026/4/7,135,
千葉ロッテマリーンズ,136,藤田 和樹,2005.11.04,185,82,右,左,,外野手,育成,2026/4/7,136,
千葉ロッテマリーンズ,140,アセベド,2002.08.02,195,104,右,右,1/30 育成選手登録,外野手,育成,2026/4/7,140,