球団,リーグ,ポジション,選手,試合,刺殺,補殺,失策,併殺,捕逸,守備率,盗塁阻止率,更新日
阪神,セ,一塁手,大山 悠輔,81,686,41,5,55,,0.993,,2026/07/17
阪神,セ,一塁手,小野寺 暖,2,3,0,0,0,,1,,2026/07/17
阪神,セ,一塁手,木浪 聖也,2,18,4,0,3,,1,,2026/07/17
阪神,セ,一塁手,熊谷 敬宥,4,3,0,0,0,,1,,2026/07/17
阪神,セ,一塁手,元山 飛優,1,2,0,0,0,,1,,2026/07/17
阪神,セ,二塁手,植田 海,2,2,0,0,0,,1,,2026/07/17
阪神,セ,二塁手,熊谷 敬宥,5,5,11,0,2,,1,,2026/07/17
阪神,セ,二塁手,髙寺 望夢,2,1,8,0,2,,1,,2026/07/17
阪神,セ,二塁手,中野 拓夢,79,175,260,1,44,,0.998,,2026/07/17
阪神,セ,二塁手,元山 飛優,1,0,0,0,0,,0,,2026/07/17
阪神,セ,三塁手,木浪 聖也,3,1,8,1,1,,0.9,,2026/07/17
阪神,セ,三塁手,佐藤 輝明,65,43,85,10,7,,0.928,,2026/07/17
阪神,セ,三塁手,立石 正広,18,12,20,0,1,,1,,2026/07/17
阪神,セ,三塁手,元山 飛優,1,0,0,0,0,,0,,2026/07/17
阪神,セ,遊撃手,小幡 竜平,32,33,69,6,15,,0.944,,2026/07/17
阪神,セ,遊撃手,木浪 聖也,29,38,64,2,11,,0.981,,2026/07/17
阪神,セ,遊撃手,熊谷 敬宥,34,49,84,3,23,,0.978,,2026/07/17
阪神,セ,外野手,植田 海,3,0,0,0,0,,0,,2026/07/17
阪神,セ,外野手,岡城 快生,8,12,0,0,0,,1,,2026/07/17
阪神,セ,外野手,小野寺 暖,15,7,1,1,0,,0.889,,2026/07/17
阪神,セ,外野手,熊谷 敬宥,4,1,0,0,0,,1,,2026/07/17
阪神,セ,外野手,佐藤 輝明,18,34,0,2,0,,0.944,,2026/07/17
阪神,セ,外野手,島田 海吏,2,1,0,0,0,,1,,2026/07/17
阪神,セ,外野手,髙寺 望夢,62,101,2,1,1,,0.99,,2026/07/17
阪神,セ,外野手,立石 正広,4,8,0,0,0,,1,,2026/07/17
阪神,セ,外野手,近本 光司,30,58,2,1,0,,0.984,,2026/07/17
阪神,セ,外野手,中川 勇斗,6,11,0,0,0,,1,,2026/07/17
阪神,セ,外野手,濱田 太貴,3,3,0,0,0,,1,,2026/07/17
阪神,セ,外野手,福島 圭音,28,38,0,2,0,,0.95,,2026/07/17
阪神,セ,外野手,前川 右京,27,32,1,0,0,,1,,2026/07/17
阪神,セ,外野手,森下 翔太,83,143,3,2,0,,0.986,,2026/07/17
阪神,セ,捕手,梅野 隆太郎,18,136,16,0,1,0,1,0.231,2026/07/17
阪神,セ,捕手,榮枝 裕貴,2,1,0,0,0,0,1,0,2026/07/17
阪神,セ,捕手,坂本 誠志郎,47,316,48,4,6,1,0.989,0.324,2026/07/17
阪神,セ,捕手,嶋村 麟士朗,7,7,1,0,0,1,1,0,2026/07/17
阪神,セ,捕手,伏見 寅威,29,196,11,0,0,0,1,0.5,2026/07/17
阪神,セ,投手,石黒 佑弥,13,2,4,0,0,,1,,2026/07/17
阪神,セ,投手,伊藤 将司,3,0,4,0,0,,1,,2026/07/17
阪神,セ,投手,伊原 陵人,5,1,1,0,0,,1,,2026/07/17
阪神,セ,投手,茨木 秀俊,3,0,2,0,0,,1,,2026/07/17
阪神,セ,投手,岩貞 祐太,1,0,0,0,0,,0,,2026/07/17
阪神,セ,投手,岩崎 優,27,0,5,0,0,,1,,2026/07/17
阪神,セ,投手,大竹 耕太郎,11,0,12,0,1,,1,,2026/07/17
阪神,セ,投手,及川 雅貴,21,1,6,0,0,,1,,2026/07/17
阪神,セ,投手,木下 里都,16,1,2,0,0,,1,,2026/07/17
阪神,セ,投手,桐敷 拓馬,18,0,1,0,0,,1,,2026/07/17
阪神,セ,投手,工藤 泰成,28,2,7,0,1,,1,,2026/07/17
阪神,セ,投手,今朝丸 裕喜,3,1,2,0,0,,1,,2026/07/17
阪神,セ,投手,才木 浩人,16,5,12,0,0,,1,,2026/07/17
阪神,セ,投手,椎葉 剛,4,0,1,1,0,,0.5,,2026/07/17
阪神,セ,投手,下村 海翔,2,0,2,0,0,,1,,2026/07/17
阪神,セ,投手,セベリーノ,1,0,0,0,0,,0,,2026/07/17
阪神,セ,投手,髙橋 遥人,14,7,24,0,0,,1,,2026/07/17
阪神,セ,投手,津田 淳哉,6,0,2,0,0,,1,,2026/07/17
阪神,セ,投手,ドリス,33,2,2,0,0,,1,,2026/07/17
阪神,セ,投手,富田 蓮,1,0,0,0,0,,0,,2026/07/17
阪神,セ,投手,西 勇輝,6,0,3,0,0,,1,,2026/07/17
阪神,セ,投手,畠 世周,11,2,4,0,1,,1,,2026/07/17
阪神,セ,投手,早川 太貴,8,0,3,1,0,,0.75,,2026/07/17
阪神,セ,投手,村上 頌樹,16,5,15,1,1,,0.952,,2026/07/17
阪神,セ,投手,モレッタ,17,0,2,0,0,,1,,2026/07/17
阪神,セ,投手,門別 啓人,6,0,3,0,0,,1,,2026/07/17
阪神,セ,投手,湯浅 京己,20,0,3,0,0,,1,,2026/07/17
阪神,セ,投手,ルーカス,3,0,4,0,1,,1,,2026/07/17
巨人,セ,一塁手,大城 卓三,3,24,2,0,4,,1,,2026/07/17
巨人,セ,一塁手,岸田 行倫,1,3,0,0,1,,1,,2026/07/17
巨人,セ,一塁手,ダルベック,59,399,27,4,36,,0.991,,2026/07/17
巨人,セ,一塁手,ティマ,12,77,4,0,6,,1,,2026/07/17
巨人,セ,一塁手,増田 陸,32,219,15,3,19,,0.987,,2026/07/17
巨人,セ,一塁手,リチャード,3,14,1,0,2,,1,,2026/07/17
巨人,セ,二塁手,宇都宮 葵星,1,0,2,0,0,,1,,2026/07/17
巨人,セ,二塁手,浦田 俊輔,49,86,158,2,29,,0.992,,2026/07/17
巨人,セ,二塁手,門脇 誠,14,21,25,1,5,,0.979,,2026/07/17
巨人,セ,二塁手,増田 陸,2,3,2,0,2,,1,,2026/07/17
巨人,セ,二塁手,吉川 尚輝,34,60,89,0,20,,1,,2026/07/17
巨人,セ,三塁手,宇都宮 葵星,1,0,0,0,0,,0,,2026/07/17
巨人,セ,三塁手,浦田 俊輔,12,9,18,0,0,,1,,2026/07/17
巨人,セ,三塁手,門脇 誠,36,5,23,1,2,,0.966,,2026/07/17
巨人,セ,三塁手,小濱 佑斗,7,3,4,0,1,,1,,2026/07/17
巨人,セ,三塁手,坂本 勇人,28,12,28,0,4,,1,,2026/07/17
巨人,セ,三塁手,ダルベック,38,19,55,3,6,,0.961,,2026/07/17
巨人,セ,三塁手,増田 大輝,1,0,0,1,0,,0,,2026/07/17
巨人,セ,三塁手,吉川 尚輝,1,0,0,0,0,,0,,2026/07/17
巨人,セ,三塁手,リチャード,6,3,5,1,1,,0.889,,2026/07/17
巨人,セ,遊撃手,石塚 裕惺,2,4,4,0,2,,1,,2026/07/17
巨人,セ,遊撃手,泉口 友汰,69,89,178,7,35,,0.974,,2026/07/17
巨人,セ,遊撃手,浦田 俊輔,14,20,34,0,9,,1,,2026/07/17
巨人,セ,遊撃手,門脇 誠,3,0,4,0,0,,1,,2026/07/17
巨人,セ,遊撃手,小濱 佑斗,7,11,29,0,6,,1,,2026/07/17
巨人,セ,外野手,浅野 翔吾,8,13,0,0,0,,1,,2026/07/17
巨人,セ,外野手,宇都宮 葵星,1,1,0,0,0,,1,,2026/07/17
巨人,セ,外野手,キャベッジ,77,120,4,3,1,,0.976,,2026/07/17
巨人,セ,外野手,佐々木 俊輔,60,84,2,0,1,,1,,2026/07/17
巨人,セ,外野手,笹原 操希,10,13,0,0,0,,1,,2026/07/17
巨人,セ,外野手,知念 大成,2,1,0,0,0,,1,,2026/07/17
巨人,セ,外野手,中山 礼都,28,40,1,0,0,,1,,2026/07/17
巨人,セ,外野手,萩尾 匡也,1,0,0,0,0,,0,,2026/07/17
巨人,セ,外野手,平山 功太,23,31,1,0,0,,1,,2026/07/17
巨人,セ,外野手,増田 大輝,14,10,0,0,0,,1,,2026/07/17
巨人,セ,外野手,松本 剛,72,92,4,2,2,,0.98,,2026/07/17
巨人,セ,外野手,丸 佳浩,13,14,0,0,0,,1,,2026/07/17
巨人,セ,外野手,皆川 岳飛,3,2,0,0,0,,1,,2026/07/17
巨人,セ,外野手,若林 楽人,10,9,0,0,0,,1,,2026/07/17
巨人,セ,捕手,大城 卓三,41,328,21,2,2,1,0.994,0.333,2026/07/17
巨人,セ,捕手,甲斐 拓也,2,12,0,0,0,0,1,0,2026/07/17
巨人,セ,捕手,岸田 行倫,43,306,32,2,2,3,0.994,0.3,2026/07/17
巨人,セ,捕手,小林 誠司,9,29,1,0,0,0,1,0,2026/07/17
巨人,セ,捕手,山瀬 慎之助,4,31,1,0,1,0,1,0.333,2026/07/17
巨人,セ,投手,赤星 優志,25,3,4,0,0,,1,,2026/07/17
巨人,セ,投手,石川 達也,6,1,1,0,0,,1,,2026/07/17
巨人,セ,投手,泉 圭輔,4,0,0,0,0,,0,,2026/07/17
巨人,セ,投手,井上 温大,14,3,14,0,0,,1,,2026/07/17
巨人,セ,投手,ウィットリー,13,3,5,3,1,,0.727,,2026/07/17
巨人,セ,投手,北浦 竜次,11,0,2,0,0,,1,,2026/07/17
巨人,セ,投手,大勢,32,1,2,0,0,,1,,2026/07/17
巨人,セ,投手,高梨 雄平,18,0,4,0,0,,1,,2026/07/17
巨人,セ,投手,竹丸 和幸,13,3,9,0,0,,1,,2026/07/17
巨人,セ,投手,田中 瑛斗,37,3,2,0,0,,1,,2026/07/17
巨人,セ,投手,田中 将大,10,0,7,1,0,,0.875,,2026/07/17
巨人,セ,投手,田和 廉,29,4,4,0,1,,1,,2026/07/17
巨人,セ,投手,戸郷 翔征,9,0,3,0,0,,1,,2026/07/17
巨人,セ,投手,中川 皓太,28,0,3,1,0,,0.75,,2026/07/17
巨人,セ,投手,西舘 勇陽,5,0,4,0,0,,1,,2026/07/17
巨人,セ,投手,則本 昂大,9,0,4,0,1,,1,,2026/07/17
巨人,セ,投手,ハワード,2,0,1,0,0,,1,,2026/07/17
巨人,セ,投手,船迫 大雅,28,0,3,0,0,,1,,2026/07/17
巨人,セ,投手,堀田 賢慎,15,0,2,0,1,,1,,2026/07/17
巨人,セ,投手,マタ,4,0,2,0,0,,1,,2026/07/17
巨人,セ,投手,マルティネス,35,3,5,1,0,,0.889,,2026/07/17
巨人,セ,投手,又木 鉄平,4,2,0,0,0,,1,,2026/07/17
巨人,セ,投手,宮原 駿介,5,0,0,0,0,,0,,2026/07/17
巨人,セ,投手,森田 駿哉,4,1,2,0,0,,1,,2026/07/17
巨人,セ,投手,山﨑 伊織,1,0,0,0,0,,0,,2026/07/17
巨人,セ,投手,山城 京平,1,1,1,0,0,,1,,2026/07/17
巨人,セ,投手,山田 龍聖,2,0,0,0,0,,0,,2026/07/17
巨人,セ,投手,ルシアーノ,11,0,1,0,1,,1,,2026/07/17
DeNA,セ,一塁手,井上 朋也,2,12,1,0,1,,1,,2026/07/17
DeNA,セ,一塁手,小田 康一郎,1,3,2,0,0,,1,,2026/07/17
DeNA,セ,一塁手,京田 陽太,1,1,0,0,0,,1,,2026/07/17
DeNA,セ,一塁手,九鬼 隆平,2,1,0,0,0,,1,,2026/07/17
DeNA,セ,一塁手,佐野 恵太,64,453,59,0,31,,1,,2026/07/17
DeNA,セ,一塁手,筒香 嘉智,18,133,13,2,10,,0.986,,2026/07/17
DeNA,セ,一塁手,ビシエド,4,26,1,1,4,,0.964,,2026/07/17
DeNA,セ,一塁手,三森 大貴,5,3,3,1,1,,0.857,,2026/07/17
DeNA,セ,二塁手,石上 泰輝,1,2,0,0,0,,1,,2026/07/17
DeNA,セ,二塁手,小田 康一郎,1,2,1,0,1,,1,,2026/07/17
DeNA,セ,二塁手,京田 陽太,3,4,8,1,2,,0.923,,2026/07/17
DeNA,セ,二塁手,成瀬 脩人,12,22,25,2,7,,0.959,,2026/07/17
DeNA,セ,二塁手,林 琢真,14,16,34,3,2,,0.943,,2026/07/17
DeNA,セ,二塁手,牧 秀悟,48,94,135,6,23,,0.974,,2026/07/17
DeNA,セ,二塁手,三森 大貴,20,23,44,0,9,,1,,2026/07/17
DeNA,セ,二塁手,宮下 朝陽,1,0,0,0,0,,0,,2026/07/17
DeNA,セ,三塁手,小田 康一郎,1,1,0,0,0,,1,,2026/07/17
DeNA,セ,三塁手,京田 陽太,1,1,1,0,0,,1,,2026/07/17
DeNA,セ,三塁手,柴田 竜拓,26,4,5,0,0,,1,,2026/07/17
DeNA,セ,三塁手,筒香 嘉智,26,19,24,1,2,,0.977,,2026/07/17
DeNA,セ,三塁手,成瀬 脩人,1,0,0,0,0,,0,,2026/07/17
DeNA,セ,三塁手,林 琢真,9,0,4,1,0,,0.8,,2026/07/17
DeNA,セ,三塁手,宮﨑 敏郎,50,25,55,2,5,,0.976,,2026/07/17
DeNA,セ,三塁手,宮下 朝陽,1,1,2,0,1,,1,,2026/07/17
DeNA,セ,三塁手,度会 隆輝,11,6,13,0,0,,1,,2026/07/17
DeNA,セ,遊撃手,石上 泰輝,30,42,70,3,15,,0.974,,2026/07/17
DeNA,セ,遊撃手,京田 陽太,27,33,55,1,8,,0.989,,2026/07/17
DeNA,セ,遊撃手,柴田 竜拓,1,0,3,0,0,,1,,2026/07/17
DeNA,セ,遊撃手,成瀬 脩人,5,7,12,0,3,,1,,2026/07/17
DeNA,セ,遊撃手,林 琢真,9,9,22,0,5,,1,,2026/07/17
DeNA,セ,遊撃手,宮下 朝陽,25,30,65,0,8,,1,,2026/07/17
DeNA,セ,外野手,井上 朋也,1,0,0,0,0,,0,,2026/07/17
DeNA,セ,外野手,エンカーナシオン,12,21,1,1,0,,0.957,,2026/07/17
DeNA,セ,外野手,蝦名 達夫,64,119,2,0,0,,1,,2026/07/17
DeNA,セ,外野手,梶原 昂希,17,34,0,0,0,,1,,2026/07/17
DeNA,セ,外野手,勝又 温史,57,102,1,0,0,,1,,2026/07/17
DeNA,セ,外野手,神里 和毅,38,21,0,0,0,,1,,2026/07/17
DeNA,セ,外野手,九鬼 隆平,1,0,0,0,0,,0,,2026/07/17
DeNA,セ,外野手,佐野 恵太,16,24,0,0,0,,1,,2026/07/17
DeNA,セ,外野手,ヒュンメル,31,40,0,3,0,,0.93,,2026/07/17
DeNA,セ,外野手,三森 大貴,18,33,1,0,0,,1,,2026/07/17
DeNA,セ,外野手,度会 隆輝,61,84,3,0,0,,1,,2026/07/17
DeNA,セ,捕手,戸柱 恭孝,14,91,4,0,0,2,1,0.125,2026/07/17
DeNA,セ,捕手,古市 尊,3,7,0,0,0,0,1,0,2026/07/17
DeNA,セ,捕手,松尾 汐恩,51,404,36,1,3,1,0.998,0.286,2026/07/17
DeNA,セ,捕手,山本 祐大,25,210,14,1,2,0,0.996,0.19,2026/07/17
DeNA,セ,投手,東 克樹,15,9,16,0,0,,1,,2026/07/17
DeNA,セ,投手,石田 健大,2,0,0,0,0,,0,,2026/07/17
DeNA,セ,投手,石田 裕太郎,15,9,12,0,0,,1,,2026/07/17
DeNA,セ,投手,伊勢 大夢,27,2,1,0,0,,1,,2026/07/17
DeNA,セ,投手,入江 大生,7,2,4,1,0,,0.857,,2026/07/17
DeNA,セ,投手,岩田 将貴,15,3,6,0,0,,1,,2026/07/17
DeNA,セ,投手,尾形 崇斗,7,4,1,0,0,,1,,2026/07/17
DeNA,セ,投手,片山 皓心,1,0,0,0,0,,0,,2026/07/17
DeNA,セ,投手,コックス,2,0,1,0,0,,1,,2026/07/17
DeNA,セ,投手,坂本 裕哉,28,5,7,2,1,,0.857,,2026/07/17
DeNA,セ,投手,篠木 健太郎,8,1,5,1,0,,0.857,,2026/07/17
DeNA,セ,投手,柴田 竜拓,1,0,0,0,0,,0,,2026/07/17
DeNA,セ,投手,島田 舜也,4,3,4,0,1,,1,,2026/07/17
DeNA,セ,投手,庄司 陽斗,1,0,1,0,0,,1,,2026/07/17
DeNA,セ,投手,平良 拳太郎,12,9,6,1,0,,0.938,,2026/07/17
DeNA,セ,投手,竹田 祐,5,4,3,1,0,,0.875,,2026/07/17
DeNA,セ,投手,武田 陸玖,1,0,0,0,0,,0,,2026/07/17
DeNA,セ,投手,デュプランティエ,2,0,0,0,0,,0,,2026/07/17
DeNA,セ,投手,中川 虎大,32,2,2,0,1,,1,,2026/07/17
DeNA,セ,投手,中川 颯,5,0,0,0,0,,0,,2026/07/17
DeNA,セ,投手,橋本 達弥,6,1,0,0,0,,1,,2026/07/17
DeNA,セ,投手,浜地 真澄,3,1,1,0,0,,1,,2026/07/17
DeNA,セ,投手,深沢 鳳介,4,1,3,1,0,,0.8,,2026/07/17
DeNA,セ,投手,藤浪 晋太郎,1,0,0,0,0,,0,,2026/07/17
DeNA,セ,投手,堀岡 隼人,6,2,0,0,0,,1,,2026/07/17
DeNA,セ,投手,マルセリーノ,21,2,3,1,0,,0.833,,2026/07/17
DeNA,セ,投手,松本 凌人,2,0,0,0,0,,0,,2026/07/17
DeNA,セ,投手,宮城 滝太,25,1,2,0,0,,1,,2026/07/17
DeNA,セ,投手,山﨑 康晃,23,1,3,1,1,,0.8,,2026/07/17
DeNA,セ,投手,吉野 光樹,14,0,1,0,0,,1,,2026/07/17
DeNA,セ,投手,ルイーズ,29,3,4,0,0,,1,,2026/07/17
DeNA,セ,投手,レイノルズ,35,6,5,0,0,,1,,2026/07/17
DeNA,セ,投手,若松 尚輝,13,4,4,0,0,,1,,2026/07/17
広島,セ,一塁手,坂倉 将吾,45,255,20,1,18,,0.996,,2026/07/17
広島,セ,一塁手,佐々木 泰,10,50,0,0,1,,1,,2026/07/17
広島,セ,一塁手,佐藤 啓介,7,56,4,0,1,,1,,2026/07/17
広島,セ,一塁手,辰見 鴻之介,1,1,0,0,0,,1,,2026/07/17
広島,セ,一塁手,林 晃汰,1,7,1,0,1,,1,,2026/07/17
広島,セ,一塁手,二俣 翔一,1,4,0,0,1,,1,,2026/07/17
広島,セ,一塁手,モンテロ,42,320,13,2,27,,0.994,,2026/07/17
広島,セ,二塁手,勝田 成,21,34,48,0,11,,1,,2026/07/17
広島,セ,二塁手,菊池 涼介,70,103,189,2,25,,0.993,,2026/07/17
広島,セ,二塁手,佐藤 啓介,1,0,1,0,0,,1,,2026/07/17
広島,セ,二塁手,二俣 翔一,1,1,0,0,1,,1,,2026/07/17
広島,セ,三塁手,勝田 成,1,0,0,0,0,,0,,2026/07/17
広島,セ,三塁手,小園 海斗,45,9,36,2,0,,0.957,,2026/07/17
広島,セ,三塁手,坂倉 将吾,31,18,43,6,3,,0.91,,2026/07/17
広島,セ,三塁手,佐々木 泰,32,18,57,3,8,,0.962,,2026/07/17
広島,セ,三塁手,辰見 鴻之介,2,0,0,0,0,,0,,2026/07/17
広島,セ,三塁手,二俣 翔一,1,0,1,0,0,,1,,2026/07/17
広島,セ,遊撃手,勝田 成,19,22,29,1,5,,0.981,,2026/07/17
広島,セ,遊撃手,小園 海斗,58,54,116,1,20,,0.994,,2026/07/17
広島,セ,遊撃手,二俣 翔一,4,1,2,0,0,,1,,2026/07/17
広島,セ,遊撃手,矢野 雅哉,43,33,56,2,8,,0.978,,2026/07/17
広島,セ,外野手,秋山 翔吾,19,37,0,1,0,,0.974,,2026/07/17
広島,セ,外野手,大盛 穂,71,156,2,0,0,,1,,2026/07/17
広島,セ,外野手,久保 修,1,1,0,0,0,,1,,2026/07/17
広島,セ,外野手,佐々木 泰,14,22,1,1,0,,0.958,,2026/07/17
広島,セ,外野手,佐藤 啓介,2,1,0,0,0,,1,,2026/07/17
広島,セ,外野手,辰見 鴻之介,11,10,1,1,1,,0.917,,2026/07/17
広島,セ,外野手,田村 俊介,3,5,0,0,0,,1,,2026/07/17
広島,セ,外野手,中村 奨成,29,29,1,0,0,,1,,2026/07/17
広島,セ,外野手,名原 典彦,40,82,1,1,1,,0.988,,2026/07/17
広島,セ,外野手,野間 峻祥,24,27,0,3,0,,0.9,,2026/07/17
広島,セ,外野手,平川 蓮,27,55,3,0,2,,1,,2026/07/17
広島,セ,外野手,ファビアン,45,90,5,1,0,,0.99,,2026/07/17
広島,セ,外野手,二俣 翔一,15,13,0,0,0,,1,,2026/07/17
広島,セ,捕手,石原 貴規,33,180,16,1,3,2,0.995,0.25,2026/07/17
広島,セ,捕手,坂倉 将吾,20,121,11,0,2,1,1,0,2026/07/17
広島,セ,捕手,持丸 泰輝,53,332,28,0,0,5,1,0.118,2026/07/17
広島,セ,投手,アドゥワ 誠,1,0,1,0,0,,1,,2026/07/17
広島,セ,投手,赤木 晴哉,6,0,2,0,0,,1,,2026/07/17
広島,セ,投手,遠藤 淳志,31,0,5,0,0,,1,,2026/07/17
広島,セ,投手,大瀬良 大地,2,1,0,0,0,,1,,2026/07/17
広島,セ,投手,岡本 駿,15,1,6,0,1,,1,,2026/07/17
広島,セ,投手,菊地 ハルン,3,1,0,0,0,,1,,2026/07/17
広島,セ,投手,栗林 良吏,8,9,9,0,0,,1,,2026/07/17
広島,セ,投手,黒原 拓未,3,0,0,0,0,,0,,2026/07/17
広島,セ,投手,齊藤 汰直,10,0,3,0,0,,1,,2026/07/17
広島,セ,投手,斉藤 優汰,2,0,0,0,0,,0,,2026/07/17
広島,セ,投手,島内 颯太郎,12,0,2,0,0,,1,,2026/07/17
広島,セ,投手,鈴木 健矢,20,3,3,1,0,,0.857,,2026/07/17
広島,セ,投手,ターノック,9,1,4,0,0,,1,,2026/07/17
広島,セ,投手,髙 太一,32,0,7,0,0,,1,,2026/07/17
広島,セ,投手,玉村 昇悟,9,4,4,0,0,,1,,2026/07/17
広島,セ,投手,辻 大雅,22,0,2,0,0,,1,,2026/07/17
広島,セ,投手,常廣 羽也斗,7,0,0,0,0,,0,,2026/07/17
広島,セ,投手,床田 寛樹,14,3,18,1,0,,0.955,,2026/07/17
広島,セ,投手,中﨑 翔太,27,1,7,0,0,,1,,2026/07/17
広島,セ,投手,ハーン,33,0,1,3,0,,0.25,,2026/07/17
広島,セ,投手,塹江 敦哉,19,1,7,0,1,,1,,2026/07/17
広島,セ,投手,益田 武尚,12,0,2,0,0,,1,,2026/07/17
広島,セ,投手,森 翔平,7,3,7,1,0,,0.909,,2026/07/17
広島,セ,投手,森浦 大輔,33,1,1,0,0,,1,,2026/07/17
広島,セ,投手,森下 暢仁,14,2,12,1,1,,0.933,,2026/07/17
ヤクルト,セ,一塁手,赤羽 由紘,12,46,1,0,3,,1,,2026/07/17
ヤクルト,セ,一塁手,オスナ,56,406,29,2,25,,0.995,,2026/07/17
ヤクルト,セ,一塁手,北村 恵吾,3,16,1,0,1,,1,,2026/07/17
ヤクルト,セ,一塁手,澤井 廉,5,32,1,0,3,,1,,2026/07/17
ヤクルト,セ,一塁手,セデーニョ,7,42,4,0,5,,1,,2026/07/17
ヤクルト,セ,一塁手,宮本 丈,3,4,0,0,1,,1,,2026/07/17
ヤクルト,セ,一塁手,茂木 栄五郎,20,68,11,2,8,,0.975,,2026/07/17
ヤクルト,セ,一塁手,山野辺 翔,5,35,2,0,2,,1,,2026/07/17
ヤクルト,セ,二塁手,赤羽 由紘,12,15,26,2,3,,0.953,,2026/07/17
ヤクルト,セ,二塁手,石井 巧,4,5,7,0,2,,1,,2026/07/17
ヤクルト,セ,二塁手,伊藤 琉偉,35,33,51,2,11,,0.977,,2026/07/17
ヤクルト,セ,二塁手,内山 壮真,44,80,104,5,23,,0.974,,2026/07/17
ヤクルト,セ,二塁手,武岡 龍世,13,15,33,1,3,,0.98,,2026/07/17
ヤクルト,セ,二塁手,松下 歩叶,1,0,1,0,0,,1,,2026/07/17
ヤクルト,セ,三塁手,赤羽 由紘,22,9,19,1,1,,0.966,,2026/07/17
ヤクルト,セ,三塁手,石井 巧,6,1,8,2,0,,0.818,,2026/07/17
ヤクルト,セ,三塁手,伊藤 琉偉,1,0,1,0,0,,1,,2026/07/17
ヤクルト,セ,三塁手,内山 壮真,2,0,2,0,1,,1,,2026/07/17
ヤクルト,セ,三塁手,北村 恵吾,3,1,1,0,0,,1,,2026/07/17
ヤクルト,セ,三塁手,武岡 龍世,55,21,66,4,3,,0.956,,2026/07/17
ヤクルト,セ,三塁手,田中 陽翔,11,1,4,2,0,,0.714,,2026/07/17
ヤクルト,セ,三塁手,松下 歩叶,22,12,16,1,1,,0.966,,2026/07/17
ヤクルト,セ,遊撃手,石井 巧,5,4,12,0,3,,1,,2026/07/17
ヤクルト,セ,遊撃手,伊藤 琉偉,21,12,33,1,7,,0.978,,2026/07/17
ヤクルト,セ,遊撃手,内山 壮真,2,0,1,0,0,,1,,2026/07/17
ヤクルト,セ,遊撃手,武岡 龍世,9,10,9,0,5,,1,,2026/07/17
ヤクルト,セ,遊撃手,長岡 秀樹,66,86,168,5,28,,0.981,,2026/07/17
ヤクルト,セ,外野手,赤羽 由紘,34,27,2,0,0,,1,,2026/07/17
ヤクルト,セ,外野手,岩田 幸宏,77,176,1,3,1,,0.983,,2026/07/17
ヤクルト,セ,外野手,サンタナ,71,85,4,2,0,,0.978,,2026/07/17
ヤクルト,セ,外野手,澤井 廉,3,3,0,0,0,,1,,2026/07/17
ヤクルト,セ,外野手,塩見 泰隆,16,20,0,0,0,,1,,2026/07/17
ヤクルト,セ,外野手,並木 秀尊,17,31,0,0,0,,1,,2026/07/17
ヤクルト,セ,外野手,橋本 星哉,4,2,0,0,0,,1,,2026/07/17
ヤクルト,セ,外野手,増田 珠,60,113,1,1,0,,0.991,,2026/07/17
ヤクルト,セ,外野手,丸山 和郁,30,56,1,0,0,,1,,2026/07/17
ヤクルト,セ,外野手,モイセエフ ニキータ,1,1,0,0,0,,1,,2026/07/17
ヤクルト,セ,外野手,モンテル,28,34,0,2,0,,0.944,,2026/07/17
ヤクルト,セ,外野手,山野辺 翔,4,1,0,1,0,,0.5,,2026/07/17
ヤクルト,セ,捕手,古賀 優大,52,390,37,0,2,0,1,0.286,2026/07/17
ヤクルト,セ,捕手,鈴木 叶,23,160,14,2,0,0,0.989,0.115,2026/07/17
ヤクルト,セ,捕手,中村 悠平,19,110,8,0,1,1,1,0.182,2026/07/17
ヤクルト,セ,捕手,松本 直樹,1,1,0,0,0,0,1,0,2026/07/17
ヤクルト,セ,捕手,矢野 泰二郎,4,9,2,1,1,0,0.917,0.5,2026/07/17
ヤクルト,セ,投手,飯田 琉斗,1,0,0,0,0,,0,,2026/07/17
ヤクルト,セ,投手,石原 勇輝,3,0,2,0,0,,1,,2026/07/17
ヤクルト,セ,投手,ウォルターズ,3,1,2,0,0,,1,,2026/07/17
ヤクルト,セ,投手,オスナ,1,0,0,0,0,,0,,2026/07/17
ヤクルト,セ,投手,大西 広樹,8,0,1,0,0,,1,,2026/07/17
ヤクルト,セ,投手,大道 温貴,1,0,0,0,0,,0,,2026/07/17
ヤクルト,セ,投手,小川 泰弘,7,2,4,0,0,,1,,2026/07/17
ヤクルト,セ,投手,奥川 恭伸,13,6,10,0,1,,1,,2026/07/17
ヤクルト,セ,投手,キハダ,32,0,2,0,0,,1,,2026/07/17
ヤクルト,セ,投手,木澤 尚文,11,3,0,0,1,,1,,2026/07/17
ヤクルト,セ,投手,小澤 怜史,10,0,2,0,1,,1,,2026/07/17
ヤクルト,セ,投手,阪口 皓亮,13,1,2,1,1,,0.75,,2026/07/17
ヤクルト,セ,投手,清水 昇,26,2,4,0,1,,1,,2026/07/17
ヤクルト,セ,投手,下川 隼佑,1,0,0,0,0,,0,,2026/07/17
ヤクルト,セ,投手,荘司 宏太,20,0,2,0,0,,1,,2026/07/17
ヤクルト,セ,投手,高梨 裕稔,10,3,7,0,0,,1,,2026/07/17
ヤクルト,セ,投手,高橋 奎二,8,1,3,0,0,,1,,2026/07/17
ヤクルト,セ,投手,拓也,7,0,0,0,0,,0,,2026/07/17
ヤクルト,セ,投手,田口 麗斗,10,0,1,1,0,,0.5,,2026/07/17
ヤクルト,セ,投手,長谷川 宙輝,1,0,1,0,0,,1,,2026/07/17
ヤクルト,セ,投手,廣澤 優,26,0,3,3,0,,0.5,,2026/07/17
ヤクルト,セ,投手,星 知弥,31,2,1,0,0,,1,,2026/07/17
ヤクルト,セ,投手,増居 翔太,3,0,2,0,0,,1,,2026/07/17
ヤクルト,セ,投手,松本 健吾,13,4,4,0,1,,1,,2026/07/17
ヤクルト,セ,投手,丸山 翔大,21,2,3,0,0,,1,,2026/07/17
ヤクルト,セ,投手,山野 太一,15,7,17,1,1,,0.96,,2026/07/17
ヤクルト,セ,投手,吉村 貢司郎,12,2,10,0,0,,1,,2026/07/17
ヤクルト,セ,投手,リランソ,18,0,0,1,0,,0,,2026/07/17
中日,セ,一塁手,阿部 寿樹,17,116,9,0,7,,1,,2026/07/17
中日,セ,一塁手,石川 昂弥,13,64,6,0,2,,1,,2026/07/17
中日,セ,一塁手,板山 祐太郎,8,18,1,0,0,,1,,2026/07/17
中日,セ,一塁手,サノー,35,267,22,1,18,,0.997,,2026/07/17
中日,セ,一塁手,高橋 周平,7,32,5,0,2,,1,,2026/07/17
中日,セ,一塁手,福永 裕基,4,9,0,0,2,,1,,2026/07/17
中日,セ,一塁手,ボスラー,29,233,19,3,16,,0.988,,2026/07/17
中日,セ,二塁手,板山 祐太郎,9,12,24,0,5,,1,,2026/07/17
中日,セ,二塁手,田中 幹也,67,131,197,1,32,,0.997,,2026/07/17
中日,セ,二塁手,辻本 倫太郎,5,4,6,0,2,,1,,2026/07/17
中日,セ,二塁手,土田 龍空,6,10,11,1,2,,0.955,,2026/07/17
中日,セ,二塁手,福永 裕基,5,5,16,0,0,,1,,2026/07/17
中日,セ,二塁手,山本 泰寛,14,26,25,0,0,,1,,2026/07/17
中日,セ,三塁手,石川 昂弥,38,28,66,1,2,,0.989,,2026/07/17
中日,セ,三塁手,板山 祐太郎,1,0,0,0,0,,0,,2026/07/17
中日,セ,三塁手,高橋 周平,14,4,21,0,1,,1,,2026/07/17
中日,セ,三塁手,福永 裕基,39,22,56,2,3,,0.975,,2026/07/17
中日,セ,三塁手,ボスラー,2,1,3,0,0,,1,,2026/07/17
中日,セ,三塁手,山本 泰寛,9,2,4,0,0,,1,,2026/07/17
中日,セ,遊撃手,辻本 倫太郎,2,0,1,0,0,,1,,2026/07/17
中日,セ,遊撃手,土田 龍空,2,0,1,0,0,,1,,2026/07/17
中日,セ,遊撃手,村松 開人,84,113,214,13,30,,0.962,,2026/07/17
中日,セ,遊撃手,山本 泰寛,3,2,3,0,1,,1,,2026/07/17
中日,セ,遊撃手,ロドリゲス,1,0,3,0,1,,1,,2026/07/17
中日,セ,外野手,板山 祐太郎,34,42,3,0,1,,1,,2026/07/17
中日,セ,外野手,鵜飼 航丞,43,58,1,1,0,,0.983,,2026/07/17
中日,セ,外野手,大島 洋平,18,21,0,1,0,,0.955,,2026/07/17
中日,セ,外野手,岡林 勇希,38,93,1,0,0,,1,,2026/07/17
中日,セ,外野手,尾田 剛樹,25,15,0,1,0,,0.938,,2026/07/17
中日,セ,外野手,カリステ,16,23,1,1,0,,0.96,,2026/07/17
中日,セ,外野手,土田 龍空,17,13,0,0,0,,1,,2026/07/17
中日,セ,外野手,花田 旭,19,30,0,0,0,,1,,2026/07/17
中日,セ,外野手,樋口 正修,3,0,0,0,0,,0,,2026/07/17
中日,セ,外野手,ブライト 健太,4,4,0,0,0,,1,,2026/07/17
中日,セ,外野手,ボスラー,24,25,0,0,0,,1,,2026/07/17
中日,セ,外野手,細川 成也,85,140,6,1,1,,0.993,,2026/07/17
中日,セ,捕手,石伊 雄太,64,481,38,2,6,5,0.996,0.235,2026/07/17
中日,セ,捕手,石橋 康太,1,0,0,0,0,0,0,0,2026/07/17
中日,セ,捕手,加藤 匠馬,23,112,23,0,1,0,1,0.429,2026/07/17
中日,セ,捕手,木下 拓哉,14,82,10,1,1,0,0.989,0.308,2026/07/17
中日,セ,捕手,味谷 大誠,4,5,0,0,0,0,1,0,2026/07/17
中日,セ,投手,アブレウ,8,0,1,0,0,,1,,2026/07/17
中日,セ,投手,伊藤 茉央,15,1,3,0,0,,1,,2026/07/17
中日,セ,投手,梅野 雄吾,2,2,0,0,0,,1,,2026/07/17
中日,セ,投手,大野 雄大,14,11,21,1,3,,0.97,,2026/07/17
中日,セ,投手,勝野 昌慶,7,0,1,0,0,,1,,2026/07/17
中日,セ,投手,金丸 夢斗,15,4,10,0,2,,1,,2026/07/17
中日,セ,投手,草加 勝,9,0,0,0,0,,0,,2026/07/17
中日,セ,投手,近藤 廉,3,1,2,0,0,,1,,2026/07/17
中日,セ,投手,齋藤 綱記,36,1,4,0,0,,1,,2026/07/17
中日,セ,投手,櫻井 頼之介,10,2,4,1,0,,0.857,,2026/07/17
中日,セ,投手,篠﨑 国忠,3,0,0,0,0,,0,,2026/07/17
中日,セ,投手,清水 達也,4,0,1,0,0,,1,,2026/07/17
中日,セ,投手,杉浦 稔大,11,2,0,0,0,,1,,2026/07/17
中日,セ,投手,髙橋 宏斗,9,3,11,0,1,,1,,2026/07/17
中日,セ,投手,仲地 礼亜,4,1,0,0,0,,1,,2026/07/17
中日,セ,投手,中西 聖輝,6,1,2,1,0,,0.75,,2026/07/17
中日,セ,投手,根尾 昂,9,1,0,0,0,,1,,2026/07/17
中日,セ,投手,橋本 侑樹,21,1,4,1,0,,0.833,,2026/07/17
中日,セ,投手,福 敬登,3,0,0,0,0,,0,,2026/07/17
中日,セ,投手,藤嶋 健人,34,1,5,0,0,,1,,2026/07/17
中日,セ,投手,マラー,11,6,9,1,0,,0.938,,2026/07/17
中日,セ,投手,牧野 憲伸,22,2,1,0,0,,1,,2026/07/17
中日,セ,投手,松葉 貴大,2,3,1,0,0,,1,,2026/07/17
中日,セ,投手,松山 晋也,25,1,3,0,0,,1,,2026/07/17
中日,セ,投手,メヒア,18,1,4,0,0,,1,,2026/07/17
中日,セ,投手,柳 裕也,16,4,7,1,1,,0.917,,2026/07/17
中日,セ,投手,吉田 聖弥,29,0,3,0,0,,1,,2026/07/17
中日,セ,投手,涌井 秀章,4,1,4,0,0,,1,,2026/07/17
ソフトバンク,パ,一塁手,石塚 綜一郎,4,18,0,0,2,,1,,2026/07/17
ソフトバンク,パ,一塁手,川瀬 晃,2,3,0,0,0,,1,,2026/07/17
ソフトバンク,パ,一塁手,栗原 陵矢,33,68,3,0,9,,1,,2026/07/17
ソフトバンク,パ,一塁手,ダウンズ,1,5,1,1,0,,0.857,,2026/07/17
ソフトバンク,パ,一塁手,髙橋 隆慶,1,6,1,0,0,,1,,2026/07/17
ソフトバンク,パ,一塁手,中村 晃,2,11,0,0,1,,1,,2026/07/17
ソフトバンク,パ,一塁手,廣瀨 隆太,17,95,10,0,7,,1,,2026/07/17
ソフトバンク,パ,一塁手,正木 智也,26,157,16,1,16,,0.994,,2026/07/17
ソフトバンク,パ,一塁手,山川 穂高,37,273,12,2,27,,0.993,,2026/07/17
ソフトバンク,パ,二塁手,今宮 健太,11,27,19,1,8,,0.979,,2026/07/17
ソフトバンク,パ,二塁手,川瀬 晃,14,16,34,0,5,,1,,2026/07/17
ソフトバンク,パ,二塁手,庄子 雄大,7,14,15,0,3,,1,,2026/07/17
ソフトバンク,パ,二塁手,野村 勇,3,3,1,0,0,,1,,2026/07/17
ソフトバンク,パ,二塁手,廣瀨 隆太,2,0,3,0,0,,1,,2026/07/17
ソフトバンク,パ,二塁手,牧原 大成,65,121,168,1,38,,0.997,,2026/07/17
ソフトバンク,パ,三塁手,今宮 健太,2,1,0,0,0,,1,,2026/07/17
ソフトバンク,パ,三塁手,川瀬 晃,1,0,0,0,0,,0,,2026/07/17
ソフトバンク,パ,三塁手,栗原 陵矢,80,48,120,8,15,,0.955,,2026/07/17
ソフトバンク,パ,三塁手,庄子 雄大,1,0,0,0,0,,0,,2026/07/17
ソフトバンク,パ,三塁手,野村 勇,31,13,10,2,3,,0.92,,2026/07/17
ソフトバンク,パ,三塁手,廣瀨 隆太,1,0,0,0,0,,0,,2026/07/17
ソフトバンク,パ,遊撃手,今宮 健太,23,37,48,1,13,,0.988,,2026/07/17
ソフトバンク,パ,遊撃手,川瀬 晃,15,11,29,0,5,,1,,2026/07/17
ソフトバンク,パ,遊撃手,庄子 雄大,43,49,90,2,17,,0.986,,2026/07/17
ソフトバンク,パ,遊撃手,野村 勇,22,29,39,1,7,,0.986,,2026/07/17
ソフトバンク,パ,外野手,イヒネ イツア,6,0,0,0,0,,0,,2026/07/17
ソフトバンク,パ,外野手,川村 友斗,54,20,1,0,0,,1,,2026/07/17
ソフトバンク,パ,外野手,近藤 健介,69,129,1,3,0,,0.977,,2026/07/17
ソフトバンク,パ,外野手,笹川 吉康,9,20,1,0,0,,1,,2026/07/17
ソフトバンク,パ,外野手,周東 佑京,77,175,2,0,0,,1,,2026/07/17
ソフトバンク,パ,外野手,谷川原 健太,28,10,1,1,0,,0.917,,2026/07/17
ソフトバンク,パ,外野手,牧原 大成,19,27,1,0,0,,1,,2026/07/17
ソフトバンク,パ,外野手,正木 智也,27,41,0,1,0,,0.976,,2026/07/17
ソフトバンク,パ,外野手,柳田 悠岐,10,16,0,0,0,,1,,2026/07/17
ソフトバンク,パ,外野手,柳町 達,46,73,0,1,0,,0.986,,2026/07/17
ソフトバンク,パ,外野手,山本 恵大,9,14,1,1,0,,0.938,,2026/07/17
ソフトバンク,パ,捕手,海野 隆司,65,474,50,0,2,4,1,0.464,2026/07/17
ソフトバンク,パ,捕手,谷川原 健太,19,53,13,0,3,0,1,0.3,2026/07/17
ソフトバンク,パ,捕手,山本 祐大,14,101,12,1,1,0,0.991,0.333,2026/07/17
ソフトバンク,パ,捕手,渡邉 陸,10,51,5,1,0,0,0.982,0.333,2026/07/17
ソフトバンク,パ,投手,アルメンタ,2,0,0,0,0,,0,,2026/07/17
ソフトバンク,パ,投手,伊藤 優輔,20,1,4,0,1,,1,,2026/07/17
ソフトバンク,パ,投手,稲川 竜汰,1,0,0,0,0,,0,,2026/07/17
ソフトバンク,パ,投手,岩井 俊介,3,0,1,0,0,,1,,2026/07/17
ソフトバンク,パ,投手,上沢 直之,12,4,6,0,0,,1,,2026/07/17
ソフトバンク,パ,投手,オスナ,30,2,2,0,0,,1,,2026/07/17
ソフトバンク,パ,投手,大江 竜聖,3,0,2,0,0,,1,,2026/07/17
ソフトバンク,パ,投手,大関 友久,9,2,8,0,1,,1,,2026/07/17
ソフトバンク,パ,投手,大竹 風雅,5,1,1,1,0,,0.667,,2026/07/17
ソフトバンク,パ,投手,大津 亮介,13,1,13,0,2,,1,,2026/07/17
ソフトバンク,パ,投手,大野 稼頭央,4,1,0,0,0,,1,,2026/07/17
ソフトバンク,パ,投手,大山 凌,2,0,0,0,0,,0,,2026/07/17
ソフトバンク,パ,投手,尾形 崇斗,10,0,2,0,0,,1,,2026/07/17
ソフトバンク,パ,投手,上茶谷 大河,27,3,5,0,0,,1,,2026/07/17
ソフトバンク,パ,投手,木村 光,27,2,5,0,0,,1,,2026/07/17
ソフトバンク,パ,投手,徐 若熙,6,1,4,0,0,,1,,2026/07/17
ソフトバンク,パ,投手,スチュワート・ジュニア,11,6,7,1,0,,0.929,,2026/07/17
ソフトバンク,パ,投手,杉山 一樹,31,1,2,0,0,,1,,2026/07/17
ソフトバンク,パ,投手,鈴木 豪太,20,6,3,0,0,,1,,2026/07/17
ソフトバンク,パ,投手,津森 宥紀,28,1,0,0,0,,1,,2026/07/17
ソフトバンク,パ,投手,中村 稔弥,6,1,1,0,0,,1,,2026/07/17
ソフトバンク,パ,投手,藤原 大翔,2,0,0,0,0,,0,,2026/07/17
ソフトバンク,パ,投手,ヘルナンデス,25,2,0,0,0,,1,,2026/07/17
ソフトバンク,パ,投手,北斗,1,0,1,0,0,,1,,2026/07/17
ソフトバンク,パ,投手,前田 純,4,0,1,0,1,,1,,2026/07/17
ソフトバンク,パ,投手,前田 悠伍,9,1,5,0,0,,1,,2026/07/17
ソフトバンク,パ,投手,松本 晴,13,2,9,0,0,,1,,2026/07/17
ソフトバンク,パ,投手,松本 裕樹,33,3,4,0,0,,1,,2026/07/17
日本ハム,パ,一塁手,清宮 幸太郎,74,514,60,8,39,,0.986,,2026/07/17
日本ハム,パ,一塁手,郡司 裕也,4,25,1,0,0,,1,,2026/07/17
日本ハム,パ,一塁手,清水 優心,2,1,0,0,0,,1,,2026/07/17
日本ハム,パ,一塁手,西川 遥輝,2,7,1,0,0,,1,,2026/07/17
日本ハム,パ,一塁手,野村 佑希,9,64,3,0,7,,1,,2026/07/17
日本ハム,パ,一塁手,細川 凌平,10,17,1,0,5,,1,,2026/07/17
日本ハム,パ,一塁手,マルティネス,2,18,2,0,0,,1,,2026/07/17
日本ハム,パ,一塁手,吉田 賢吾,1,6,0,0,0,,1,,2026/07/17
日本ハム,パ,一塁手,レイエス,8,60,6,0,10,,1,,2026/07/17
日本ハム,パ,二塁手,大塚 瑠晏,23,25,46,0,8,,1,,2026/07/17
日本ハム,パ,二塁手,カストロ,15,22,33,2,1,,0.965,,2026/07/17
日本ハム,パ,二塁手,上川畑 大悟,7,15,18,1,5,,0.971,,2026/07/17
日本ハム,パ,二塁手,奈良間 大己,52,84,130,4,28,,0.982,,2026/07/17
日本ハム,パ,二塁手,野村 佑希,7,2,10,1,0,,0.923,,2026/07/17
日本ハム,パ,二塁手,細川 凌平,7,4,13,1,1,,0.944,,2026/07/17
日本ハム,パ,二塁手,水野 達稀,6,5,16,0,4,,1,,2026/07/17
日本ハム,パ,二塁手,山縣 秀,8,3,10,0,3,,1,,2026/07/17
日本ハム,パ,二塁手,吉田 賢吾,1,0,0,0,0,,0,,2026/07/17
日本ハム,パ,三塁手,大塚 瑠晏,12,1,8,1,0,,0.9,,2026/07/17
日本ハム,パ,三塁手,カストロ,4,1,3,0,0,,1,,2026/07/17
日本ハム,パ,三塁手,清宮 幸太郎,5,1,3,2,0,,0.667,,2026/07/17
日本ハム,パ,三塁手,郡司 裕也,61,49,76,10,5,,0.926,,2026/07/17
日本ハム,パ,三塁手,奈良間 大己,19,3,9,0,0,,1,,2026/07/17
日本ハム,パ,三塁手,野村 佑希,20,8,16,2,0,,0.923,,2026/07/17
日本ハム,パ,三塁手,細川 凌平,7,2,4,1,0,,0.857,,2026/07/17
日本ハム,パ,三塁手,山縣 秀,16,6,10,0,2,,1,,2026/07/17
日本ハム,パ,遊撃手,大塚 瑠晏,5,4,4,0,0,,1,,2026/07/17
日本ハム,パ,遊撃手,カストロ,1,1,0,0,0,,1,,2026/07/17
日本ハム,パ,遊撃手,奈良間 大己,5,1,10,0,3,,1,,2026/07/17
日本ハム,パ,遊撃手,水野 達稀,77,115,177,8,42,,0.973,,2026/07/17
日本ハム,パ,遊撃手,山縣 秀,12,11,22,0,5,,1,,2026/07/17
日本ハム,パ,外野手,淺間 大基,14,24,1,0,0,,1,,2026/07/17
日本ハム,パ,外野手,五十幡 亮汰,56,66,0,0,0,,1,,2026/07/17
日本ハム,パ,外野手,エドポロ ケイン,4,6,0,0,0,,1,,2026/07/17
日本ハム,パ,外野手,カストロ,29,44,0,0,0,,1,,2026/07/17
日本ハム,パ,外野手,清宮 幸太郎,4,5,0,0,0,,1,,2026/07/17
日本ハム,パ,外野手,郡司 裕也,2,1,0,0,0,,1,,2026/07/17
日本ハム,パ,外野手,西川 遥輝,15,25,0,3,0,,0.893,,2026/07/17
日本ハム,パ,外野手,野村 佑希,37,64,1,0,0,,1,,2026/07/17
日本ハム,パ,外野手,細川 凌平,23,19,0,0,0,,1,,2026/07/17
日本ハム,パ,外野手,マルティネス,7,9,0,0,0,,1,,2026/07/17
日本ハム,パ,外野手,万波 中正,85,122,6,3,2,,0.977,,2026/07/17
日本ハム,パ,外野手,水谷 瞬,37,52,1,0,0,,1,,2026/07/17
日本ハム,パ,外野手,宮崎 一樹,5,10,0,0,0,,1,,2026/07/17
日本ハム,パ,外野手,矢澤 宏太,49,60,1,1,0,,0.984,,2026/07/17
日本ハム,パ,外野手,吉田 賢吾,19,24,0,0,0,,1,,2026/07/17
日本ハム,パ,捕手,梅林 優貴,2,13,0,0,0,0,1,0,2026/07/17
日本ハム,パ,捕手,清水 優心,13,48,4,0,0,0,1,1,2026/07/17
日本ハム,パ,捕手,進藤 勇也,30,196,19,0,0,1,1,0.357,2026/07/17
日本ハム,パ,捕手,田宮 裕涼,66,438,33,2,3,0,0.996,0.31,2026/07/17
日本ハム,パ,捕手,マルティネス,1,3,0,1,0,0,0.75,0,2026/07/17
日本ハム,パ,捕手,吉田 賢吾,1,3,0,0,0,1,1,0,2026/07/17
日本ハム,パ,投手,有原 航平,7,5,6,0,2,,1,,2026/07/17
日本ハム,パ,投手,池田 隆英,6,1,0,0,0,,1,,2026/07/17
日本ハム,パ,投手,伊藤 大海,17,8,17,1,1,,0.962,,2026/07/17
日本ハム,パ,投手,上原 健太,25,1,2,0,0,,1,,2026/07/17
日本ハム,パ,投手,大川 慈英,2,0,0,0,0,,0,,2026/07/17
日本ハム,パ,投手,加藤 貴之,14,6,8,0,1,,1,,2026/07/17
日本ハム,パ,投手,金村 尚真,5,0,3,0,0,,1,,2026/07/17
日本ハム,パ,投手,河野 竜生,5,0,1,0,0,,1,,2026/07/17
日本ハム,パ,投手,菊地 大稀,6,2,1,0,0,,1,,2026/07/17
日本ハム,パ,投手,北山 亘基,15,6,10,3,0,,0.842,,2026/07/17
日本ハム,パ,投手,畔柳 亨丞,7,0,0,0,0,,0,,2026/07/17
日本ハム,パ,投手,古林 睿煬,7,0,1,0,0,,1,,2026/07/17
日本ハム,パ,投手,齋藤 友貴哉,17,1,0,0,0,,1,,2026/07/17
日本ハム,パ,投手,柴田 獅子,3,1,0,0,0,,1,,2026/07/17
日本ハム,パ,投手,島本 浩也,31,1,2,0,0,,1,,2026/07/17
日本ハム,パ,投手,清水 大暉,2,0,0,0,0,,0,,2026/07/17
日本ハム,パ,投手,孫 易磊,2,0,0,0,0,,0,,2026/07/17
日本ハム,パ,投手,達 孝太,19,7,11,0,0,,1,,2026/07/17
日本ハム,パ,投手,田中 正義,30,4,2,0,0,,1,,2026/07/17
日本ハム,パ,投手,玉井 大翔,12,1,2,1,1,,0.75,,2026/07/17
日本ハム,パ,投手,生田目 翼,7,0,1,0,0,,1,,2026/07/17
日本ハム,パ,投手,福島 蓮,10,4,4,0,0,,1,,2026/07/17
日本ハム,パ,投手,福谷 浩司,12,0,2,0,0,,1,,2026/07/17
日本ハム,パ,投手,細野 晴希,9,2,8,2,0,,0.833,,2026/07/17
日本ハム,パ,投手,堀 瑞輝,17,0,2,0,0,,1,,2026/07/17
日本ハム,パ,投手,矢澤 宏太,1,0,0,0,0,,0,,2026/07/17
日本ハム,パ,投手,柳川 大晟,32,2,4,1,1,,0.857,,2026/07/17
日本ハム,パ,投手,山﨑 福也,10,1,6,0,0,,1,,2026/07/17
日本ハム,パ,投手,山本 拓実,15,1,1,0,0,,1,,2026/07/17
ロッテ,パ,一塁手,池田 来翔,40,130,13,1,7,,0.993,,2026/07/17
ロッテ,パ,一塁手,井上 広大,3,11,1,0,1,,1,,2026/07/17
ロッテ,パ,一塁手,上田 希由翔,15,87,4,1,3,,0.989,,2026/07/17
ロッテ,パ,一塁手,岡 大海,7,27,2,0,1,,1,,2026/07/17
ロッテ,パ,一塁手,ソト,45,314,22,2,27,,0.994,,2026/07/17
ロッテ,パ,一塁手,寺地 隆成,3,7,0,0,0,,1,,2026/07/17
ロッテ,パ,一塁手,宮崎 竜成,1,1,0,0,0,,1,,2026/07/17
ロッテ,パ,一塁手,安田 尚憲,10,51,3,0,4,,1,,2026/07/17
ロッテ,パ,一塁手,山口 航輝,8,48,5,2,5,,0.964,,2026/07/17
ロッテ,パ,二塁手,池田 来翔,5,4,5,0,0,,1,,2026/07/17
ロッテ,パ,二塁手,石垣 勝海,1,0,5,0,0,,1,,2026/07/17
ロッテ,パ,二塁手,上田 希由翔,7,4,24,0,5,,1,,2026/07/17
ロッテ,パ,二塁手,小川 龍成,74,141,193,0,33,,1,,2026/07/17
ロッテ,パ,二塁手,友杉 篤輝,1,1,0,0,0,,1,,2026/07/17
ロッテ,パ,二塁手,藤岡 裕大,7,14,16,0,3,,1,,2026/07/17
ロッテ,パ,二塁手,宮崎 竜成,9,6,8,0,2,,1,,2026/07/17
ロッテ,パ,二塁手,山﨑 剛,2,1,4,0,1,,1,,2026/07/17
ロッテ,パ,三塁手,池田 来翔,7,0,3,0,0,,1,,2026/07/17
ロッテ,パ,三塁手,上田 希由翔,8,4,6,0,0,,1,,2026/07/17
ロッテ,パ,三塁手,寺地 隆成,63,32,76,5,9,,0.956,,2026/07/17
ロッテ,パ,三塁手,藤岡 裕大,1,0,0,0,0,,0,,2026/07/17
ロッテ,パ,三塁手,宮崎 竜成,21,0,4,0,0,,1,,2026/07/17
ロッテ,パ,三塁手,安田 尚憲,13,8,14,1,1,,0.957,,2026/07/17
ロッテ,パ,三塁手,山﨑 剛,3,3,3,0,2,,1,,2026/07/17
ロッテ,パ,遊撃手,小川 龍成,16,9,32,0,5,,1,,2026/07/17
ロッテ,パ,遊撃手,友杉 篤輝,78,104,208,8,29,,0.975,,2026/07/17
ロッテ,パ,遊撃手,藤岡 裕大,1,2,3,0,0,,1,,2026/07/17
ロッテ,パ,遊撃手,宮崎 竜成,5,1,1,0,0,,1,,2026/07/17
ロッテ,パ,遊撃手,山﨑 剛,8,5,3,0,3,,1,,2026/07/17
ロッテ,パ,外野手,愛斗,23,50,2,1,1,,0.981,,2026/07/17
ロッテ,パ,外野手,池田 来翔,1,1,0,0,0,,1,,2026/07/17
ロッテ,パ,外野手,井上 広大,10,18,1,2,0,,0.905,,2026/07/17
ロッテ,パ,外野手,岡 大海,17,18,0,0,0,,1,,2026/07/17
ロッテ,パ,外野手,髙部 瑛斗,38,83,0,1,0,,0.988,,2026/07/17
ロッテ,パ,外野手,西川 史礁,80,184,1,2,0,,0.989,,2026/07/17
ロッテ,パ,外野手,藤原 恭大,48,90,3,0,1,,1,,2026/07/17
ロッテ,パ,外野手,山口 航輝,31,57,0,0,0,,1,,2026/07/17
ロッテ,パ,外野手,山本 大斗,35,47,0,0,0,,1,,2026/07/17
ロッテ,パ,外野手,和田 康士朗,18,14,0,0,0,,1,,2026/07/17
ロッテ,パ,捕手,佐藤 都志也,70,436,43,4,3,1,0.992,0.289,2026/07/17
ロッテ,パ,捕手,田村 龍弘,2,4,3,0,0,0,1,0.5,2026/07/17
ロッテ,パ,捕手,寺地 隆成,1,0,0,0,0,0,0,0,2026/07/17
ロッテ,パ,捕手,松川 虎生,29,137,10,0,1,3,1,0.2,2026/07/17
ロッテ,パ,投手,東妻 勇輔,1,0,0,0,0,,0,,2026/07/17
ロッテ,パ,投手,小島 和哉,11,2,6,0,0,,1,,2026/07/17
ロッテ,パ,投手,小野 郁,21,0,0,0,0,,0,,2026/07/17
ロッテ,パ,投手,カスティーヨ,7,0,1,1,0,,0.5,,2026/07/17
ロッテ,パ,投手,唐川 侑己,1,0,0,0,0,,0,,2026/07/17
ロッテ,パ,投手,河村 説人,5,1,2,0,0,,1,,2026/07/17
ロッテ,パ,投手,菊地 吏玖,2,0,1,0,0,,1,,2026/07/17
ロッテ,パ,投手,木村 優人,3,1,1,1,0,,0.667,,2026/07/17
ロッテ,パ,投手,坂本 光士郎,17,0,2,0,0,,1,,2026/07/17
ロッテ,パ,投手,澤田 圭佑,29,2,3,0,0,,1,,2026/07/17
ロッテ,パ,投手,ジャクソン,15,4,8,1,0,,0.923,,2026/07/17
ロッテ,パ,投手,鈴木 昭汰,31,3,3,1,0,,0.857,,2026/07/17
ロッテ,パ,投手,高野 脩汰,24,2,3,1,0,,0.833,,2026/07/17
ロッテ,パ,投手,田中 晴也,10,0,6,0,0,,1,,2026/07/17
ロッテ,パ,投手,種市 篤暉,2,0,0,0,0,,0,,2026/07/17
ロッテ,パ,投手,中森 俊介,20,4,2,0,0,,1,,2026/07/17
ロッテ,パ,投手,西野 勇士,6,1,4,0,0,,1,,2026/07/17
ロッテ,パ,投手,廣池 康志郎,13,1,4,0,0,,1,,2026/07/17
ロッテ,パ,投手,廣畑 敦也,4,2,1,0,0,,1,,2026/07/17
ロッテ,パ,投手,益田 直也,22,2,1,0,0,,1,,2026/07/17
ロッテ,パ,投手,宮﨑 颯,4,0,0,0,0,,0,,2026/07/17
ロッテ,パ,投手,毛利 海大,11,2,6,1,0,,0.889,,2026/07/17
ロッテ,パ,投手,八木 彬,28,3,3,0,0,,1,,2026/07/17
ロッテ,パ,投手,大聖,1,0,0,0,0,,0,,2026/07/17
ロッテ,パ,投手,横山 陸人,35,4,6,0,0,,1,,2026/07/17
ロッテ,パ,投手,ロング,20,2,1,1,0,,0.75,,2026/07/17
西武,パ,一塁手,岸 潤一郎,6,25,1,0,2,,1,,2026/07/17
西武,パ,一塁手,外崎 修汰,5,23,1,0,1,,1,,2026/07/17
西武,パ,一塁手,仲田 慶介,3,9,0,0,1,,1,,2026/07/17
西武,パ,一塁手,ネビン,37,341,22,3,38,,0.992,,2026/07/17
西武,パ,一塁手,長谷川 信哉,28,192,14,0,16,,1,,2026/07/17
西武,パ,一塁手,平沢 大河,32,221,12,2,19,,0.991,,2026/07/17
西武,パ,一塁手,村田 怜音,1,3,0,0,1,,1,,2026/07/17
西武,パ,一塁手,山村 崇嘉,9,45,7,0,5,,1,,2026/07/17
西武,パ,二塁手,石井 一成,46,87,150,4,39,,0.983,,2026/07/17
西武,パ,二塁手,児玉 亮涼,1,0,0,0,0,,0,,2026/07/17
西武,パ,二塁手,佐藤 太陽,5,6,12,1,3,,0.947,,2026/07/17
西武,パ,二塁手,滝澤 夏央,54,61,104,2,25,,0.988,,2026/07/17
西武,パ,二塁手,外崎 修汰,9,15,30,0,6,,1,,2026/07/17
西武,パ,二塁手,仲田 慶介,4,3,10,0,2,,1,,2026/07/17
西武,パ,二塁手,平沢 大河,3,3,4,0,3,,1,,2026/07/17
西武,パ,三塁手,児玉 亮涼,3,0,0,0,0,,0,,2026/07/17
西武,パ,三塁手,佐藤 太陽,3,1,0,0,0,,1,,2026/07/17
西武,パ,三塁手,滝澤 夏央,9,1,7,1,1,,0.889,,2026/07/17
西武,パ,三塁手,仲田 慶介,1,0,0,0,0,,0,,2026/07/17
西武,パ,三塁手,平沢 大河,22,16,34,1,0,,0.98,,2026/07/17
西武,パ,三塁手,山村 崇嘉,9,3,14,1,1,,0.944,,2026/07/17
西武,パ,三塁手,渡部 聖弥,62,37,99,9,12,,0.938,,2026/07/17
西武,パ,遊撃手,源田 壮亮,71,75,149,3,31,,0.987,,2026/07/17
西武,パ,遊撃手,滝澤 夏央,48,59,116,5,36,,0.972,,2026/07/17
西武,パ,外野手,秋山 俊,5,1,0,1,0,,0.5,,2026/07/17
西武,パ,外野手,カナリオ,75,95,1,1,0,,0.99,,2026/07/17
西武,パ,外野手,岸 潤一郎,58,69,2,0,0,,1,,2026/07/17
西武,パ,外野手,桑原 将志,53,92,0,2,0,,0.979,,2026/07/17
西武,パ,外野手,茶野 篤政,11,6,0,0,0,,1,,2026/07/17
西武,パ,外野手,仲田 慶介,1,0,0,0,0,,0,,2026/07/17
西武,パ,外野手,仲三 優太,2,1,0,0,0,,1,,2026/07/17
西武,パ,外野手,西川 愛也,70,98,1,0,0,,1,,2026/07/17
西武,パ,外野手,長谷川 信哉,48,69,1,1,0,,0.986,,2026/07/17
西武,パ,外野手,平沢 大河,6,5,0,0,0,,1,,2026/07/17
西武,パ,外野手,蛭間 拓哉,7,9,0,0,0,,1,,2026/07/17
西武,パ,外野手,林 安可,20,22,0,1,0,,0.957,,2026/07/17
西武,パ,捕手,古賀 悠斗,61,299,40,1,2,3,0.997,0.571,2026/07/17
西武,パ,捕手,小島 大河,44,288,33,0,4,5,1,0.25,2026/07/17
西武,パ,捕手,柘植 世那,19,82,2,0,0,0,1,0,2026/07/17
西武,パ,投手,青山 美夏人,2,0,0,0,0,,0,,2026/07/17
西武,パ,投手,糸川 亮太,9,0,2,0,0,,1,,2026/07/17
西武,パ,投手,岩城 颯空,26,1,2,0,0,,1,,2026/07/17
西武,パ,投手,ウィンゲンター,12,0,1,0,0,,1,,2026/07/17
西武,パ,投手,上田 大河,13,1,5,0,0,,1,,2026/07/17
西武,パ,投手,甲斐野 央,35,1,4,0,0,,1,,2026/07/17
西武,パ,投手,黒田 将矢,25,0,1,0,0,,1,,2026/07/17
西武,パ,投手,佐藤 隼輔,17,1,2,1,0,,0.75,,2026/07/17
西武,パ,投手,佐藤 爽,5,2,6,0,0,,1,,2026/07/17
西武,パ,投手,篠原 響,29,2,5,0,0,,1,,2026/07/17
西武,パ,投手,菅井 信也,7,1,2,0,0,,1,,2026/07/17
西武,パ,投手,隅田 知一郎,14,5,14,1,1,,0.95,,2026/07/17
西武,パ,投手,平良 海馬,14,4,9,0,0,,1,,2026/07/17
西武,パ,投手,髙橋 光成,14,6,8,0,1,,1,,2026/07/17
西武,パ,投手,武内 夏暉,13,1,14,0,0,,1,,2026/07/17
西武,パ,投手,中村 祐太,14,1,2,0,1,,1,,2026/07/17
西武,パ,投手,成田 晴風,2,0,1,0,0,,1,,2026/07/17
西武,パ,投手,羽田 慎之介,8,0,2,0,0,,1,,2026/07/17
西武,パ,投手,浜屋 将太,21,2,5,0,1,,1,,2026/07/17
西武,パ,投手,冨士 大和,2,0,0,0,0,,0,,2026/07/17
西武,パ,投手,堀越 啓太,2,0,0,0,0,,0,,2026/07/17
西武,パ,投手,豆田 泰志,14,1,4,0,0,,1,,2026/07/17
西武,パ,投手,森脇 亮介,5,0,1,0,0,,1,,2026/07/17
西武,パ,投手,Ｅ．ラミレス,5,0,1,0,0,,1,,2026/07/17
西武,パ,投手,ワイナンス,7,1,6,0,0,,1,,2026/07/17
西武,パ,投手,渡邉 勇太朗,14,4,8,1,0,,0.923,,2026/07/17
オリックス,パ,一塁手,太田 椋,33,213,14,1,9,,0.996,,2026/07/17
オリックス,パ,一塁手,シーモア,27,197,18,0,14,,1,,2026/07/17
オリックス,パ,一塁手,内藤 鵬,1,8,0,0,0,,1,,2026/07/17
オリックス,パ,一塁手,平沼 翔太,7,19,5,1,3,,0.96,,2026/07/17
オリックス,パ,一塁手,廣岡 大志,2,11,2,0,1,,1,,2026/07/17
オリックス,パ,一塁手,山中 稜真,35,283,15,0,27,,1,,2026/07/17
オリックス,パ,二塁手,大城 滉二,9,8,9,0,2,,1,,2026/07/17
オリックス,パ,二塁手,太田 椋,49,85,141,3,30,,0.987,,2026/07/17
オリックス,パ,二塁手,宜保 翔,6,12,17,0,4,,1,,2026/07/17
オリックス,パ,二塁手,杉澤 龍,1,0,1,0,0,,1,,2026/07/17
オリックス,パ,二塁手,西野 真弘,12,12,26,0,1,,1,,2026/07/17
オリックス,パ,二塁手,野口 智哉,31,29,63,1,7,,0.989,,2026/07/17
オリックス,パ,三塁手,西野 真弘,7,3,16,0,0,,1,,2026/07/17
オリックス,パ,三塁手,野口 智哉,6,2,2,0,1,,1,,2026/07/17
オリックス,パ,三塁手,平沼 翔太,2,0,2,0,0,,1,,2026/07/17
オリックス,パ,三塁手,廣岡 大志,1,0,0,0,0,,0,,2026/07/17
オリックス,パ,三塁手,宗 佑磨,79,48,111,2,4,,0.988,,2026/07/17
オリックス,パ,三塁手,横山 聖哉,1,1,0,0,0,,1,,2026/07/17
オリックス,パ,遊撃手,宜保 翔,3,5,6,1,1,,0.917,,2026/07/17
オリックス,パ,遊撃手,紅林 弘太郎,78,109,206,3,47,,0.991,,2026/07/17
オリックス,パ,遊撃手,野口 智哉,8,9,16,0,3,,1,,2026/07/17
オリックス,パ,遊撃手,横山 聖哉,4,2,7,1,0,,0.9,,2026/07/17
オリックス,パ,外野手,池田 陵真,1,1,0,0,0,,1,,2026/07/17
オリックス,パ,外野手,来田 涼斗,42,51,0,0,0,,1,,2026/07/17
オリックス,パ,外野手,宜保 翔,1,0,0,0,0,,0,,2026/07/17
オリックス,パ,外野手,杉澤 龍,18,25,1,0,1,,1,,2026/07/17
オリックス,パ,外野手,杉本 裕太郎,2,5,0,0,0,,1,,2026/07/17
オリックス,パ,外野手,中川 圭太,75,137,5,0,0,,1,,2026/07/17
オリックス,パ,外野手,西川 龍馬,67,121,3,2,1,,0.984,,2026/07/17
オリックス,パ,外野手,野口 智哉,1,0,0,0,0,,0,,2026/07/17
オリックス,パ,外野手,平沼 翔太,4,3,0,0,0,,1,,2026/07/17
オリックス,パ,外野手,廣岡 大志,11,16,0,0,0,,1,,2026/07/17
オリックス,パ,外野手,麦谷 祐介,20,8,0,0,0,,1,,2026/07/17
オリックス,パ,外野手,山中 稜真,7,17,0,0,0,,1,,2026/07/17
オリックス,パ,外野手,渡部 遼人,55,141,3,1,0,,0.993,,2026/07/17
オリックス,パ,捕手,石川 亮,2,1,0,0,0,0,1,0,2026/07/17
オリックス,パ,捕手,福永 奨,15,25,3,0,1,0,1,0.5,2026/07/17
オリックス,パ,捕手,森 友哉,21,135,16,0,0,1,1,0.273,2026/07/17
オリックス,パ,捕手,若月 健矢,66,453,51,3,3,1,0.994,0.263,2026/07/17
オリックス,パ,投手,阿部 翔太,4,0,0,0,0,,0,,2026/07/17
オリックス,パ,投手,入山 海斗,28,3,2,0,0,,1,,2026/07/17
オリックス,パ,投手,岩嵜 翔,12,0,3,0,0,,1,,2026/07/17
オリックス,パ,投手,エスピノーザ,14,6,14,1,0,,0.952,,2026/07/17
オリックス,パ,投手,片山 楽生,14,0,3,0,0,,1,,2026/07/17
オリックス,パ,投手,川瀬 堅斗,8,1,2,0,0,,1,,2026/07/17
オリックス,パ,投手,九里 亜蓮,16,5,13,2,0,,0.9,,2026/07/17
オリックス,パ,投手,古田島 成龍,6,0,0,0,0,,0,,2026/07/17
オリックス,パ,投手,権田 琉成,17,0,1,1,0,,0.5,,2026/07/17
オリックス,パ,投手,才木 海翔,7,0,0,0,0,,0,,2026/07/17
オリックス,パ,投手,佐藤 一磨,5,0,0,1,0,,0,,2026/07/17
オリックス,パ,投手,ジェリー,13,10,13,0,0,,1,,2026/07/17
オリックス,パ,投手,曽谷 龍平,8,1,4,0,0,,1,,2026/07/17
オリックス,パ,投手,髙島 泰都,13,0,9,0,0,,1,,2026/07/17
オリックス,パ,投手,髙谷 舟,1,0,0,0,0,,0,,2026/07/17
オリックス,パ,投手,田嶋 大樹,10,0,8,0,0,,1,,2026/07/17
オリックス,パ,投手,寺西 成騎,23,3,8,0,0,,1,,2026/07/17
オリックス,パ,投手,東松 快征,5,0,0,0,0,,0,,2026/07/17
オリックス,パ,投手,平野 佳寿,2,0,1,0,0,,1,,2026/07/17
オリックス,パ,投手,博志,16,0,0,0,0,,0,,2026/07/17
オリックス,パ,投手,ペルドモ,10,0,5,0,0,,1,,2026/07/17
オリックス,パ,投手,マチャド,29,2,6,1,0,,0.889,,2026/07/17
オリックス,パ,投手,宮城 大弥,3,0,1,0,0,,1,,2026/07/17
オリックス,パ,投手,宮國 凌空,5,1,2,0,0,,1,,2026/07/17
オリックス,パ,投手,椋木 蓮,32,2,3,0,0,,1,,2026/07/17
オリックス,パ,投手,山岡 泰輔,1,0,0,0,0,,0,,2026/07/17
オリックス,パ,投手,山﨑 颯一郎,33,1,4,0,2,,1,,2026/07/17
オリックス,パ,投手,山田 修義,8,0,2,0,0,,1,,2026/07/17
オリックス,パ,投手,横山 楓,7,1,0,0,0,,1,,2026/07/17
オリックス,パ,投手,吉田 輝星,20,1,3,0,1,,1,,2026/07/17
楽天,パ,一塁手,浅村 栄斗,43,297,31,1,30,,0.997,,2026/07/17
楽天,パ,一塁手,伊藤 裕季也,10,69,0,0,3,,1,,2026/07/17
楽天,パ,一塁手,入江 大樹,1,1,0,0,0,,1,,2026/07/17
楽天,パ,一塁手,黒川 史陽,27,114,5,0,10,,1,,2026/07/17
楽天,パ,一塁手,鈴木 大地,12,43,1,0,3,,1,,2026/07/17
楽天,パ,一塁手,ボイト,4,28,1,0,1,,1,,2026/07/17
楽天,パ,一塁手,渡邊 佳明,17,74,5,1,6,,0.988,,2026/07/17
楽天,パ,二塁手,入江 大樹,4,5,4,0,1,,1,,2026/07/17
楽天,パ,二塁手,黒川 史陽,45,71,99,1,17,,0.994,,2026/07/17
楽天,パ,二塁手,小深田 大翔,49,65,96,1,17,,0.994,,2026/07/17
楽天,パ,二塁手,繁永 晟,1,1,3,0,0,,1,,2026/07/17
楽天,パ,二塁手,平良 竜哉,4,1,3,0,1,,1,,2026/07/17
楽天,パ,二塁手,村林 一輝,11,19,37,1,9,,0.982,,2026/07/17
楽天,パ,二塁手,ワォーターズ,2,1,2,0,0,,1,,2026/07/17
楽天,パ,二塁手,渡邊 佳明,1,0,0,0,0,,0,,2026/07/17
楽天,パ,三塁手,伊藤 裕季也,2,2,1,0,0,,1,,2026/07/17
楽天,パ,三塁手,黒川 史陽,39,15,49,1,6,,0.985,,2026/07/17
楽天,パ,三塁手,繁永 晟,2,0,1,0,0,,1,,2026/07/17
楽天,パ,三塁手,鈴木 大地,12,4,5,1,0,,0.9,,2026/07/17
楽天,パ,三塁手,平良 竜哉,55,22,61,1,5,,0.988,,2026/07/17
楽天,パ,三塁手,村林 一輝,1,1,0,0,0,,1,,2026/07/17
楽天,パ,三塁手,ワォーターズ,1,0,3,1,0,,0.75,,2026/07/17
楽天,パ,三塁手,渡邊 佳明,7,4,4,1,1,,0.889,,2026/07/17
楽天,パ,遊撃手,入江 大樹,2,0,1,0,0,,1,,2026/07/17
楽天,パ,遊撃手,宗山 塁,11,19,31,0,8,,1,,2026/07/17
楽天,パ,遊撃手,村林 一輝,72,103,159,6,31,,0.978,,2026/07/17
楽天,パ,遊撃手,ワォーターズ,6,1,4,0,1,,1,,2026/07/17
楽天,パ,外野手,伊藤 裕季也,4,5,0,0,0,,1,,2026/07/17
楽天,パ,外野手,小郷 裕哉,31,44,0,0,0,,1,,2026/07/17
楽天,パ,外野手,小森 航大郎,3,4,0,0,0,,1,,2026/07/17
楽天,パ,外野手,阪上 翔也,3,5,0,0,0,,1,,2026/07/17
楽天,パ,外野手,佐藤 直樹,44,93,6,1,2,,0.99,,2026/07/17
楽天,パ,外野手,平良 竜哉,5,2,1,0,0,,1,,2026/07/17
楽天,パ,外野手,辰己 涼介,83,184,4,1,1,,0.995,,2026/07/17
楽天,パ,外野手,中島 大輔,66,122,2,2,1,,0.984,,2026/07/17
楽天,パ,外野手,マッカスカー,32,59,1,1,0,,0.984,,2026/07/17
楽天,パ,外野手,武藤 敦貴,17,18,1,1,0,,0.95,,2026/07/17
楽天,パ,外野手,吉野 創士,2,1,1,0,0,,1,,2026/07/17
楽天,パ,外野手,渡邊 佳明,17,27,2,0,1,,1,,2026/07/17
楽天,パ,捕手,石原 彪,7,24,2,0,0,0,1,0.5,2026/07/17
楽天,パ,捕手,伊藤 光,20,75,8,0,0,0,1,0.1,2026/07/17
楽天,パ,捕手,太田 光,62,424,41,2,4,4,0.996,0.297,2026/07/17
楽天,パ,捕手,堀内 謙伍,21,113,13,0,1,1,1,0.3,2026/07/17
楽天,パ,捕手,YG安田,7,22,2,0,0,0,1,0,2026/07/17
楽天,パ,投手,伊藤 樹,1,0,0,0,0,,0,,2026/07/17
楽天,パ,投手,ウレーニャ,9,1,7,0,1,,1,,2026/07/17
楽天,パ,投手,内 星龍,25,2,2,0,0,,1,,2026/07/17
楽天,パ,投手,江原 雅裕,1,0,0,0,0,,0,,2026/07/17
楽天,パ,投手,加治屋 蓮,32,1,2,0,0,,1,,2026/07/17
楽天,パ,投手,岸 孝之,5,0,5,0,0,,1,,2026/07/17
楽天,パ,投手,九谷 瑠,21,3,3,2,0,,0.75,,2026/07/17
楽天,パ,投手,コントレラス,2,0,0,1,0,,0,,2026/07/17
楽天,パ,投手,古賀 康誠,1,0,0,0,0,,0,,2026/07/17
楽天,パ,投手,古謝 樹,11,5,10,2,1,,0.882,,2026/07/17
楽天,パ,投手,柴田 大地,23,1,0,0,0,,1,,2026/07/17
楽天,パ,投手,荘司 康誠,14,6,9,0,1,,1,,2026/07/17
楽天,パ,投手,鈴木 翔天,25,2,2,1,0,,0.8,,2026/07/17
楽天,パ,投手,宋 家豪,17,0,1,0,0,,1,,2026/07/17
楽天,パ,投手,泰 勝利,6,1,0,0,0,,1,,2026/07/17
楽天,パ,投手,瀧中 瞭太,12,4,6,0,0,,1,,2026/07/17
楽天,パ,投手,田中 千晴,18,1,4,1,0,,0.833,,2026/07/17
楽天,パ,投手,津留﨑 大成,17,1,2,0,0,,1,,2026/07/17
楽天,パ,投手,中込 陽翔,11,1,3,0,0,,1,,2026/07/17
楽天,パ,投手,西垣 雅矢,30,1,4,0,0,,1,,2026/07/17
楽天,パ,投手,早川 隆久,12,2,10,1,0,,0.923,,2026/07/17
楽天,パ,投手,日當 直喜,4,0,0,0,0,,0,,2026/07/17
楽天,パ,投手,藤井 聖,8,4,5,1,1,,0.9,,2026/07/17
楽天,パ,投手,藤平 尚真,31,0,1,0,0,,1,,2026/07/17
楽天,パ,投手,藤原 聡大,11,1,9,0,1,,1,,2026/07/17
楽天,パ,投手,前田 健太,9,5,10,0,1,,1,,2026/07/17
楽天,パ,投手,渡辺 翔太,6,0,0,1,0,,0,,2026/07/17