球団,選手名,ポジション,打率,打数,得点,安打,二塁打,三塁打,本塁打,打点,三振,四球,死球,犠打,盗塁,失策,出塁率,長打率,OPS,ISO
読売ジャイアンツ,甲斐 拓也,捕手,0.000,0,0,0,0,0,0,0,0,0,0,0,0,0,0.000,0.000,0.000,0.000
読売ジャイアンツ,小林 誠司,捕手,0.000,4,0,0,0,0,0,0,1,1,0,0,0,0,0.200,0.000,0.200,0.000
読売ジャイアンツ,大城 卓三,捕手,0.259,54,5,14,6,0,2,4,21,3,0,0,0,1,0.239,0.481,0.721,0.222
読売ジャイアンツ,岸田 行倫,捕手,0.281,32,6,9,0,0,2,4,9,5,2,2,0,1,0.333,0.469,0.802,0.188
読売ジャイアンツ,郡 拓也,捕手,0.000,0,0,0,0,0,0,0,0,0,0,0,0,0,0.000,0.000,0.000,0.000
読売ジャイアンツ,山瀬 慎之助,捕手,0.000,0,0,0,0,0,0,0,0,0,0,0,0,0,0.000,0.000,0.000,0.000
読売ジャイアンツ,湯浅 大,内野手,0.000,0,0,0,0,0,0,0,0,0,0,0,0,0,0.000,0.000,0.000,0.000
読売ジャイアンツ,増田 大輝,内野手,0.000,1,0,0,0,0,0,0,0,0,0,1,0,0,0.000,0.000,0.000,0.000
読売ジャイアンツ,吉川 尚輝,内野手,0.216,51,6,11,0,0,0,2,12,3,1,0,2,0,0.227,0.216,0.443,0.000
読売ジャイアンツ,門脇 誠,内野手,0.000,6,2,0,0,0,0,0,2,0,0,1,0,0,0.000,0.000,0.000,0.000
読売ジャイアンツ,坂本 勇人,内野手,0.087,23,3,2,1,0,0,1,13,2,0,0,0,0,0.148,0.130,0.279,0.043
読売ジャイアンツ,石塚 裕惺,内野手,0.000,0,0,0,0,0,0,0,0,0,0,0,0,0,0.000,0.000,0.000,0.000
読売ジャイアンツ,ダルベック,内野手,0.246,61,7,15,4,0,3,9,25,7,0,0,0,0,0.265,0.459,0.724,0.213
読売ジャイアンツ,浦田 俊輔,内野手,0.333,48,6,16,0,0,0,2,5,1,2,2,8,0,0.284,0.333,0.617,0.000
読売ジャイアンツ,小濱 佑斗,内野手,0.143,7,0,1,0,0,0,0,3,0,0,0,0,0,0.125,0.143,0.268,0.000
読売ジャイアンツ,泉口 友汰,内野手,0.214,56,8,12,2,1,0,4,8,7,2,1,1,1,0.273,0.286,0.558,0.071
読売ジャイアンツ,リチャード,内野手,0.200,5,1,1,0,0,1,1,3,0,0,0,0,0,0.167,0.800,0.967,0.600
読売ジャイアンツ,荒巻 悠,内野手,0.000,0,0,0,0,0,0,0,0,0,0,0,0,0,0.000,0.000,0.000,0.000
読売ジャイアンツ,増田 陸,内野手,0.000,1,0,0,0,0,0,0,0,0,0,0,0,0,0.000,0.000,0.000,0.000
読売ジャイアンツ,宇都宮 葵星,内野手,0.000,0,0,0,0,0,0,0,0,0,0,0,0,0,0.000,0.000,0.000,0.000
読売ジャイアンツ,平山 功太,内野手,0.000,0,0,0,0,0,0,0,0,0,0,0,0,0,0.000,0.000,0.000,0.000
読売ジャイアンツ,藤井 健翔,内野手,0.000,0,0,0,0,0,0,0,0,0,0,0,0,0,0.000,0.000,0.000,0.000
読売ジャイアンツ,丸 佳浩,外野手,0.192,26,1,5,0,0,1,6,5,2,0,0,0,0,0.212,0.308,0.520,0.115
読売ジャイアンツ,松本 剛,外野手,0.365,52,3,19,5,0,0,5,11,2,4,2,2,0,0.325,0.462,0.786,0.096
読売ジャイアンツ,萩尾 匡也,外野手,0.000,0,0,0,0,0,0,0,0,0,0,0,0,0,0.000,0.000,0.000,0.000
読売ジャイアンツ,キャベッジ,外野手,0.193,57,6,11,1,0,4,10,21,4,1,0,1,1,0.219,0.421,0.640,0.228
読売ジャイアンツ,岡田 悠希,外野手,0.000,0,0,0,0,0,0,0,0,0,0,0,0,0,0.000,0.000,0.000,0.000
読売ジャイアンツ,皆川 岳飛,外野手,0.000,0,0,0,0,0,0,0,0,0,0,0,0,0,0.000,0.000,0.000,0.000
読売ジャイアンツ,中山 礼都,外野手,0.261,23,0,6,3,0,0,5,5,3,0,0,1,0,0.281,0.391,0.673,0.130
読売ジャイアンツ,佐々木 俊輔,外野手,0.233,43,6,10,2,0,1,5,9,3,1,1,0,0,0.246,0.349,0.594,0.116
読売ジャイアンツ,ティマ,外野手,0.143,21,1,3,0,0,0,0,6,0,0,0,0,0,0.125,0.143,0.268,0.000
読売ジャイアンツ,浅野 翔吾,外野手,0.000,3,0,0,0,0,0,0,1,0,0,0,0,0,0.000,0.000,0.000,0.000
読売ジャイアンツ,若林 楽人,外野手,0.000,1,0,0,0,0,0,0,1,0,0,0,0,0,0.000,0.000,0.000,0.000
読売ジャイアンツ,三塚 琉生,外野手,0.000,0,0,0,0,0,0,0,0,0,0,0,0,0,0.000,0.000,0.000,0.000
読売ジャイアンツ,松井 蓮太朗,捕手,0.000,0,0,0,0,0,0,0,0,0,0,0,0,0,0.000,0.000,0.000,0.000
読売ジャイアンツ,喜多 隆介,捕手,0.000,0,0,0,0,0,0,0,0,0,0,0,0,0,0.000,0.000,0.000,0.000
読売ジャイアンツ,亀田 啓太,捕手,0.000,0,0,0,0,0,0,0,0,0,0,0,0,0,0.000,0.000,0.000,0.000
読売ジャイアンツ,坂本 達也,捕手,0.000,0,0,0,0,0,0,0,0,0,0,0,0,0,0.000,0.000,0.000,0.000
読売ジャイアンツ,中田 歩夢,内野手,0.000,0,0,0,0,0,0,0,0,0,0,0,0,0,0.000,0.000,0.000,0.000
読売ジャイアンツ,村山 源,内野手,0.000,0,0,0,0,0,0,0,0,0,0,0,0,0,0.000,0.000,0.000,0.000
読売ジャイアンツ,田上 優弥,内野手,0.000,0,0,0,0,0,0,0,0,0,0,0,0,0,0.000,0.000,0.000,0.000
読売ジャイアンツ,竹下 徠空,内野手,0.000,0,0,0,0,0,0,0,0,0,0,0,0,0,0.000,0.000,0.000,0.000
読売ジャイアンツ,北村 流音,内野手,0.000,0,0,0,0,0,0,0,0,0,0,0,0,0,0.000,0.000,0.000,0.000
読売ジャイアンツ,川原田 純平,内野手,0.000,0,0,0,0,0,0,0,0,0,0,0,0,0,0.000,0.000,0.000,0.000
読売ジャイアンツ,鈴木 大和,外野手,0.000,0,0,0,0,0,0,0,0,0,0,0,0,0,0.000,0.000,0.000,0.000
読売ジャイアンツ,知念 大成,外野手,0.000,0,0,0,0,0,0,0,0,0,0,0,0,0,0.000,0.000,0.000,0.000
読売ジャイアンツ,相澤 白虎,外野手,0.000,0,0,0,0,0,0,0,0,0,0,0,0,0,0.000,0.000,0.000,0.000
読売ジャイアンツ,フェリス,外野手,0.000,0,0,0,0,0,0,0,0,0,0,0,0,0,0.000,0.000,0.000,0.000
読売ジャイアンツ,笹原 操希,外野手,0.000,0,0,0,0,0,0,0,0,0,0,0,0,0,0.000,0.000,0.000,0.000
阪神タイガース,梅野 隆太郎,捕手,0.000,7,1,0,0,0,0,0,2,0,1,0,1,0,0.125,0.000,0.125,0.000
阪神タイガース,坂本 誠志郎,捕手,0.148,27,0,4,1,0,0,1,9,1,0,2,0,2,0.156,0.185,0.341,0.037
阪神タイガース,伏見 寅威,捕手,0.313,16,1,5,1,0,0,3,2,1,0,0,0,0,0.273,0.375,0.648,0.063
阪神タイガース,榮枝 裕貴,捕手,0.000,0,0,0,0,0,0,0,0,0,0,0,0,0,0.000,0.000,0.000,0.000
阪神タイガース,町田 隼乙,捕手,0.000,0,0,0,0,0,0,0,0,0,0,0,0,0,0.000,0.000,0.000,0.000
阪神タイガース,長坂 拳弥,捕手,0.000,0,0,0,0,0,0,0,0,0,0,0,0,0,0.000,0.000,0.000,0.000
阪神タイガース,藤田 健斗,捕手,0.000,0,0,0,0,0,0,0,0,0,0,0,0,0,0.000,0.000,0.000,0.000
阪神タイガース,中川 勇斗,捕手,0.000,0,0,0,0,0,0,0,0,0,0,0,0,0,0.000,0.000,0.000,0.000
阪神タイガース,嶋村 麟士朗,捕手,0.174,23,0,4,0,0,0,1,7,0,0,0,0,0,0.148,0.174,0.322,0.000
阪神タイガース,元山 飛優,内野手,0.000,1,0,0,0,0,0,0,0,0,0,0,0,0,0.000,0.000,0.000,0.000
阪神タイガース,木浪 聖也,内野手,0.118,17,1,2,1,0,0,0,6,1,0,0,0,1,0.150,0.176,0.326,0.059
阪神タイガース,大山 悠輔,内野手,0.167,60,4,10,0,0,1,4,15,8,0,0,0,1,0.231,0.217,0.447,0.050
阪神タイガース,熊谷 敬宥,内野手,0.256,43,4,11,2,0,0,6,12,2,0,4,2,1,0.232,0.302,0.534,0.047
阪神タイガース,中野 拓夢,内野手,0.303,66,3,20,1,0,0,2,12,4,0,3,1,1,0.267,0.318,0.585,0.015
阪神タイガース,佐藤 輝明,内野手,0.283,60,5,17,2,0,3,8,17,9,0,0,2,2,0.302,0.467,0.769,0.183
阪神タイガース,立石 正広,内野手,0.129,62,3,8,1,0,1,4,22,2,0,0,1,0,0.139,0.194,0.332,0.065
阪神タイガース,ディベイニー,内野手,0.143,7,1,1,0,0,0,0,3,1,0,0,0,0,0.222,0.143,0.365,0.000
阪神タイガース,谷端 将伍,内野手,0.000,0,0,0,0,0,0,0,0,0,0,0,0,0,0.000,0.000,0.000,0.000
阪神タイガース,糸原 健斗,内野手,0.000,1,0,0,0,0,0,0,0,0,0,0,0,0,0.000,0.000,0.000,0.000
阪神タイガース,小幡 竜平,内野手,0.000,4,0,0,0,0,0,0,2,0,0,0,0,2,0.000,0.000,0.000,0.000
阪神タイガース,佐野 大陽,内野手,0.000,0,0,0,0,0,0,0,0,0,0,0,0,0,0.000,0.000,0.000,0.000
阪神タイガース,山田 脩也,内野手,0.000,0,0,0,0,0,0,0,0,0,0,0,0,0,0.000,0.000,0.000,0.000
阪神タイガース,百﨑 蒼生,内野手,0.000,0,0,0,0,0,0,0,0,0,0,0,0,0,0.000,0.000,0.000,0.000
阪神タイガース,植田 海,内野手,0.000,0,1,0,0,0,0,0,0,0,0,0,0,0,0.000,0.000,0.000,0.000
阪神タイガース,髙寺 望夢,内野手,0.185,54,6,10,0,1,0,2,16,6,2,1,1,1,0.250,0.222,0.472,0.037
阪神タイガース,森下 翔太,外野手,0.311,61,9,19,5,1,4,8,15,5,3,0,1,1,0.307,0.623,0.930,0.311
阪神タイガース,近本 光司,外野手,0.000,0,0,0,0,0,0,0,0,0,0,0,0,0,0.000,0.000,0.000,0.000
阪神タイガース,濱田 太貴,外野手,0.000,0,0,0,0,0,0,0,0,0,0,0,0,0,0.000,0.000,0.000,0.000
阪神タイガース,岡城 快生,外野手,0.000,3,0,0,0,0,0,0,1,0,0,0,0,0,0.000,0.000,0.000,0.000
阪神タイガース,井坪 陽生,外野手,0.000,0,0,0,0,0,0,0,0,0,0,0,0,0,0.000,0.000,0.000,0.000
阪神タイガース,島田 海吏,外野手,0.000,3,0,0,0,0,0,0,2,0,0,0,0,0,0.000,0.000,0.000,0.000
阪神タイガース,前川 右京,外野手,0.182,11,1,2,0,0,0,1,3,3,1,0,0,0,0.353,0.182,0.535,0.000
阪神タイガース,小野寺 暖,外野手,0.000,0,0,0,0,0,0,0,0,0,0,0,0,0,0.000,0.000,0.000,0.000
阪神タイガース,豊田 寛,外野手,0.000,0,0,0,0,0,0,0,0,0,0,0,0,0,0.000,0.000,0.000,0.000
阪神タイガース,福島 圭音,外野手,0.182,11,0,2,0,0,0,0,1,2,1,0,2,0,0.313,0.182,0.494,0.000
阪神タイガース,戸井 零士,内野手,0.000,0,0,0,0,0,0,0,0,0,0,0,0,0,0.000,0.000,0.000,0.000
阪神タイガース,川﨑 俊哲,内野手,0.000,0,0,0,0,0,0,0,0,0,0,0,0,0,0.000,0.000,0.000,0.000
阪神タイガース,アルナエス,内野手,0.000,0,0,0,0,0,0,0,0,0,0,0,0,0,0.000,0.000,0.000,0.000
阪神タイガース,西 純矢,外野手,0.000,0,0,0,0,0,0,0,0,0,0,0,0,0,0.000,0.000,0.000,0.000
阪神タイガース,山﨑 照英,外野手,0.000,0,0,0,0,0,0,0,0,0,0,0,0,0,0.000,0.000,0.000,0.000
阪神タイガース,コンスエグラ,外野手,0.000,0,0,0,0,0,0,0,0,0,0,0,0,0,0.000,0.000,0.000,0.000
横浜DeNAベイスターズ,松尾 汐恩,捕手,0.292,48,5,14,1,0,1,2,7,2,1,0,0,0,0.262,0.375,0.637,0.083
横浜DeNAベイスターズ,戸柱 恭孝,捕手,0.133,15,0,2,0,0,0,1,2,0,0,0,0,0,0.118,0.133,0.251,0.000
横浜DeNAベイスターズ,益子 京右,捕手,0.000,0,0,0,0,0,0,0,0,0,0,0,0,0,0.000,0.000,0.000,0.000
横浜DeNAベイスターズ,東妻 純平,捕手,0.000,0,0,0,0,0,0,0,0,0,0,0,0,0,0.000,0.000,0.000,0.000
横浜DeNAベイスターズ,古市 尊,捕手,0.000,4,0,0,0,0,0,0,1,0,0,0,0,0,0.000,0.000,0.000,0.000
横浜DeNAベイスターズ,九鬼 隆平,捕手,0.500,2,0,1,1,0,0,0,0,0,0,0,0,0,0.333,1.000,1.333,0.500
横浜DeNAベイスターズ,林 琢真,内野手,0.000,0,0,0,0,0,0,0,0,0,0,0,0,0,0.000,0.000,0.000,0.000
横浜DeNAベイスターズ,牧 秀悟,内野手,0.250,36,6,9,2,0,3,13,11,0,1,0,0,1,0.217,0.556,0.773,0.306
横浜DeNAベイスターズ,小田 康一郎,内野手,0.000,7,1,0,0,0,0,0,3,1,0,0,0,0,0.125,0.000,0.125,0.000
横浜DeNAベイスターズ,森 敬斗,内野手,0.000,0,0,0,0,0,0,0,0,0,0,0,0,0,0.000,0.000,0.000,0.000
横浜DeNAベイスターズ,京田 陽太,内野手,0.192,26,4,5,1,0,1,5,6,2,2,0,0,1,0.257,0.346,0.603,0.154
横浜DeNAベイスターズ,筒香 嘉智,内野手,0.213,47,4,10,0,0,0,2,13,10,0,0,0,1,0.299,0.213,0.511,0.000
横浜DeNAベイスターズ,三森 大貴,内野手,0.300,20,4,6,1,0,0,1,3,1,0,0,2,0,0.259,0.350,0.609,0.050
横浜DeNAベイスターズ,柴田 竜拓,内野手,0.000,1,0,0,0,0,0,0,0,0,0,0,0,0,0.000,0.000,0.000,0.000
横浜DeNAベイスターズ,宮下 朝陽,内野手,1.000,4,1,4,0,0,1,3,0,0,0,0,0,0,0.500,1.750,2.250,0.750
横浜DeNAベイスターズ,加藤 響,内野手,0.000,0,0,0,0,0,0,0,0,0,0,0,0,0,0.000,0.000,0.000,0.000
横浜DeNAベイスターズ,井上 朋也,内野手,0.000,8,0,0,0,0,0,0,4,1,0,0,0,0,0.111,0.000,0.111,0.000
横浜DeNAベイスターズ,石上 泰輝,内野手,0.163,43,3,7,2,0,0,1,12,1,0,1,0,3,0.157,0.209,0.366,0.047
横浜DeNAベイスターズ,成瀬 脩人,内野手,0.200,5,1,1,0,0,0,0,4,0,0,0,0,1,0.167,0.200,0.367,0.000
横浜DeNAベイスターズ,宮﨑 敏郎,内野手,0.271,48,5,13,1,0,2,3,11,4,0,0,0,1,0.262,0.417,0.678,0.146
横浜DeNAベイスターズ,田内 真翔,内野手,0.000,0,0,0,0,0,0,0,0,0,0,0,0,0,0.000,0.000,0.000,0.000
横浜DeNAベイスターズ,ビシエド,内野手,0.000,0,0,0,0,0,0,0,0,0,0,0,0,0,0.000,0.000,0.000,0.000
横浜DeNAベイスターズ,度会 隆輝,外野手,0.208,72,6,15,4,0,2,9,9,5,1,0,0,0,0.226,0.347,0.573,0.139
横浜DeNAベイスターズ,佐野 恵太,外野手,0.313,64,4,20,6,0,0,4,10,5,1,0,0,0,0.289,0.406,0.695,0.094
横浜DeNAベイスターズ,神里 和毅,外野手,0.000,1,0,0,0,0,0,0,0,0,0,0,0,0,0.000,0.000,0.000,0.000
横浜DeNAベイスターズ,勝又 温史,外野手,0.000,0,0,0,0,0,0,0,0,0,0,0,0,0,0.000,0.000,0.000,0.000
横浜DeNAベイスターズ,井上 絢登,外野手,0.000,0,0,0,0,0,0,0,0,0,0,0,0,0,0.000,0.000,0.000,0.000
横浜DeNAベイスターズ,梶原 昂希,外野手,0.000,0,0,0,0,0,0,0,0,0,0,0,0,0,0.000,0.000,0.000,0.000
横浜DeNAベイスターズ,蝦名 達夫,外野手,0.274,73,12,20,5,1,2,9,16,6,3,0,1,0,0.284,0.452,0.736,0.178
横浜DeNAベイスターズ,関根 大気,外野手,0.000,0,0,0,0,0,0,0,0,0,0,0,0,0,0.000,0.000,0.000,0.000
横浜DeNAベイスターズ,濱 将乃介,外野手,0.000,0,0,0,0,0,0,0,0,0,0,0,0,0,0.000,0.000,0.000,0.000
横浜DeNAベイスターズ,ヒュンメル,外野手,0.250,24,3,6,2,0,1,4,12,3,1,0,0,1,0.294,0.458,0.752,0.208
横浜DeNAベイスターズ,上甲 凌大,捕手,0.000,0,0,0,0,0,0,0,0,0,0,0,0,0,0.000,0.000,0.000,0.000
横浜DeNAベイスターズ,近藤 大雅,捕手,0.000,0,0,0,0,0,0,0,0,0,0,0,0,0,0.000,0.000,0.000,0.000
横浜DeNAベイスターズ,小笠原 蒼,内野手,0.000,0,0,0,0,0,0,0,0,0,0,0,0,0,0.000,0.000,0.000,0.000
横浜DeNAベイスターズ,西巻 賢二,内野手,0.000,0,0,0,0,0,0,0,0,0,0,0,0,0,0.000,0.000,0.000,0.000
横浜DeNAベイスターズ,清水 詩太,内野手,0.000,0,0,0,0,0,0,0,0,0,0,0,0,0,0.000,0.000,0.000,0.000
横浜DeNAベイスターズ,高見澤 郁魅,内野手,0.000,0,0,0,0,0,0,0,0,0,0,0,0,0,0.000,0.000,0.000,0.000
横浜DeNAベイスターズ,小針 大輝,外野手,0.000,0,0,0,0,0,0,0,0,0,0,0,0,0,0.000,0.000,0.000,0.000
広島東洋カープ,會澤 翼,捕手,0.000,0,0,0,0,0,0,0,0,0,0,0,0,0,0.000,0.000,0.000,0.000
広島東洋カープ,坂倉 将吾,捕手,0.261,69,5,18,3,0,2,9,16,5,1,0,2,2,0.258,0.391,0.649,0.130
広島東洋カープ,石原 貴規,捕手,0.286,7,0,2,0,0,0,0,2,1,0,0,0,0,0.300,0.286,0.586,0.000
広島東洋カープ,持丸 泰輝,捕手,0.188,48,4,9,1,0,2,5,15,5,1,3,0,0,0.238,0.333,0.571,0.146
広島東洋カープ,清水 叶人,捕手,0.000,0,0,0,0,0,0,0,0,0,0,0,0,0,0.000,0.000,0.000,0.000
広島東洋カープ,髙木 翔斗,捕手,0.000,0,0,0,0,0,0,0,0,0,0,0,0,0,0.000,0.000,0.000,0.000
広島東洋カープ,羽月 隆太郎,内野手,0.000,0,0,0,0,0,0,0,0,0,0,0,0,0,0.000,0.000,0.000,0.000
広島東洋カープ,勝田 成,内野手,0.000,0,0,0,0,0,0,0,0,0,0,0,0,0,0.000,0.000,0.000,0.000
広島東洋カープ,矢野 雅哉,内野手,0.200,20,4,4,0,0,0,0,7,4,0,1,0,0,0.286,0.200,0.486,0.000
広島東洋カープ,小園 海斗,内野手,0.217,60,2,13,3,1,0,0,8,5,0,0,0,0,0.231,0.300,0.531,0.083
広島東洋カープ,堂林 翔太,内野手,0.000,0,0,0,0,0,0,0,0,0,0,0,0,0,0.000,0.000,0.000,0.000
広島東洋カープ,佐々木 泰,内野手,0.296,27,2,8,1,0,0,0,2,3,0,0,0,1,0.289,0.333,0.623,0.037
広島東洋カープ,菊池 涼介,内野手,0.183,60,3,11,4,0,0,3,16,8,0,2,0,0,0.241,0.250,0.491,0.067
広島東洋カープ,林 晃汰,内野手,0.000,6,0,0,0,0,0,0,3,1,0,0,0,0,0.143,0.000,0.143,0.000
広島東洋カープ,渡邉 悠斗,内野手,0.000,0,0,0,0,0,0,0,0,0,0,0,0,0,0.000,0.000,0.000,0.000
広島東洋カープ,西川 篤夢,内野手,0.000,0,0,0,0,0,0,0,0,0,0,0,0,0,0.000,0.000,0.000,0.000
広島東洋カープ,仲田 侑仁,内野手,0.000,0,0,0,0,0,0,0,0,0,0,0,0,0,0.000,0.000,0.000,0.000
広島東洋カープ,内田 湘大,内野手,0.000,0,0,0,0,0,0,0,0,0,0,0,0,0,0.000,0.000,0.000,0.000
広島東洋カープ,辰見 鴻之介,内野手,0.000,3,4,0,0,0,0,0,2,0,0,0,5,0,0.000,0.000,0.000,0.000
広島東洋カープ,前川 誠太,内野手,0.000,7,0,0,0,0,0,0,1,1,0,0,0,0,0.125,0.000,0.125,0.000
広島東洋カープ,佐藤 啓介,内野手,0.000,0,0,0,0,0,0,0,0,0,0,0,0,0,0.000,0.000,0.000,0.000
広島東洋カープ,モンテロ,内野手,0.133,45,1,6,2,0,1,5,16,6,0,0,0,1,0.211,0.244,0.455,0.111
広島東洋カープ,二俣 翔一,内野手,0.000,8,0,0,0,0,0,0,4,0,0,1,0,0,0.000,0.000,0.000,0.000
広島東洋カープ,秋山 翔吾,外野手,0.000,0,0,0,0,0,0,0,0,0,0,0,0,0,0.000,0.000,0.000,0.000
広島東洋カープ,野間 峻祥,外野手,0.000,4,0,0,0,0,0,0,1,0,1,0,0,0,0.200,0.000,0.200,0.000
広島東洋カープ,平川 蓮,外野手,0.185,27,3,5,1,0,1,1,9,1,0,0,0,0,0.182,0.333,0.515,0.148
広島東洋カープ,末包 昇大,外野手,0.000,0,0,0,0,0,0,0,0,0,0,0,0,0,0.000,0.000,0.000,0.000
広島東洋カープ,久保 修,外野手,0.000,0,0,0,0,0,0,0,0,0,0,0,0,0,0.000,0.000,0.000,0.000
広島東洋カープ,大盛 穂,外野手,0.244,45,4,11,3,1,2,4,16,4,0,1,1,0,0.250,0.489,0.739,0.244
広島東洋カープ,田村 俊介,外野手,0.000,0,0,0,0,0,0,0,0,0,0,0,0,0,0.000,0.000,0.000,0.000
広島東洋カープ,ファビアン,外野手,0.224,49,3,11,3,0,2,3,8,5,2,0,0,0,0.269,0.408,0.677,0.184
広島東洋カープ,名原 典彦,外野手,0.240,75,8,18,1,2,2,9,6,4,1,2,3,1,0.235,0.387,0.621,0.147
広島東洋カープ,中村 奨成,外野手,0.000,1,0,0,0,0,0,0,0,0,0,0,0,0,0.000,0.000,0.000,0.000
広島東洋カープ,中村 貴浩,外野手,0.000,0,0,0,0,0,0,0,0,0,0,0,0,0,0.000,0.000,0.000,0.000
広島東洋カープ,安竹 俊喜,捕手,0.000,0,0,0,0,0,0,0,0,0,0,0,0,0,0.000,0.000,0.000,0.000
広島東洋カープ,小林 結太,捕手,0.000,0,0,0,0,0,0,0,0,0,0,0,0,0,0.000,0.000,0.000,0.000
広島東洋カープ,岸本 大希,内野手,0.000,0,0,0,0,0,0,0,0,0,0,0,0,0,0.000,0.000,0.000,0.000
広島東洋カープ,ラミレス,内野手,0.000,0,0,0,0,0,0,0,0,0,0,0,0,0,0.000,0.000,0.000,0.000
広島東洋カープ,ロベルト,外野手,0.000,0,0,0,0,0,0,0,0,0,0,0,0,0,0.000,0.000,0.000,0.000
中日ドラゴンズ,石伊 雄太,捕手,0.275,51,6,14,2,0,1,2,14,1,2,2,0,1,0.250,0.373,0.623,0.098
中日ドラゴンズ,木下 拓哉,捕手,0.000,0,0,0,0,0,0,0,0,0,0,0,0,0,0.000,0.000,0.000,0.000
中日ドラゴンズ,宇佐見 真吾,捕手,0.000,0,0,0,0,0,0,0,0,0,0,0,0,0,0.000,0.000,0.000,0.000
中日ドラゴンズ,味谷 大誠,捕手,0.000,1,0,0,0,0,0,0,0,0,0,0,0,0,0.000,0.000,0.000,0.000
中日ドラゴンズ,加藤 匠馬,捕手,0.000,10,0,0,0,0,0,0,5,0,0,0,0,0,0.000,0.000,0.000,0.000
中日ドラゴンズ,石橋 康太,捕手,0.000,0,0,0,0,0,0,0,0,0,0,0,0,0,0.000,0.000,0.000,0.000
中日ドラゴンズ,辻本 倫太郎,内野手,0.000,0,0,0,0,0,0,0,0,0,0,0,0,0,0.000,0.000,0.000,0.000
中日ドラゴンズ,田中 幹也,内野手,0.348,46,7,16,3,0,0,6,7,1,0,2,2,0,0.270,0.413,0.683,0.065
中日ドラゴンズ,高橋 周平,内野手,0.167,6,0,1,0,0,0,0,3,0,0,0,0,0,0.143,0.167,0.310,0.000
中日ドラゴンズ,カリステ,内野手,0.000,0,0,0,0,0,0,0,0,0,0,0,0,0,0.000,0.000,0.000,0.000
中日ドラゴンズ,村松 開人,内野手,0.153,59,7,9,1,0,0,3,16,10,0,2,0,5,0.244,0.169,0.413,0.017
中日ドラゴンズ,福永 裕基,内野手,0.205,39,1,8,1,0,0,1,10,4,0,0,0,1,0.235,0.231,0.466,0.026
中日ドラゴンズ,サノー,内野手,0.150,20,1,3,0,0,1,3,6,0,0,0,0,0,0.130,0.300,0.430,0.150
中日ドラゴンズ,石川 昂弥,内野手,0.281,57,8,16,5,0,4,8,15,4,0,0,0,1,0.260,0.579,0.839,0.298
中日ドラゴンズ,森 駿太,内野手,0.000,0,0,0,0,0,0,0,0,0,0,0,0,0,0.000,0.000,0.000,0.000
中日ドラゴンズ,土田 龍空,内野手,0.000,3,1,0,0,0,0,0,2,0,0,0,0,0,0.000,0.000,0.000,0.000
中日ドラゴンズ,阿部 寿樹,内野手,0.235,34,3,8,1,0,0,1,9,8,0,1,0,0,0.320,0.265,0.585,0.029
中日ドラゴンズ,新保 茉良,内野手,0.000,0,0,0,0,0,0,0,0,0,0,0,0,0,0.000,0.000,0.000,0.000
中日ドラゴンズ,山本 泰寛,内野手,0.240,25,1,6,1,0,0,1,4,2,0,2,0,0,0.242,0.280,0.522,0.040
中日ドラゴンズ,板山 祐太郎,内野手,0.244,41,3,10,1,0,1,3,10,3,0,0,0,0,0.241,0.341,0.582,0.098
中日ドラゴンズ,知野 直人,内野手,0.000,0,0,0,0,0,0,0,0,0,0,0,0,0,0.000,0.000,0.000,0.000
中日ドラゴンズ,ロドリゲス,内野手,0.000,0,0,0,0,0,0,0,0,0,0,0,0,0,0.000,0.000,0.000,0.000
中日ドラゴンズ,樋口 正修,内野手,0.000,0,0,0,0,0,0,0,0,0,0,0,0,0,0.000,0.000,0.000,0.000
中日ドラゴンズ,尾田 剛樹,外野手,1.000,1,2,1,0,0,0,0,0,0,0,0,1,0,0.500,1.000,1.500,0.000
中日ドラゴンズ,岡林 勇希,外野手,0.324,34,4,11,1,0,0,3,6,5,0,1,0,0,0.320,0.353,0.673,0.029
中日ドラゴンズ,大島 洋平,外野手,0.000,0,0,0,0,0,0,0,0,0,0,0,0,0,0.000,0.000,0.000,0.000
中日ドラゴンズ,ボスラー,外野手,0.105,19,0,2,0,0,0,0,9,0,0,0,0,0,0.095,0.105,0.201,0.000
中日ドラゴンズ,ブライト 健太,外野手,0.000,0,0,0,0,0,0,0,0,0,0,0,0,0,0.000,0.000,0.000,0.000
中日ドラゴンズ,川越 誠司,外野手,0.000,0,0,0,0,0,0,0,0,0,0,0,0,0,0.000,0.000,0.000,0.000
中日ドラゴンズ,上林 誠知,外野手,0.000,0,0,0,0,0,0,0,0,0,0,0,0,0,0.000,0.000,0.000,0.000
中日ドラゴンズ,細川 成也,外野手,0.159,63,6,10,1,0,4,13,21,12,0,0,0,0,0.259,0.365,0.624,0.206
中日ドラゴンズ,花田 旭,外野手,0.133,15,1,2,1,0,0,0,6,1,0,0,0,0,0.167,0.200,0.367,0.067
中日ドラゴンズ,鵜飼 航丞,外野手,0.235,51,7,12,3,0,2,12,15,1,2,0,1,0,0.227,0.412,0.639,0.176
中日ドラゴンズ,能戸 輝夢,外野手,0.000,0,0,0,0,0,0,0,0,0,0,0,0,0,0.000,0.000,0.000,0.000
中日ドラゴンズ,山浅 龍之介,捕手,0.000,0,0,0,0,0,0,0,0,0,0,0,0,0,0.000,0.000,0.000,0.000
中日ドラゴンズ,日渡 騰輝,捕手,0.000,0,0,0,0,0,0,0,0,0,0,0,0,0,0.000,0.000,0.000,0.000
中日ドラゴンズ,中村 奈一輝,内野手,0.000,0,0,0,0,0,0,0,0,0,0,0,0,0,0.000,0.000,0.000,0.000
中日ドラゴンズ,津田 啓史,内野手,0.000,0,0,0,0,0,0,0,0,0,0,0,0,0,0.000,0.000,0.000,0.000
中日ドラゴンズ,石川 大峨,内野手,0.000,0,0,0,0,0,0,0,0,0,0,0,0,0,0.000,0.000,0.000,0.000
中日ドラゴンズ,川上 理偉,内野手,0.000,0,0,0,0,0,0,0,0,0,0,0,0,0,0.000,0.000,0.000,0.000
中日ドラゴンズ,福元 悠真,外野手,0.000,0,0,0,0,0,0,0,0,0,0,0,0,0,0.000,0.000,0.000,0.000
中日ドラゴンズ,三上 愛介,外野手,0.000,0,0,0,0,0,0,0,0,0,0,0,0,0,0.000,0.000,0.000,0.000
東京ヤクルトスワローズ,古賀 優大,捕手,0.111,36,1,4,0,0,0,2,8,2,2,0,0,0,0.182,0.111,0.293,0.000
東京ヤクルトスワローズ,中村 悠平,捕手,0.286,14,0,4,1,0,0,0,0,1,1,2,0,0,0.300,0.357,0.657,0.071
東京ヤクルトスワローズ,松本 直樹,捕手,0.000,1,0,0,0,0,0,0,0,0,0,0,0,0,0.000,0.000,0.000,0.000
東京ヤクルトスワローズ,柿沼 友哉,捕手,0.000,0,0,0,0,0,0,0,0,0,0,0,0,0,0.000,0.000,0.000,0.000
東京ヤクルトスワローズ,橋本 星哉,捕手,0.000,0,0,0,0,0,0,0,0,0,0,0,0,0,0.000,0.000,0.000,0.000
東京ヤクルトスワローズ,矢野 泰二郎,捕手,0.000,0,0,0,0,0,0,0,0,0,0,0,0,0,0.000,0.000,0.000,0.000
東京ヤクルトスワローズ,鈴木 叶,捕手,0.133,15,0,2,0,0,0,0,6,0,0,0,0,1,0.118,0.133,0.251,0.000
東京ヤクルトスワローズ,赤羽 由紘,内野手,0.200,35,1,7,1,0,0,2,8,1,0,1,2,0,0.186,0.229,0.415,0.029
東京ヤクルトスワローズ,山田 哲人,内野手,0.000,0,0,0,0,0,0,0,0,0,0,0,0,0,0.000,0.000,0.000,0.000
東京ヤクルトスワローズ,内山 壮真,内野手,0.161,56,5,9,1,0,1,3,11,6,0,0,0,4,0.211,0.232,0.443,0.071
東京ヤクルトスワローズ,松下 歩叶,内野手,0.207,29,0,6,1,0,0,3,9,0,1,0,0,0,0.194,0.241,0.436,0.034
東京ヤクルトスワローズ,長岡 秀樹,内野手,0.127,55,5,7,0,0,0,0,12,8,2,2,0,2,0.236,0.127,0.363,0.000
東京ヤクルトスワローズ,茂木 栄五郎,内野手,0.500,4,1,2,1,0,0,1,1,4,0,0,0,1,0.600,0.750,1.350,0.250
東京ヤクルトスワローズ,宮本 丈,内野手,0.000,0,0,0,0,0,0,0,0,0,0,0,0,0,0.000,0.000,0.000,0.000
東京ヤクルトスワローズ,オスナ,内野手,0.241,58,2,14,3,0,1,6,11,5,0,0,0,0,0.247,0.345,0.592,0.103
東京ヤクルトスワローズ,山野辺 翔,内野手,0.000,0,0,0,0,0,0,0,0,0,0,0,0,0,0.000,0.000,0.000,0.000
東京ヤクルトスワローズ,石井 巧,内野手,0.250,4,0,1,0,0,0,0,2,0,0,0,0,0,0.200,0.250,0.450,0.000
東京ヤクルトスワローズ,松川 玲央,内野手,0.000,0,0,0,0,0,0,0,0,0,0,0,0,0,0.000,0.000,0.000,0.000
東京ヤクルトスワローズ,北村 恵吾,内野手,0.000,0,0,0,0,0,0,0,0,0,0,0,0,0,0.000,0.000,0.000,0.000
東京ヤクルトスワローズ,田中 陽翔,内野手,0.000,0,0,0,0,0,0,0,0,0,0,0,0,0,0.000,0.000,0.000,0.000
東京ヤクルトスワローズ,武岡 龍世,内野手,0.225,40,2,9,2,1,0,3,8,1,0,0,0,1,0.200,0.325,0.525,0.100
東京ヤクルトスワローズ,伊藤 琉偉,内野手,0.000,8,0,0,0,0,0,0,6,0,0,1,0,0,0.000,0.000,0.000,0.000
東京ヤクルトスワローズ,並木 秀尊,外野手,0.000,0,0,0,0,0,0,0,0,0,0,0,0,0,0.000,0.000,0.000,0.000
東京ヤクルトスワローズ,丸山 和郁,外野手,0.000,0,0,0,0,0,0,0,0,0,0,0,0,0,0.000,0.000,0.000,0.000
東京ヤクルトスワローズ,塩見 泰隆,外野手,0.258,31,2,8,2,0,2,5,10,1,0,0,0,0,0.225,0.516,0.741,0.258
東京ヤクルトスワローズ,サンタナ,外野手,0.236,55,10,13,5,0,3,7,16,11,0,0,0,0,0.304,0.491,0.795,0.255
東京ヤクルトスワローズ,モイセエフ ニキータ,外野手,0.000,0,0,0,0,0,0,0,0,0,0,0,0,0,0.000,0.000,0.000,0.000
東京ヤクルトスワローズ,西村 瑠伊斗,外野手,0.000,0,0,0,0,0,0,0,0,0,0,0,0,0,0.000,0.000,0.000,0.000
東京ヤクルトスワローズ,澤井 廉,外野手,0.000,5,0,0,0,0,0,0,3,0,0,0,0,0,0.000,0.000,0.000,0.000
東京ヤクルトスワローズ,増田 珠,外野手,0.255,55,4,14,0,0,1,4,13,4,0,0,2,0,0.247,0.309,0.556,0.055
東京ヤクルトスワローズ,岩田 幸宏,外野手,0.255,55,4,14,1,0,0,2,13,1,1,0,4,0,0.225,0.273,0.498,0.018
東京ヤクルトスワローズ,モンテル,外野手,0.429,35,6,15,3,0,1,4,6,2,0,0,3,1,0.327,0.600,0.927,0.171
東京ヤクルトスワローズ,松本 龍之介,捕手,0.000,0,0,0,0,0,0,0,0,0,0,0,0,0,0.000,0.000,0.000,0.000
東京ヤクルトスワローズ,中川 拓真,捕手,0.000,0,0,0,0,0,0,0,0,0,0,0,0,0,0.000,0.000,0.000,0.000
東京ヤクルトスワローズ,澤野 聖悠,内野手,0.000,0,0,0,0,0,0,0,0,0,0,0,0,0,0.000,0.000,0.000,0.000
東京ヤクルトスワローズ,根岸 辰昇,内野手,0.000,0,0,0,0,0,0,0,0,0,0,0,0,0,0.000,0.000,0.000,0.000
東京ヤクルトスワローズ,髙野 颯太,内野手,0.000,0,0,0,0,0,0,0,0,0,0,0,0,0,0.000,0.000,0.000,0.000
福岡ソフトバンクホークス,渡邉 陸,捕手,0.250,4,0,1,1,0,0,1,2,0,0,0,0,1,0.200,0.500,0.700,0.250
福岡ソフトバンクホークス,嶺井 博希,捕手,0.000,0,0,0,0,0,0,0,0,0,0,0,0,0,0.000,0.000,0.000,0.000
福岡ソフトバンクホークス,山本 祐大,捕手,0.368,19,5,7,1,0,1,4,2,2,1,0,0,0,0.345,0.579,0.924,0.211
福岡ソフトバンクホークス,谷川原 健太,捕手,0.091,11,0,1,1,0,0,0,5,1,0,0,0,0,0.154,0.182,0.336,0.091
福岡ソフトバンクホークス,石塚 綜一郎,捕手,0.000,0,0,0,0,0,0,0,0,0,0,0,0,0,0.000,0.000,0.000,0.000
福岡ソフトバンクホークス,海野 隆司,捕手,0.136,44,2,6,3,0,0,3,13,2,0,6,0,0,0.154,0.205,0.358,0.068
福岡ソフトバンクホークス,藤田 悠太郎,捕手,0.000,0,0,0,0,0,0,0,0,0,0,0,0,0,0.000,0.000,0.000,0.000
福岡ソフトバンクホークス,川瀬 晃,内野手,0.167,6,1,1,1,0,0,0,2,2,0,0,0,0,0.333,0.333,0.667,0.167
福岡ソフトバンクホークス,ダウンズ,内野手,0.000,0,0,0,0,0,0,0,0,0,0,0,0,0,0.000,0.000,0.000,0.000
福岡ソフトバンクホークス,山川 穂高,内野手,0.143,7,0,1,0,0,0,1,3,0,0,0,0,0,0.125,0.143,0.268,0.000
福岡ソフトバンクホークス,今宮 健太,内野手,0.286,14,1,4,3,0,0,3,2,3,0,1,0,0,0.333,0.500,0.833,0.214
福岡ソフトバンクホークス,中村 晃,内野手,0.000,4,0,0,0,0,0,0,1,0,0,0,0,0,0.000,0.000,0.000,0.000
福岡ソフトバンクホークス,牧原 大成,内野手,0.299,67,5,20,2,0,1,5,14,4,0,0,1,0,0.264,0.373,0.637,0.075
福岡ソフトバンクホークス,栗原 陵矢,内野手,0.265,83,13,22,6,1,7,19,17,6,1,0,0,0,0.259,0.614,0.873,0.349
福岡ソフトバンクホークス,庄子 雄大,内野手,0.192,52,8,10,0,0,0,4,17,6,1,2,6,0,0.246,0.192,0.439,0.000
福岡ソフトバンクホークス,廣瀨 隆太,内野手,0.229,35,3,8,3,0,0,4,13,5,0,1,0,0,0.271,0.314,0.585,0.086
福岡ソフトバンクホークス,イヒネ イツア,内野手,0.000,0,0,0,0,0,0,0,0,0,0,0,0,0,0.000,0.000,0.000,0.000
福岡ソフトバンクホークス,宇野 真仁朗,内野手,0.000,0,0,0,0,0,0,0,0,0,0,0,0,0,0.000,0.000,0.000,0.000
福岡ソフトバンクホークス,秋広 優人,内野手,0.000,0,0,0,0,0,0,0,0,0,0,0,0,0,0.000,0.000,0.000,0.000
福岡ソフトバンクホークス,髙橋 隆慶,内野手,0.400,5,1,2,0,0,1,1,3,0,0,0,0,0,0.286,1.000,1.286,0.600
福岡ソフトバンクホークス,石見 颯真,内野手,0.000,0,0,0,0,0,0,0,0,0,0,0,0,0,0.000,0.000,0.000,0.000
福岡ソフトバンクホークス,野村 勇,内野手,0.455,33,13,15,1,2,6,8,7,5,0,0,0,0,0.377,1.152,1.529,0.697
福岡ソフトバンクホークス,近藤 健介,外野手,0.286,70,9,20,4,0,5,14,18,7,1,0,2,0,0.286,0.557,0.843,0.271
福岡ソフトバンクホークス,柳田 悠岐,外野手,0.214,56,5,12,3,0,2,2,7,7,0,0,0,0,0.253,0.375,0.628,0.161
福岡ソフトバンクホークス,周東 佑京,外野手,0.246,65,8,16,2,0,0,2,12,4,2,4,4,0,0.253,0.277,0.530,0.031
福岡ソフトバンクホークス,正木 智也,外野手,0.244,82,14,20,3,0,6,13,22,15,3,0,0,0,0.317,0.500,0.817,0.256
福岡ソフトバンクホークス,柳町 達,外野手,0.444,18,0,8,0,0,0,2,4,0,0,0,0,0,0.308,0.444,0.752,0.000
福岡ソフトバンクホークス,笹川 吉康,外野手,0.000,0,0,0,0,0,0,0,0,0,0,0,0,0,0.000,0.000,0.000,0.000
福岡ソフトバンクホークス,緒方 理貢,外野手,0.000,0,0,0,0,0,0,0,0,0,0,0,0,0,0.000,0.000,0.000,0.000
福岡ソフトバンクホークス,川村 友斗,外野手,0.143,7,1,1,1,0,0,1,2,0,0,0,0,0,0.125,0.286,0.411,0.143
福岡ソフトバンクホークス,山本 恵大,外野手,0.200,10,1,2,0,0,1,2,4,0,1,0,0,0,0.231,0.500,0.731,0.300
福岡ソフトバンクホークス,ロドリゲス,内野手,0.000,0,0,0,0,0,0,0,0,0,0,0,0,0,0.000,0.000,0.000,0.000
福岡ソフトバンクホークス,大友 宗,捕手,0.000,0,0,0,0,0,0,0,0,0,0,0,0,0,0.000,0.000,0.000,0.000
福岡ソフトバンクホークス,牧原 巧汰,捕手,0.000,0,0,0,0,0,0,0,0,0,0,0,0,0,0.000,0.000,0.000,0.000
福岡ソフトバンクホークス,池田 栞太,捕手,0.000,0,0,0,0,0,0,0,0,0,0,0,0,0,0.000,0.000,0.000,0.000
福岡ソフトバンクホークス,盛島 稜大,捕手,0.000,0,0,0,0,0,0,0,0,0,0,0,0,0,0.000,0.000,0.000,0.000
福岡ソフトバンクホークス,ザイレン,内野手,0.000,0,0,0,0,0,0,0,0,0,0,0,0,0,0.000,0.000,0.000,0.000
福岡ソフトバンクホークス,藤野 恵音,内野手,0.000,0,0,0,0,0,0,0,0,0,0,0,0,0,0.000,0.000,0.000,0.000
福岡ソフトバンクホークス,桑原 秀侍,内野手,0.000,0,0,0,0,0,0,0,0,0,0,0,0,0,0.000,0.000,0.000,0.000
福岡ソフトバンクホークス,広瀬 結煌,内野手,0.000,0,0,0,0,0,0,0,0,0,0,0,0,0,0.000,0.000,0.000,0.000
福岡ソフトバンクホークス,佐倉 侠史朗,内野手,0.000,0,0,0,0,0,0,0,0,0,0,0,0,0,0.000,0.000,0.000,0.000
福岡ソフトバンクホークス,中澤 恒貴,内野手,0.000,0,0,0,0,0,0,0,0,0,0,0,0,0,0.000,0.000,0.000,0.000
福岡ソフトバンクホークス,江崎 歩,内野手,0.000,0,0,0,0,0,0,0,0,0,0,0,0,0,0.000,0.000,0.000,0.000
福岡ソフトバンクホークス,大橋 令和,内野手,0.000,0,0,0,0,0,0,0,0,0,0,0,0,0,0.000,0.000,0.000,0.000
福岡ソフトバンクホークス,山下 恭吾,内野手,0.000,0,0,0,0,0,0,0,0,0,0,0,0,0,0.000,0.000,0.000,0.000
福岡ソフトバンクホークス,西尾 歩真,内野手,0.000,0,0,0,0,0,0,0,0,0,0,0,0,0,0.000,0.000,0.000,0.000
福岡ソフトバンクホークス,モレノ,内野手,0.000,0,0,0,0,0,0,0,0,0,0,0,0,0,0.000,0.000,0.000,0.000
福岡ソフトバンクホークス,アルモンテ,内野手,0.000,0,0,0,0,0,0,0,0,0,0,0,0,0,0.000,0.000,0.000,0.000
福岡ソフトバンクホークス,大泉 周也,外野手,0.000,0,0,0,0,0,0,0,0,0,0,0,0,0,0.000,0.000,0.000,0.000
福岡ソフトバンクホークス,漁府 輝羽,外野手,0.000,0,0,0,0,0,0,0,0,0,0,0,0,0,0.000,0.000,0.000,0.000
福岡ソフトバンクホークス,木下 勇人,外野手,0.000,0,0,0,0,0,0,0,0,0,0,0,0,0,0.000,0.000,0.000,0.000
福岡ソフトバンクホークス,鈴木 貴大,外野手,0.000,0,0,0,0,0,0,0,0,0,0,0,0,0,0.000,0.000,0.000,0.000
福岡ソフトバンクホークス,生海,外野手,0.000,0,0,0,0,0,0,0,0,0,0,0,0,0,0.000,0.000,0.000,0.000
福岡ソフトバンクホークス,エミール,外野手,0.000,0,0,0,0,0,0,0,0,0,0,0,0,0,0.000,0.000,0.000,0.000
福岡ソフトバンクホークス,重松 凱人,外野手,0.000,0,0,0,0,0,0,0,0,0,0,0,0,0,0.000,0.000,0.000,0.000
福岡ソフトバンクホークス,佐藤 航太,外野手,0.000,0,0,0,0,0,0,0,0,0,0,0,0,0,0.000,0.000,0.000,0.000
福岡ソフトバンクホークス,オスーナ,外野手,0.000,0,0,0,0,0,0,0,0,0,0,0,0,0,0.000,0.000,0.000,0.000
北海道日本ハムファイターズ,郡司 裕也,捕手,0.152,33,2,5,2,0,1,4,3,6,0,0,0,3,0.250,0.303,0.553,0.152
北海道日本ハムファイターズ,清水 優心,捕手,0.000,0,0,0,0,0,0,0,0,0,0,0,0,0,0.000,0.000,0.000,0.000
北海道日本ハムファイターズ,進藤 勇也,捕手,0.200,20,3,4,1,0,0,0,5,2,0,0,0,0,0.231,0.250,0.481,0.050
北海道日本ハムファイターズ,リン,捕手,0.000,0,0,0,0,0,0,0,0,0,0,0,0,0,0.000,0.000,0.000,0.000
北海道日本ハムファイターズ,藤森 海斗,捕手,0.000,0,0,0,0,0,0,0,0,0,0,0,0,0,0.000,0.000,0.000,0.000
北海道日本ハムファイターズ,吉田 賢吾,捕手,1.000,1,0,1,0,0,0,0,0,0,0,0,0,0,0.500,1.000,1.500,0.000
北海道日本ハムファイターズ,田宮 裕涼,捕手,0.354,48,7,17,0,0,2,4,11,2,0,3,2,0,0.284,0.479,0.763,0.125
北海道日本ハムファイターズ,梅林 優貴,捕手,0.000,5,0,0,0,0,0,0,3,0,0,0,0,0,0.000,0.000,0.000,0.000
北海道日本ハムファイターズ,上川畑 大悟,内野手,0.400,5,0,2,0,0,0,0,1,0,0,0,0,1,0.286,0.400,0.686,0.000
北海道日本ハムファイターズ,野村 佑希,内野手,0.300,60,0,18,2,0,0,8,18,0,0,0,0,1,0.231,0.333,0.564,0.033
北海道日本ハムファイターズ,カストロ,内野手,0.256,39,2,10,1,0,1,5,7,0,0,0,0,0,0.204,0.359,0.563,0.103
北海道日本ハムファイターズ,中島 卓也,内野手,0.000,0,0,0,0,0,0,0,0,0,0,0,0,0,0.000,0.000,0.000,0.000
北海道日本ハムファイターズ,清宮 幸太郎,内野手,0.148,61,1,9,2,0,0,2,11,2,0,0,0,3,0.153,0.180,0.333,0.033
北海道日本ハムファイターズ,有薗 直輝,内野手,0.000,0,0,0,0,0,0,0,0,0,0,0,0,0,0.000,0.000,0.000,0.000
北海道日本ハムファイターズ,水野 達稀,内野手,0.305,82,15,25,5,4,3,9,14,5,1,6,3,2,0.274,0.573,0.848,0.268
北海道日本ハムファイターズ,阪口 樂,内野手,0.000,0,0,0,0,0,0,0,0,0,0,0,0,0,0.000,0.000,0.000,0.000
北海道日本ハムファイターズ,大塚 瑠晏,内野手,0.300,30,7,9,0,0,4,7,8,2,0,1,0,0,0.268,0.700,0.968,0.400
北海道日本ハムファイターズ,半田 南十,内野手,0.000,0,0,0,0,0,0,0,0,0,0,0,0,0,0.000,0.000,0.000,0.000
北海道日本ハムファイターズ,山縣 秀,内野手,0.176,17,2,3,1,0,0,2,3,0,0,1,0,0,0.150,0.235,0.385,0.059
北海道日本ハムファイターズ,細川 凌平,内野手,0.182,22,4,4,0,0,0,1,4,2,0,1,0,1,0.214,0.182,0.396,0.000
北海道日本ハムファイターズ,奈良間 大己,内野手,0.250,36,3,9,2,0,0,3,12,4,0,0,3,1,0.265,0.306,0.571,0.056
北海道日本ハムファイターズ,明瀬 諒介,内野手,0.000,0,0,0,0,0,0,0,0,0,0,0,0,0,0.000,0.000,0.000,0.000
北海道日本ハムファイターズ,西川 遥輝,外野手,0.000,0,0,0,0,0,0,0,0,0,0,0,0,0,0.000,0.000,0.000,0.000
北海道日本ハムファイターズ,淺間 大基,外野手,0.250,4,0,1,0,0,0,0,2,0,0,0,0,0,0.200,0.250,0.450,0.000
北海道日本ハムファイターズ,宮崎 一樹,外野手,0.000,0,0,0,0,0,0,0,0,0,0,0,0,0,0.000,0.000,0.000,0.000
北海道日本ハムファイターズ,エドポロ ケイン,外野手,0.000,3,0,0,0,0,0,0,0,0,0,0,0,0,0.000,0.000,0.000,0.000
北海道日本ハムファイターズ,五十幡 亮汰,外野手,0.278,18,0,5,1,0,0,0,5,1,0,2,0,0,0.250,0.333,0.583,0.056
北海道日本ハムファイターズ,水谷 瞬,外野手,0.275,40,6,11,4,0,1,3,9,0,0,0,0,0,0.216,0.450,0.666,0.175
北海道日本ハムファイターズ,今川 優馬,外野手,0.000,0,0,0,0,0,0,0,0,0,0,0,0,0,0.000,0.000,0.000,0.000
北海道日本ハムファイターズ,万波 中正,外野手,0.320,75,8,24,2,0,4,7,25,3,0,0,0,0,0.265,0.507,0.771,0.187
北海道日本ハムファイターズ,レイエス,外野手,0.366,71,9,26,7,0,6,12,12,13,0,0,0,0,0.355,0.718,1.073,0.352
北海道日本ハムファイターズ,濵田 泰希,内野手,0.000,0,0,0,0,0,0,0,0,0,0,0,0,0,0.000,0.000,0.000,0.000
北海道日本ハムファイターズ,常谷 拓輝,内野手,0.000,0,0,0,0,0,0,0,0,0,0,0,0,0,0.000,0.000,0.000,0.000
北海道日本ハムファイターズ,藤田 大清,外野手,0.000,0,0,0,0,0,0,0,0,0,0,0,0,0,0.000,0.000,0.000,0.000
北海道日本ハムファイターズ,山口 アタル,外野手,0.000,0,0,0,0,0,0,0,0,0,0,0,0,0,0.000,0.000,0.000,0.000
北海道日本ハムファイターズ,星野 ひので,外野手,0.000,0,0,0,0,0,0,0,0,0,0,0,0,0,0.000,0.000,0.000,0.000
オリックス・バファローズ,若月 健矢,捕手,0.226,53,2,12,6,0,0,8,7,8,0,3,0,0,0.274,0.340,0.614,0.113
オリックス・バファローズ,森 友哉,捕手,0.375,8,1,3,0,0,0,0,2,0,0,0,0,0,0.273,0.375,0.648,0.000
オリックス・バファローズ,福永 奨,捕手,0.000,1,0,0,0,0,0,0,1,0,0,0,0,0,0.000,0.000,0.000,0.000
オリックス・バファローズ,石川 亮,捕手,0.000,0,0,0,0,0,0,0,0,0,0,0,0,0,0.000,0.000,0.000,0.000
オリックス・バファローズ,頓宮 裕真,捕手,0.000,0,0,0,0,0,0,0,0,0,0,0,0,0,0.000,0.000,0.000,0.000
オリックス・バファローズ,山中 稜真,捕手,0.357,70,9,25,3,0,0,9,7,8,0,0,2,0,0.320,0.400,0.720,0.043
オリックス・バファローズ,野上 士耀,捕手,0.000,0,0,0,0,0,0,0,0,0,0,0,0,0,0.000,0.000,0.000,0.000
オリックス・バファローズ,堀 柊那,捕手,0.000,0,0,0,0,0,0,0,0,0,0,0,0,0,0.000,0.000,0.000,0.000
オリックス・バファローズ,太田 椋,内野手,0.220,50,4,11,4,0,0,4,15,5,1,0,0,0,0.254,0.300,0.554,0.080
オリックス・バファローズ,西野 真弘,内野手,0.211,19,0,4,2,0,0,0,1,0,1,1,0,0,0.208,0.316,0.524,0.105
オリックス・バファローズ,宗 佑磨,内野手,0.169,71,8,12,3,0,0,6,10,11,2,3,2,1,0.260,0.211,0.472,0.042
オリックス・バファローズ,野口 智哉,内野手,0.250,28,3,7,1,0,1,5,12,1,0,0,0,0,0.222,0.393,0.615,0.143
オリックス・バファローズ,大城 滉二,内野手,0.000,0,0,0,0,0,0,0,0,0,0,0,0,0,0.000,0.000,0.000,0.000
オリックス・バファローズ,紅林 弘太郎,内野手,0.259,58,9,15,2,0,4,9,7,11,1,0,0,1,0.318,0.500,0.818,0.241
オリックス・バファローズ,内藤 鵬,内野手,0.000,0,0,0,0,0,0,0,0,0,0,0,0,0,0.000,0.000,0.000,0.000
オリックス・バファローズ,廣岡 大志,内野手,0.000,0,0,0,0,0,0,0,0,0,0,0,0,0,0.000,0.000,0.000,0.000
オリックス・バファローズ,横山 聖哉,内野手,0.250,8,0,2,0,0,0,0,4,0,0,2,0,0,0.200,0.250,0.450,0.000
オリックス・バファローズ,シーモア,内野手,0.000,0,0,0,0,0,0,0,0,0,0,0,0,0,0.000,0.000,0.000,0.000
オリックス・バファローズ,宜保 翔,内野手,0.118,17,0,2,0,0,0,0,7,0,0,0,0,2,0.105,0.118,0.223,0.000
オリックス・バファローズ,中川 圭太,内野手,0.338,80,15,27,6,0,2,6,10,2,1,2,0,0,0.273,0.488,0.760,0.150
オリックス・バファローズ,渡部 遼人,外野手,0.222,27,2,6,0,0,0,2,8,3,1,2,2,0,0.270,0.222,0.492,0.000
オリックス・バファローズ,西川 龍馬,外野手,0.346,81,12,28,5,0,2,10,5,10,0,0,0,1,0.319,0.481,0.801,0.136
オリックス・バファローズ,麦谷 祐介,外野手,0.000,0,0,0,0,0,0,0,0,0,0,0,0,0,0.000,0.000,0.000,0.000
オリックス・バファローズ,杉澤 龍,外野手,0.455,11,3,5,2,0,0,2,2,0,0,1,2,0,0.313,0.636,0.949,0.182
オリックス・バファローズ,来田 涼斗,外野手,0.267,30,1,8,1,0,0,2,10,2,0,0,1,0,0.250,0.300,0.550,0.033
オリックス・バファローズ,池田 陵真,外野手,0.000,6,0,0,0,0,0,0,4,2,0,0,0,0,0.250,0.000,0.250,0.000
オリックス・バファローズ,窪田 洋祐,外野手,0.000,1,0,0,0,0,0,0,1,0,0,0,0,0,0.000,0.000,0.000,0.000
オリックス・バファローズ,平沼 翔太,外野手,0.313,16,2,5,1,0,0,2,5,1,0,0,0,0,0.273,0.375,0.648,0.063
オリックス・バファローズ,杉本 裕太郎,外野手,0.121,33,0,4,2,0,0,3,9,2,0,0,0,0,0.154,0.182,0.336,0.061
オリックス・バファローズ,村上 喬一朗,捕手,0.000,0,0,0,0,0,0,0,0,0,0,0,0,0,0.000,0.000,0.000,0.000
オリックス・バファローズ,田島 光祐,捕手,0.000,0,0,0,0,0,0,0,0,0,0,0,0,0,0.000,0.000,0.000,0.000
オリックス・バファローズ,中西 創大,内野手,0.000,0,0,0,0,0,0,0,0,0,0,0,0,0,0.000,0.000,0.000,0.000
オリックス・バファローズ,河野 聡太,内野手,0.000,0,0,0,0,0,0,0,0,0,0,0,0,0,0.000,0.000,0.000,0.000
オリックス・バファローズ,今坂 幸暉,内野手,0.000,0,0,0,0,0,0,0,0,0,0,0,0,0,0.000,0.000,0.000,0.000
オリックス・バファローズ,清水 武蔵,内野手,0.000,0,0,0,0,0,0,0,0,0,0,0,0,0,0.000,0.000,0.000,0.000
オリックス・バファローズ,大里 昂生,内野手,0.000,0,0,0,0,0,0,0,0,0,0,0,0,0,0.000,0.000,0.000,0.000
オリックス・バファローズ,遠藤 成,内野手,0.000,0,0,0,0,0,0,0,0,0,0,0,0,0,0.000,0.000,0.000,0.000
オリックス・バファローズ,香月 一也,内野手,0.000,0,0,0,0,0,0,0,0,0,0,0,0,0,0.000,0.000,0.000,0.000
オリックス・バファローズ,三方 陽登,外野手,0.000,0,0,0,0,0,0,0,0,0,0,0,0,0,0.000,0.000,0.000,0.000
オリックス・バファローズ,寺本 聖一,外野手,0.000,0,0,0,0,0,0,0,0,0,0,0,0,0,0.000,0.000,0.000,0.000
オリックス・バファローズ,元 謙太,外野手,0.000,0,0,0,0,0,0,0,0,0,0,0,0,0,0.000,0.000,0.000,0.000
埼玉西武ライオンズ,小島 大河,捕手,0.250,36,2,9,3,0,0,3,5,2,0,0,0,0,0.234,0.333,0.567,0.083
埼玉西武ライオンズ,古賀 悠斗,捕手,0.370,46,5,17,2,0,1,11,10,5,0,1,0,0,0.324,0.478,0.802,0.109
埼玉西武ライオンズ,炭谷 銀仁朗,捕手,0.000,0,0,0,0,0,0,0,0,0,0,0,0,0,0.000,0.000,0.000,0.000
埼玉西武ライオンズ,柘植 世那,捕手,0.400,10,1,4,2,0,0,0,0,0,0,2,0,0,0.286,0.600,0.886,0.200
埼玉西武ライオンズ,牧野 翔矢,捕手,0.000,0,0,0,0,0,0,0,0,0,0,0,0,0,0.000,0.000,0.000,0.000
埼玉西武ライオンズ,龍山 暖,捕手,0.000,0,0,0,0,0,0,0,0,0,0,0,0,0,0.000,0.000,0.000,0.000
埼玉西武ライオンズ,仲田 慶介,内野手,0.000,0,0,0,0,0,0,0,0,0,0,0,0,0,0.000,0.000,0.000,0.000
埼玉西武ライオンズ,児玉 亮涼,内野手,0.000,0,0,0,0,0,0,0,0,0,0,0,0,0,0.000,0.000,0.000,0.000
埼玉西武ライオンズ,齋藤 大翔,内野手,0.000,0,0,0,0,0,0,0,0,0,0,0,0,0,0.000,0.000,0.000,0.000
埼玉西武ライオンズ,石井 一成,内野手,0.250,24,3,6,1,1,2,2,9,2,0,0,0,0,0.250,0.625,0.875,0.375
埼玉西武ライオンズ,外崎 修汰,内野手,0.000,0,0,0,0,0,0,0,0,0,0,0,0,0,0.000,0.000,0.000,0.000
埼玉西武ライオンズ,源田 壮亮,内野手,0.171,35,3,6,3,0,0,4,6,4,0,0,0,1,0.222,0.257,0.479,0.086
埼玉西武ライオンズ,ネビン,内野手,0.159,44,5,7,1,0,3,7,12,1,1,0,0,1,0.170,0.386,0.556,0.227
埼玉西武ライオンズ,山村 崇嘉,内野手,0.000,7,0,0,0,0,0,0,1,0,0,0,0,0,0.000,0.000,0.000,0.000
埼玉西武ライオンズ,佐藤 太陽,内野手,0.000,0,0,0,0,0,0,0,0,0,0,0,0,0,0.000,0.000,0.000,0.000
埼玉西武ライオンズ,平沢 大河,内野手,0.154,13,0,2,0,0,0,0,6,0,1,0,0,0,0.188,0.154,0.341,0.000
埼玉西武ライオンズ,髙松 渡,内野手,0.000,0,0,0,0,0,0,0,0,0,0,0,0,0,0.000,0.000,0.000,0.000
埼玉西武ライオンズ,横田 蒼和,内野手,0.000,0,0,0,0,0,0,0,0,0,0,0,0,0,0.000,0.000,0.000,0.000
埼玉西武ライオンズ,中村 剛也,内野手,0.000,0,0,0,0,0,0,0,0,0,0,0,0,0,0.000,0.000,0.000,0.000
埼玉西武ライオンズ,滝澤 夏央,内野手,0.254,63,9,16,0,2,0,4,11,6,2,5,2,1,0.276,0.317,0.593,0.063
埼玉西武ライオンズ,村田 怜音,内野手,0.000,0,0,0,0,0,0,0,0,0,0,0,0,0,0.000,0.000,0.000,0.000
埼玉西武ライオンズ,栗山 巧,外野手,0.000,0,0,0,0,0,0,0,0,0,0,0,0,0,0.000,0.000,0.000,0.000
埼玉西武ライオンズ,桑原 将志,外野手,0.203,69,4,14,0,2,0,4,23,7,1,0,0,0,0.242,0.261,0.503,0.058
埼玉西武ライオンズ,渡部 聖弥,外野手,0.242,66,4,16,3,0,0,5,17,2,1,0,1,1,0.224,0.288,0.511,0.045
埼玉西武ライオンズ,蛭間 拓哉,外野手,0.000,0,0,0,0,0,0,0,0,0,0,0,0,0,0.000,0.000,0.000,0.000
埼玉西武ライオンズ,カナリオ,外野手,0.135,52,7,7,0,0,1,2,20,6,1,0,5,0,0.212,0.192,0.404,0.058
埼玉西武ライオンズ,茶野 篤政,外野手,0.000,2,0,0,0,0,0,0,2,0,0,0,0,0,0.000,0.000,0.000,0.000
埼玉西武ライオンズ,古川 雄大,外野手,0.000,0,0,0,0,0,0,0,0,0,0,0,0,0,0.000,0.000,0.000,0.000
埼玉西武ライオンズ,秋山 俊,外野手,0.000,0,0,0,0,0,0,0,0,0,0,0,0,0,0.000,0.000,0.000,0.000
埼玉西武ライオンズ,林 冠臣,外野手,0.000,0,0,0,0,0,0,0,0,0,0,0,0,0,0.000,0.000,0.000,0.000
埼玉西武ライオンズ,西川 愛也,外野手,0.216,37,6,8,1,0,0,4,4,0,0,1,1,0,0.178,0.243,0.421,0.027
埼玉西武ライオンズ,仲三 優太,外野手,0.000,0,0,0,0,0,0,0,0,0,0,0,0,0,0.000,0.000,0.000,0.000
埼玉西武ライオンズ,長谷川 信哉,外野手,0.367,60,9,22,5,0,1,9,11,1,4,0,2,0,0.310,0.500,0.810,0.133
埼玉西武ライオンズ,川田 悠慎,外野手,0.000,0,0,0,0,0,0,0,0,0,0,0,0,0,0.000,0.000,0.000,0.000
埼玉西武ライオンズ,岸 潤一郎,外野手,0.235,17,1,4,0,2,0,0,3,2,1,1,0,0,0.292,0.471,0.762,0.235
埼玉西武ライオンズ,林 安可,外野手,0.000,0,0,0,0,0,0,0,0,0,0,0,0,0,0.000,0.000,0.000,0.000
埼玉西武ライオンズ,野田 海人,捕手,0.000,0,0,0,0,0,0,0,0,0,0,0,0,0,0.000,0.000,0.000,0.000
埼玉西武ライオンズ,野村 大樹,捕手,0.000,0,0,0,0,0,0,0,0,0,0,0,0,0,0.000,0.000,0.000,0.000
埼玉西武ライオンズ,是澤 涼輔,捕手,0.000,0,0,0,0,0,0,0,0,0,0,0,0,0,0.000,0.000,0.000,0.000
埼玉西武ライオンズ,新井 唯斗,内野手,0.000,0,0,0,0,0,0,0,0,0,0,0,0,0,0.000,0.000,0.000,0.000
埼玉西武ライオンズ,今岡 拓夢,内野手,0.000,0,0,0,0,0,0,0,0,0,0,0,0,0,0.000,0.000,0.000,0.000
埼玉西武ライオンズ,古賀 輝希,内野手,0.000,0,0,0,0,0,0,0,0,0,0,0,0,0,0.000,0.000,0.000,0.000
埼玉西武ライオンズ,谷口 朝陽,内野手,0.000,0,0,0,0,0,0,0,0,0,0,0,0,0,0.000,0.000,0.000,0.000
埼玉西武ライオンズ,金子 功児,内野手,0.000,0,0,0,0,0,0,0,0,0,0,0,0,0,0.000,0.000,0.000,0.000
埼玉西武ライオンズ,福尾 遥真,内野手,0.000,0,0,0,0,0,0,0,0,0,0,0,0,0,0.000,0.000,0.000,0.000
埼玉西武ライオンズ,コルニエル,内野手,0.000,0,0,0,0,0,0,0,0,0,0,0,0,0,0.000,0.000,0.000,0.000
埼玉西武ライオンズ,奥村 光一,外野手,0.000,0,0,0,0,0,0,0,0,0,0,0,0,0,0.000,0.000,0.000,0.000
埼玉西武ライオンズ,ラマル,外野手,0.000,0,0,0,0,0,0,0,0,0,0,0,0,0,0.000,0.000,0.000,0.000
埼玉西武ライオンズ,安藤 銀杜,外野手,0.000,0,0,0,0,0,0,0,0,0,0,0,0,0,0.000,0.000,0.000,0.000
埼玉西武ライオンズ,澤田 遥斗,外野手,0.000,0,0,0,0,0,0,0,0,0,0,0,0,0,0.000,0.000,0.000,0.000
埼玉西武ライオンズ,オケム,外野手,0.000,0,0,0,0,0,0,0,0,0,0,0,0,0,0.000,0.000,0.000,0.000
埼玉西武ライオンズ,カルロス,外野手,0.000,0,0,0,0,0,0,0,0,0,0,0,0,0,0.000,0.000,0.000,0.000
東北楽天ゴールデンイーグルス,太田 光,捕手,0.182,22,2,4,0,0,0,0,7,0,0,0,0,0,0.154,0.182,0.336,0.000
東北楽天ゴールデンイーグルス,伊藤 光,捕手,0.200,5,1,1,0,0,1,1,2,0,0,0,0,0,0.167,0.800,0.967,0.600
東北楽天ゴールデンイーグルス,田中 貴也,捕手,0.000,0,0,0,0,0,0,0,0,0,0,0,0,0,0.000,0.000,0.000,0.000
東北楽天ゴールデンイーグルス,YG安田,捕手,0.000,0,0,0,0,0,0,0,0,0,0,0,0,0,0.000,0.000,0.000,0.000
東北楽天ゴールデンイーグルス,堀内 謙伍,捕手,0.105,19,1,2,0,0,0,0,4,1,0,1,0,0,0.136,0.105,0.242,0.000
東北楽天ゴールデンイーグルス,石原 彪,捕手,0.000,6,0,0,0,0,0,0,0,0,0,0,0,0,0.000,0.000,0.000,0.000
東北楽天ゴールデンイーグルス,大栄 利哉,捕手,0.000,0,0,0,0,0,0,0,0,0,0,0,0,0,0.000,0.000,0.000,0.000
東北楽天ゴールデンイーグルス,小深田 大翔,内野手,0.167,6,1,1,0,0,0,0,2,0,0,0,0,0,0.143,0.167,0.310,0.000
東北楽天ゴールデンイーグルス,宗山 塁,内野手,0.000,0,0,0,0,0,0,0,0,0,0,0,0,0,0.000,0.000,0.000,0.000
東北楽天ゴールデンイーグルス,浅村 栄斗,内野手,0.200,50,3,10,1,0,0,2,11,6,0,0,0,0,0.242,0.220,0.462,0.020
東北楽天ゴールデンイーグルス,村林 一輝,内野手,0.200,60,4,12,2,0,0,5,10,4,0,0,0,1,0.211,0.233,0.444,0.033
東北楽天ゴールデンイーグルス,鈴木 大地,内野手,0.111,9,1,1,0,0,0,1,1,0,0,0,0,0,0.100,0.111,0.211,0.000
東北楽天ゴールデンイーグルス,ボイト,内野手,0.000,0,0,0,0,0,0,0,0,0,0,0,0,0,0.000,0.000,0.000,0.000
東北楽天ゴールデンイーグルス,黒川 史陽,内野手,0.211,57,2,12,2,0,0,2,12,8,0,0,0,0,0.260,0.246,0.505,0.035
東北楽天ゴールデンイーグルス,繁永 晟,内野手,0.000,0,0,0,0,0,0,0,0,0,0,0,0,0,0.000,0.000,0.000,0.000
東北楽天ゴールデンイーグルス,渡邊 佳明,内野手,0.136,22,2,3,1,0,1,3,6,1,0,1,0,0,0.154,0.318,0.472,0.182
東北楽天ゴールデンイーグルス,伊藤 裕季也,内野手,0.000,0,0,0,0,0,0,0,0,0,0,0,0,0,0.000,0.000,0.000,0.000
東北楽天ゴールデンイーグルス,平良 竜哉,内野手,0.215,65,5,14,0,0,2,4,13,3,1,0,3,0,0.217,0.308,0.525,0.092
東北楽天ゴールデンイーグルス,ワォーターズ,内野手,0.333,6,0,2,2,0,0,0,2,0,0,0,0,0,0.250,0.667,0.917,0.333
東北楽天ゴールデンイーグルス,入江 大樹,内野手,0.000,3,0,0,0,0,0,0,1,0,0,0,0,0,0.000,0.000,0.000,0.000
東北楽天ゴールデンイーグルス,青野 拓海,内野手,0.000,0,0,0,0,0,0,0,0,0,0,0,0,0,0.000,0.000,0.000,0.000
東北楽天ゴールデンイーグルス,小森 航大郎,内野手,0.000,6,0,0,0,0,0,0,4,0,0,0,0,0,0.000,0.000,0.000,0.000
東北楽天ゴールデンイーグルス,陽 柏翔,内野手,0.000,0,0,0,0,0,0,0,0,0,0,0,0,0,0.000,0.000,0.000,0.000
東北楽天ゴールデンイーグルス,金子 京介,内野手,0.000,0,0,0,0,0,0,0,0,0,0,0,0,0,0.000,0.000,0.000,0.000
東北楽天ゴールデンイーグルス,辰己 涼介,外野手,0.219,64,5,14,4,0,0,2,21,6,2,0,1,0,0.256,0.281,0.537,0.063
東北楽天ゴールデンイーグルス,田中 和基,外野手,0.000,0,0,0,0,0,0,0,0,0,0,0,0,0,0.000,0.000,0.000,0.000
東北楽天ゴールデンイーグルス,中島 大輔,外野手,0.190,21,4,4,2,0,0,1,1,2,0,0,0,0,0.222,0.286,0.508,0.095
東北楽天ゴールデンイーグルス,マッカスカー,外野手,0.288,52,6,15,1,0,3,10,19,4,0,0,0,0,0.268,0.481,0.748,0.192
東北楽天ゴールデンイーグルス,吉納 翼,外野手,0.000,0,0,0,0,0,0,0,0,0,0,0,0,0,0.000,0.000,0.000,0.000
東北楽天ゴールデンイーグルス,佐藤 直樹,外野手,0.250,56,4,14,5,0,1,8,19,3,0,0,4,1,0.233,0.393,0.626,0.143
東北楽天ゴールデンイーグルス,阪上 翔也,外野手,0.000,0,0,0,0,0,0,0,0,0,0,0,0,0,0.000,0.000,0.000,0.000
東北楽天ゴールデンイーグルス,武藤 敦貴,外野手,0.000,0,0,0,0,0,0,0,0,0,0,0,0,0,0.000,0.000,0.000,0.000
東北楽天ゴールデンイーグルス,小郷 裕哉,外野手,0.000,0,0,0,0,0,0,0,0,0,0,0,0,0,0.000,0.000,0.000,0.000
東北楽天ゴールデンイーグルス,吉野 創士,外野手,0.100,10,0,1,0,0,0,0,4,0,0,0,0,0,0.091,0.100,0.191,0.000
東北楽天ゴールデンイーグルス,水上 桂,捕手,0.000,0,0,0,0,0,0,0,0,0,0,0,0,0,0.000,0.000,0.000,0.000
東北楽天ゴールデンイーグルス,島原 大河,捕手,0.000,0,0,0,0,0,0,0,0,0,0,0,0,0,0.000,0.000,0.000,0.000
東北楽天ゴールデンイーグルス,岸本 佑也,内野手,0.000,0,0,0,0,0,0,0,0,0,0,0,0,0,0.000,0.000,0.000,0.000
東北楽天ゴールデンイーグルス,前田 銀治,外野手,0.000,0,0,0,0,0,0,0,0,0,0,0,0,0,0.000,0.000,0.000,0.000
東北楽天ゴールデンイーグルス,幌村 黛汰,外野手,0.000,0,0,0,0,0,0,0,0,0,0,0,0,0,0.000,0.000,0.000,0.000
東北楽天ゴールデンイーグルス,大坪 梓恩,外野手,0.000,0,0,0,0,0,0,0,0,0,0,0,0,0,0.000,0.000,0.000,0.000
千葉ロッテマリーンズ,松川 虎生,捕手,0.000,4,0,0,0,0,0,0,1,0,0,0,0,0,0.000,0.000,0.000,0.000
千葉ロッテマリーンズ,田村 龍弘,捕手,0.000,0,0,0,0,0,0,0,0,0,0,0,0,0,0.000,0.000,0.000,0.000
千葉ロッテマリーンズ,佐藤 都志也,捕手,0.207,58,5,12,2,0,2,5,16,8,1,0,0,0,0.266,0.345,0.611,0.138
千葉ロッテマリーンズ,植田 将太,捕手,0.000,0,0,0,0,0,0,0,0,0,0,0,0,0,0.000,0.000,0.000,0.000
千葉ロッテマリーンズ,寺地 隆成,捕手,0.100,20,0,2,0,0,0,0,3,0,0,0,0,0,0.091,0.100,0.191,0.000
千葉ロッテマリーンズ,岡村 了樹,捕手,0.000,0,0,0,0,0,0,0,0,0,0,0,0,0,0.000,0.000,0.000,0.000
千葉ロッテマリーンズ,池田 来翔,内野手,0.143,14,1,2,2,0,0,0,3,1,0,1,0,0,0.176,0.286,0.462,0.143
千葉ロッテマリーンズ,友杉 篤輝,内野手,0.197,66,8,13,1,0,0,1,9,1,0,3,1,0,0.175,0.212,0.387,0.015
千葉ロッテマリーンズ,安田 尚憲,内野手,0.250,40,5,10,1,0,2,4,6,2,2,0,0,0,0.259,0.425,0.684,0.175
千葉ロッテマリーンズ,藤岡 裕大,内野手,0.000,0,0,0,0,0,0,0,0,0,0,0,0,0,0.000,0.000,0.000,0.000
千葉ロッテマリーンズ,中村 奨吾,内野手,0.000,0,0,0,0,0,0,0,0,0,0,0,0,0,0.000,0.000,0.000,0.000
千葉ロッテマリーンズ,上田 希由翔,内野手,0.167,18,3,3,1,0,2,3,6,0,0,0,0,0,0.143,0.556,0.698,0.389
千葉ロッテマリーンズ,石垣 勝海,内野手,0.000,0,0,0,0,0,0,0,0,0,0,0,0,0,0.000,0.000,0.000,0.000
千葉ロッテマリーンズ,宮崎 竜成,内野手,0.167,6,1,1,0,0,1,1,1,0,0,0,0,0,0.143,0.667,0.810,0.500
千葉ロッテマリーンズ,立松 由宇,内野手,0.000,0,0,0,0,0,0,0,0,0,0,0,0,0,0.000,0.000,0.000,0.000
千葉ロッテマリーンズ,櫻井 ユウヤ,内野手,0.000,2,0,0,0,0,0,0,2,0,0,0,0,0,0.000,0.000,0.000,0.000
千葉ロッテマリーンズ,小川 龍成,内野手,0.193,57,6,11,0,1,0,1,7,3,1,1,1,0,0.208,0.228,0.436,0.035
千葉ロッテマリーンズ,茶谷 健太,内野手,0.000,0,0,0,0,0,0,0,0,0,0,0,0,0,0.000,0.000,0.000,0.000
千葉ロッテマリーンズ,ソト,内野手,0.340,50,11,17,5,0,7,14,11,6,3,0,0,1,0.342,0.860,1.202,0.520
千葉ロッテマリーンズ,髙部 瑛斗,外野手,0.150,20,1,3,0,0,0,0,5,0,0,0,0,0,0.130,0.150,0.280,0.000
千葉ロッテマリーンズ,藤原 恭大,外野手,0.000,0,0,0,0,0,0,0,0,0,0,0,0,0,0.000,0.000,0.000,0.000
千葉ロッテマリーンズ,角中 勝也,外野手,0.000,0,0,0,0,0,0,0,0,0,0,0,0,0,0.000,0.000,0.000,0.000
千葉ロッテマリーンズ,西川 史礁,外野手,0.281,64,9,18,4,0,2,8,13,9,0,0,0,1,0.297,0.438,0.734,0.156
千葉ロッテマリーンズ,ポランコ,外野手,0.000,13,0,0,0,0,0,0,8,4,0,0,0,0,0.235,0.000,0.235,0.000
千葉ロッテマリーンズ,石川 慎吾,外野手,0.000,0,0,0,0,0,0,0,0,0,0,0,0,0,0.000,0.000,0.000,0.000
千葉ロッテマリーンズ,岡 大海,外野手,0.000,0,0,0,0,0,0,0,0,0,0,0,0,0,0.000,0.000,0.000,0.000
千葉ロッテマリーンズ,井上 広大,外野手,0.091,11,0,1,0,0,0,0,3,2,0,0,0,1,0.214,0.091,0.305,0.000
千葉ロッテマリーンズ,愛斗,外野手,0.100,10,0,1,0,1,0,2,1,0,0,0,0,0,0.091,0.300,0.391,0.200
千葉ロッテマリーンズ,山口 航輝,外野手,0.328,64,5,21,7,1,3,11,14,0,1,0,0,1,0.256,0.609,0.865,0.281
千葉ロッテマリーンズ,山本 大斗,外野手,0.278,18,0,5,1,0,0,3,3,0,2,0,0,0,0.280,0.333,0.613,0.056
千葉ロッテマリーンズ,和田 康士朗,外野手,0.222,18,0,4,0,0,0,1,2,3,0,1,1,0,0.280,0.222,0.502,0.000
千葉ロッテマリーンズ,富山 紘之進,捕手,0.000,0,0,0,0,0,0,0,0,0,0,0,0,0,0.000,0.000,0.000,0.000
千葉ロッテマリーンズ,金田 優太,内野手,0.000,0,0,0,0,0,0,0,0,0,0,0,0,0,0.000,0.000,0.000,0.000
千葉ロッテマリーンズ,勝又 琉偉,内野手,0.000,0,0,0,0,0,0,0,0,0,0,0,0,0,0.000,0.000,0.000,0.000
千葉ロッテマリーンズ,谷村 剛,内野手,0.000,0,0,0,0,0,0,0,0,0,0,0,0,0,0.000,0.000,0.000,0.000
千葉ロッテマリーンズ,松石 信八,内野手,0.000,0,0,0,0,0,0,0,0,0,0,0,0,0,0.000,0.000,0.000,0.000
千葉ロッテマリーンズ,山﨑 剛,内野手,0.250,8,1,2,0,0,0,0,2,1,0,0,0,0,0.273,0.250,0.523,0.000
千葉ロッテマリーンズ,杉山 諒,外野手,0.000,0,0,0,0,0,0,0,0,0,0,0,0,0,0.000,0.000,0.000,0.000
千葉ロッテマリーンズ,髙野 光海,外野手,0.000,0,0,0,0,0,0,0,0,0,0,0,0,0,0.000,0.000,0.000,0.000
千葉ロッテマリーンズ,藤田 和樹,外野手,0.000,0,0,0,0,0,0,0,0,0,0,0,0,0,0.000,0.000,0.000,0.000
千葉ロッテマリーンズ,アセベド,外野手,0.000,0,0,0,0,0,0,0,0,0,0,0,0,0,0.000,0.000,0.000,0.000