球団,選手名,ポジション,防御率,投球回,投球アウト数,投球数,打者,被安打,被本塁打,奪三振,与四球,与死球,ボーク,失点,自責点,WHIP
読売ジャイアンツ,田中 将大,投手,5.79,14,42,245,64,18,1,11,5,0,0,9,9,1.643
読売ジャイアンツ,大勢,投手,1.29,7,21,96,23,2,1,10,0,1,0,1,1,0.429
読売ジャイアンツ,西舘 勇陽,投手,0.69,13,39,216,54,10,0,15,5,0,0,1,1,1.154
読売ジャイアンツ,山﨑 伊織,投手,0.00,0,0,0,0,0,0,0,0,0,0,0,0,0.00
読売ジャイアンツ,戸郷 翔征,投手,0.53,17,51,265,68,12,0,21,4,3,0,1,1,1.118
読売ジャイアンツ,竹丸 和幸,投手,2.37,15.2,47,216,58,8,1,22,2,0,0,6,4,0.658
読売ジャイアンツ,ウィットリー,投手,1.49,12.1,37,173,47,6,0,11,5,2,0,2,2,1.074
読売ジャイアンツ,ハワード,投手,0.00,0,0,0,0,0,0,0,0,0,0,0,0,0.00
読売ジャイアンツ,田和 廉,投手,0.00,3.3,12,53,13,0,0,3,1,0,0,0,0,0.303
読売ジャイアンツ,赤星 優志,投手,3.00,6,18,80,22,3,0,4,1,0,0,2,2,0.667
読売ジャイアンツ,山城 京平,投手,0.00,0,0,0,0,0,0,0,0,0,0,0,0,0.00
読売ジャイアンツ,中川 皓太,投手,6.43,4.2,14,86,21,5,2,6,2,1,0,3,3,1.905
読売ジャイアンツ,マタ,投手,0.00,0,0,0,0,0,0,0,0,0,0,0,0,0.00
読売ジャイアンツ,則本 昂大,投手,6.47,15.3,48,324,71,18,4,10,8,1,0,11,11,1.765
読売ジャイアンツ,田中 瑛斗,投手,0.00,5.2,17,88,21,3,0,4,1,0,0,0,0,0.769
読売ジャイアンツ,又木 鉄平,投手,0.00,0,0,0,0,0,0,0,0,0,0,0,0,0.00
読売ジャイアンツ,森田 駿哉,投手,6.59,8.2,26,158,42,13,1,5,3,1,0,6,6,2.073
読売ジャイアンツ,ルシアーノ,投手,0.00,0,0,0,0,0,0,0,0,0,0,0,0,0.00
読売ジャイアンツ,バルドナード,投手,0.00,0,0,0,0,0,0,0,0,0,0,0,0,0.00
読売ジャイアンツ,高梨 雄平,投手,5.63,1.6,9,57,14,2,1,3,3,0,0,1,1,3.125
読売ジャイアンツ,松浦 慶斗,投手,0.00,0,0,0,0,0,0,0,0,0,0,0,0,0.00
読売ジャイアンツ,北浦 竜次,投手,0.00,0,0,0,0,0,0,0,0,0,0,0,0,0.00
読売ジャイアンツ,宮原 駿介,投手,4.50,2,6,33,9,2,0,2,1,0,1,1,1,1.500
読売ジャイアンツ,船迫 大雅,投手,0.00,1.3,6,28,6,0,0,0,0,0,0,0,0,0.000
読売ジャイアンツ,横川 凱,投手,0.00,0,0,0,0,0,0,0,0,0,0,0,0,0.00
読売ジャイアンツ,泉 圭輔,投手,0.00,0,0,0,0,0,0,0,0,0,0,0,0,0.00
読売ジャイアンツ,山田 龍聖,投手,0.00,0,0,0,0,0,0,0,0,0,0,0,0,0.00
読売ジャイアンツ,石川 達也,投手,0.00,0,0,0,0,0,0,0,0,0,0,0,0,0.00
読売ジャイアンツ,平内 龍太,投手,0.00,0,0,0,0,0,0,0,0,0,0,0,0,0.00
読売ジャイアンツ,堀田 賢慎,投手,1.76,5.1,16,75,19,3,1,4,1,0,0,1,1,0.784
読売ジャイアンツ,マルティネス,投手,2.25,8,24,132,33,8,1,9,3,0,0,2,2,1.375
読売ジャイアンツ,井上 温大,投手,2.34,19.2,59,295,77,16,2,18,4,1,0,5,5,1.094
読売ジャイアンツ,冨重 英二郎,投手,0.00,0,0,0,0,0,0,0,0,0,0,0,0,0.00
読売ジャイアンツ,林 燦,投手,0.00,0,0,0,0,0,0,0,0,0,0,0,0,0.00
読売ジャイアンツ,堀江 正太郎,投手,0.00,0,0,0,0,0,0,0,0,0,0,0,0,0.00
読売ジャイアンツ,鈴木 圭晋,投手,0.00,0,0,0,0,0,0,0,0,0,0,0,0,0.00
読売ジャイアンツ,千葉 隆広,投手,0.00,0,0,0,0,0,0,0,0,0,0,0,0,0.00
読売ジャイアンツ,木下 幹也,投手,0.00,0,0,0,0,0,0,0,0,0,0,0,0,0.00
読売ジャイアンツ,園田 純規,投手,0.00,0,0,0,0,0,0,0,0,0,0,0,0,0.00
読売ジャイアンツ,松井 颯,投手,0.00,0,0,0,0,0,0,0,0,0,0,0,0,0.00
読売ジャイアンツ,田村 朋輝,投手,0.00,0,0,0,0,0,0,0,0,0,0,0,0,0.00
読売ジャイアンツ,吉村 優聖歩,投手,0.00,0,0,0,0,0,0,0,0,0,0,0,0,0.00
読売ジャイアンツ,富田 龍,投手,0.00,0,0,0,0,0,0,0,0,0,0,0,0,0.00
読売ジャイアンツ,西川 歩,投手,0.00,0,0,0,0,0,0,0,0,0,0,0,0,0.00
読売ジャイアンツ,吹田 志道,投手,0.00,0,0,0,0,0,0,0,0,0,0,0,0,0.00
読売ジャイアンツ,森本 哲星,投手,0.00,0,0,0,0,0,0,0,0,0,0,0,0,0.00
読売ジャイアンツ,黄 錦豪,投手,0.00,0,0,0,0,0,0,0,0,0,0,0,0,0.00
読売ジャイアンツ,グズマン,投手,0.00,0,0,0,0,0,0,0,0,0,0,0,0,0.00
読売ジャイアンツ,河野 優作,投手,0.00,0,0,0,0,0,0,0,0,0,0,0,0,0.00
読売ジャイアンツ,板東 湧梧,投手,0.00,0,0,0,0,0,0,0,0,0,0,0,0,0.00
読売ジャイアンツ,花田 侑樹,投手,0.00,0,0,0,0,0,0,0,0,0,0,0,0,0.00
読売ジャイアンツ,代木 大和,投手,0.00,0,0,0,0,0,0,0,0,0,0,0,0,0.00
読売ジャイアンツ,石田 隼都,投手,0.00,0,0,0,0,0,0,0,0,0,0,0,0,0.00
読売ジャイアンツ,石田 充冴,投手,0.00,0,0,0,0,0,0,0,0,0,0,0,0,0.00
読売ジャイアンツ,京本 眞,投手,0.00,0,0,0,0,0,0,0,0,0,0,0,0,0.00
阪神タイガース,岩崎 優,投手,0.00,3.2,11,46,13,1,0,5,1,0,0,0,0,0.625
阪神タイガース,岩貞 祐太,投手,0.00,0,0,0,0,0,0,0,0,0,0,0,0,0.00
阪神タイガース,西 勇輝,投手,2.57,14,42,237,59,15,1,6,4,1,0,5,4,1.429
阪神タイガース,伊原 陵人,投手,0.00,0,0,0,0,0,0,0,0,0,0,0,0,0.00
阪神タイガース,下村 海翔,投手,0.00,0,0,0,0,0,0,0,0,0,0,0,0,0.00
阪神タイガース,大竹 耕太郎,投手,2.12,17,51,255,69,15,3,11,4,0,0,9,4,1.118
阪神タイガース,椎葉 剛,投手,22.50,2,6,30,12,6,3,1,0,0,0,5,5,3.000
阪神タイガース,伊藤 将司,投手,3.60,5,15,77,18,3,1,7,0,0,0,2,2,0.600
阪神タイガース,今朝丸 裕喜,投手,0.00,0,0,0,0,0,0,0,0,0,0,0,0,0.00
阪神タイガース,髙橋 遥人,投手,1.29,21,63,303,81,15,0,21,3,1,0,4,3,0.905
阪神タイガース,門別 啓人,投手,1.29,7,21,100,26,4,0,6,1,0,0,1,1,0.714
阪神タイガース,才木 浩人,投手,4.80,15,45,248,63,15,3,16,2,0,0,8,8,1.133
阪神タイガース,畠 世周,投手,1.25,7.2,23,123,28,4,0,6,3,1,0,1,1,1.111
阪神タイガース,及川 雅貴,投手,10.23,4.4,16,115,28,8,1,3,3,1,0,5,5,2.727
阪神タイガース,村上 頌樹,投手,1.79,20.1,61,326,82,17,4,18,5,0,0,5,4,1.095
阪神タイガース,ルーカス,投手,0.00,0,0,0,0,0,0,0,0,0,0,0,0,0.00
阪神タイガース,早瀬 朔,投手,0.00,0,0,0,0,0,0,0,0,0,0,0,0,0.00
阪神タイガース,ラグズデール,投手,0.00,0,0,0,0,0,0,0,0,0,0,0,0,0.00
阪神タイガース,桐敷 拓馬,投手,45.00,0.2,2,20,5,1,0,0,2,0,0,1,1,15.000
阪神タイガース,茨木 秀俊,投手,0.00,0,0,0,0,0,0,0,0,0,0,0,0,0.00
阪神タイガース,工藤 泰成,投手,3.33,8.1,25,126,32,7,0,7,2,0,0,3,3,1.111
阪神タイガース,富田 蓮,投手,0.00,0,0,0,0,0,0,0,0,0,0,0,0,0.00
阪神タイガース,早川 太貴,投手,0.00,0,0,0,0,0,0,0,0,0,0,0,0,0.00
阪神タイガース,木下 里都,投手,3.96,9.1,28,165,38,9,0,7,2,0,0,4,4,1.209
阪神タイガース,能登 嵩都,投手,0.00,0,0,0,0,0,0,0,0,0,0,0,0,0.00
阪神タイガース,石黒 佑弥,投手,0.00,0,0,0,0,0,0,0,0,0,0,0,0,0.00
阪神タイガース,岡留 英貴,投手,0.00,0,0,0,0,0,0,0,0,0,0,0,0,0.00
阪神タイガース,湯浅 京己,投手,0.00,5,15,79,18,3,0,3,1,0,0,0,0,0.800
阪神タイガース,津田 淳哉,投手,0.00,1.1,4,29,6,2,0,2,0,0,0,0,0,1.818
阪神タイガース,石井 大智,投手,0.00,0,0,0,0,0,0,0,0,0,0,0,0,0.00
阪神タイガース,ドリス,投手,2.14,4.2,14,77,20,5,0,5,1,0,0,1,1,1.429
阪神タイガース,モレッタ,投手,16.36,1.1,4,35,7,3,0,2,1,0,0,2,2,3.636
阪神タイガース,小川 一平,投手,0.00,0,0,0,0,0,0,0,0,0,0,0,0,0.00
阪神タイガース,松原 快,投手,0.00,0,0,0,0,0,0,0,0,0,0,0,0,0.00
阪神タイガース,伊藤 稜,投手,0.00,0,0,0,0,0,0,0,0,0,0,0,0,0.00
阪神タイガース,神宮 僚介,投手,0.00,0,0,0,0,0,0,0,0,0,0,0,0,0.00
阪神タイガース,マルティネス,投手,2.25,8,24,132,33,8,1,9,3,0,0,2,2,1.375
横浜DeNAベイスターズ,デュプランティエ,投手,0.00,0,0,0,0,0,0,0,0,0,0,0,0,0.00
横浜DeNAベイスターズ,東 克樹,投手,3.77,19.1,58,282,77,17,1,11,3,1,0,8,8,1.099
横浜DeNAベイスターズ,竹田 祐,投手,0.00,0,0,0,0,0,0,0,0,0,0,0,0,0.00
横浜DeNAベイスターズ,伊勢 大夢,投手,3.00,6,18,102,23,5,2,7,0,0,0,2,2,0.833
横浜DeNAベイスターズ,石田 健大,投手,0.00,0,0,0,0,0,0,0,0,0,0,0,0,0.00
横浜DeNAベイスターズ,島田 舜也,投手,15.75,4,12,70,23,9,1,1,2,0,0,7,7,2.750
横浜DeNAベイスターズ,大貫 晋一,投手,0.00,0,0,0,0,0,0,0,0,0,0,0,0,0.00
横浜DeNAベイスターズ,小園 健太,投手,0.00,0,0,0,0,0,0,0,0,0,0,0,0,0.00
横浜DeNAベイスターズ,山﨑 康晃,投手,9.00,4,12,81,18,5,0,3,2,0,0,4,4,1.750
横浜DeNAベイスターズ,坂本 裕哉,投手,3.70,7.3,24,147,41,8,2,6,7,1,0,5,3,2.192
横浜DeNAベイスターズ,入江 大生,投手,3.60,5,15,71,19,3,2,3,1,0,0,2,2,0.800
横浜DeNAベイスターズ,吉野 光樹,投手,22.50,2,6,42,13,6,2,0,2,0,0,5,5,4.000
横浜DeNAベイスターズ,藤浪 晋太郎,投手,0.00,0,0,0,0,0,0,0,0,0,0,0,0,0.00
横浜DeNAベイスターズ,篠木 健太郎,投手,5.82,17,51,287,78,22,1,12,5,1,0,11,11,1.647
横浜DeNAベイスターズ,武田 陸玖,投手,4.50,2,6,73,13,2,0,1,4,0,0,2,1,3.000
横浜DeNAベイスターズ,橋本 達弥,投手,0.00,0,0,0,0,0,0,0,0,0,0,0,0,0.00
横浜DeNAベイスターズ,尾形 崇斗,投手,3.17,14.2,44,250,62,7,2,19,8,4,0,5,5,1.338
横浜DeNAベイスターズ,松本 凌人,投手,0.00,0,0,0,0,0,0,0,0,0,0,0,0,0.00
横浜DeNAベイスターズ,若松 尚輝,投手,6.00,9,27,170,43,12,1,7,2,1,0,6,6,1.667
横浜DeNAベイスターズ,佐々木 千隼,投手,0.00,0,0,0,0,0,0,0,0,0,0,0,0,0.00
横浜DeNAベイスターズ,コックス,投手,0.00,0,0,0,0,0,0,0,0,0,0,0,0,0.00
横浜DeNAベイスターズ,深沢 鳳介,投手,0.00,0,0,0,0,0,0,0,0,0,0,0,0,0.00
横浜DeNAベイスターズ,森原 康平,投手,0.00,0,0,0,0,0,0,0,0,0,0,0,0,0.00
横浜DeNAベイスターズ,坂口 翔颯,投手,0.00,0,0,0,0,0,0,0,0,0,0,0,0,0.00
横浜DeNAベイスターズ,片山 皓心,投手,0.00,0,0,0,0,0,0,0,0,0,0,0,0,0.00
横浜DeNAベイスターズ,ルイーズ,投手,5.00,7.2,23,157,35,6,0,5,6,0,0,4,4,1.667
横浜DeNAベイスターズ,中川 颯,投手,0.00,0,0,0,0,0,0,0,0,0,0,0,0,0.00
横浜DeNAベイスターズ,石田 裕太郎,投手,2.98,12.1,37,204,51,12,2,11,3,1,0,4,4,1.322
横浜DeNAベイスターズ,平良 拳太郎,投手,6.00,15,45,275,67,18,1,16,4,1,0,10,10,1.533
横浜DeNAベイスターズ,レイノルズ,投手,0.00,7,21,114,26,4,0,9,0,1,0,0,0,0.714
横浜DeNAベイスターズ,中川 虎大,投手,4.29,4.2,14,101,23,4,0,9,5,0,0,2,2,2.143
横浜DeNAベイスターズ,宮城 滝太,投手,3.40,5.3,18,89,25,6,1,5,1,0,0,2,2,1.321
横浜DeNAベイスターズ,岩田 将貴,投手,1.13,8,24,128,34,10,0,6,1,0,0,1,1,1.375
横浜DeNAベイスターズ,堀岡 隼人,投手,27.00,1,3,21,7,3,0,0,1,0,0,3,3,4.000
横浜DeNAベイスターズ,マルセリーノ,投手,0.00,1,3,9,3,0,0,1,0,0,0,0,0,0.000
横浜DeNAベイスターズ,浜地 真澄,投手,0.00,0,0,0,0,0,0,0,0,0,0,0,0,0.00
横浜DeNAベイスターズ,清水 麻成,投手,0.00,0,0,0,0,0,0,0,0,0,0,0,0,0.00
横浜DeNAベイスターズ,金渕 光希,投手,0.00,0,0,0,0,0,0,0,0,0,0,0,0,0.00
横浜DeNAベイスターズ,吉岡 暖,投手,0.00,0,0,0,0,0,0,0,0,0,0,0,0,0.00
横浜DeNAベイスターズ,馬場 皐輔,投手,0.00,0,0,0,0,0,0,0,0,0,0,0,0,0.00
横浜DeNAベイスターズ,庄司 陽斗,投手,7.20,5,15,69,20,5,1,3,1,0,0,4,4,1.200
横浜DeNAベイスターズ,森下 瑠大,投手,0.00,0,0,0,0,0,0,0,0,0,0,0,0,0.00
横浜DeNAベイスターズ,松本 隆之介,投手,0.00,0,0,0,0,0,0,0,0,0,0,0,0,0.00
広島東洋カープ,齊藤 汰直,投手,0.00,0,0,0,0,0,0,0,0,0,0,0,0,0.00
広島東洋カープ,森浦 大輔,投手,5.19,5.2,17,82,25,6,0,3,3,1,0,3,3,1.923
広島東洋カープ,大瀬良 大地,投手,0.00,0,0,0,0,0,0,0,0,0,0,0,0,0.00
広島東洋カープ,森 翔平,投手,2.80,16.1,49,261,69,18,2,12,3,1,0,5,5,1.366
広島東洋カープ,常廣 羽也斗,投手,0.00,0,0,0,0,0,0,0,0,0,0,0,0,0.00
広島東洋カープ,森下 暢仁,投手,2.56,21.1,64,330,89,15,2,20,9,1,0,6,6,1.185
広島東洋カープ,床田 寛樹,投手,2.00,18,54,286,81,21,0,14,5,1,0,4,4,1.500
広島東洋カープ,栗林 良吏,投手,0.00,0,0,0,0,0,0,0,0,0,0,0,0,0.00
広島東洋カープ,中﨑 翔太,投手,1.48,6.1,19,118,30,6,0,4,5,0,0,1,1,1.803
広島東洋カープ,髙 太一,投手,3.27,5.5,20,121,31,8,0,6,3,0,0,4,2,2.000
広島東洋カープ,黒原 拓未,投手,0.00,0,0,0,0,0,0,0,0,0,0,0,0,0.00
広島東洋カープ,益田 武尚,投手,6.59,4.1,13,83,21,6,0,4,1,1,0,3,3,1.951
広島東洋カープ,佐藤 柳之介,投手,0.00,0,0,0,0,0,0,0,0,0,0,0,0,0.00
広島東洋カープ,ケムナ 誠,投手,0.00,0,0,0,0,0,0,0,0,0,0,0,0,0.00
広島東洋カープ,滝田 一希,投手,0.00,0,0,0,0,0,0,0,0,0,0,0,0,0.00
広島東洋カープ,高橋 昂也,投手,0.00,0,0,0,0,0,0,0,0,0,0,0,0,0.00
広島東洋カープ,工藤 泰己,投手,0.00,0,0,0,0,0,0,0,0,0,0,0,0,0.00
広島東洋カープ,塹江 敦哉,投手,7.26,6.2,20,114,30,7,0,5,3,1,0,5,5,1.774
広島東洋カープ,赤木 晴哉,投手,0.00,0.1,1,4,2,1,0,0,0,0,0,0,0,10.000
広島東洋カープ,長谷部 銀次,投手,0.00,0,0,0,0,0,0,0,0,0,0,0,0,0.00
広島東洋カープ,鈴木 健矢,投手,4.35,6.2,20,97,27,5,0,3,0,2,0,3,3,1.129
広島東洋カープ,ターノック,投手,6.43,4.2,14,85,22,7,0,5,1,1,0,3,3,2.143
広島東洋カープ,島内 颯太郎,投手,0.00,0,0,0,0,0,0,0,0,0,0,0,0,0.00
広島東洋カープ,松本 竜也,投手,0.00,0,0,0,0,0,0,0,0,0,0,0,0,0.00
広島東洋カープ,髙木 快大,投手,0.00,0,0,0,0,0,0,0,0,0,0,0,0,0.00
広島東洋カープ,斉藤 優汰,投手,1.80,5,15,64,19,3,0,5,1,0,0,1,1,0.800
広島東洋カープ,アドゥワ 誠,投手,0.00,0,0,0,0,0,0,0,0,0,0,0,0,0.00
広島東洋カープ,岡本 駿,投手,2.25,20,60,288,75,12,1,18,3,0,0,5,5,0.750
広島東洋カープ,玉村 昇悟,投手,2.14,21,63,289,78,11,2,12,5,1,0,5,5,0.810
広島東洋カープ,遠藤 淳志,投手,1.43,6.3,21,135,30,5,0,4,4,0,0,1,1,1.429
広島東洋カープ,菊地 ハルン,投手,0.00,0,0,0,0,0,0,0,0,0,0,0,0,0.00
広島東洋カープ,ハーン,投手,2.90,6.2,20,138,32,9,0,12,2,0,0,4,2,1.774
広島東洋カープ,日髙 暖己,投手,0.00,0,0,0,0,0,0,0,0,0,0,0,0,0.00
広島東洋カープ,辻 大雅,投手,1.48,6.1,19,107,23,3,1,8,2,0,0,1,1,0.820
広島東洋カープ,杉田 健,投手,0.00,0,0,0,0,0,0,0,0,0,0,0,0,0.00
広島東洋カープ,小船 翼,投手,0.00,0,0,0,0,0,0,0,0,0,0,0,0,0.00
広島東洋カープ,竹下 海斗,投手,0.00,0,0,0,0,0,0,0,0,0,0,0,0,0.00
広島東洋カープ,河野 佳,投手,0.00,0,0,0,0,0,0,0,0,0,0,0,0,0.00
広島東洋カープ,杉原 望来,投手,0.00,0,0,0,0,0,0,0,0,0,0,0,0,0.00
広島東洋カープ,アリア,投手,0.00,0,0,0,0,0,0,0,0,0,0,0,0,0.00
中日ドラゴンズ,中西 聖輝,投手,0.00,0,0,0,0,0,0,0,0,0,0,0,0,0.00
中日ドラゴンズ,橋本 侑樹,投手,1.13,8,24,107,30,3,1,7,2,0,0,1,1,0.625
中日ドラゴンズ,草加 勝,投手,2.20,4.1,13,72,16,4,1,4,0,0,0,1,1,0.976
中日ドラゴンズ,櫻井 頼之介,投手,3.79,19,57,305,82,21,2,19,4,0,0,8,8,1.316
中日ドラゴンズ,柳 裕也,投手,2.00,18,54,345,75,19,0,14,7,0,0,4,4,1.444
中日ドラゴンズ,髙橋 宏斗,投手,14.06,3.2,11,66,18,7,0,2,2,0,0,5,5,2.813
中日ドラゴンズ,涌井 秀章,投手,5.40,10,30,157,45,14,3,8,1,0,0,6,6,1.500
中日ドラゴンズ,金丸 夢斗,投手,1.29,21,63,326,87,21,1,17,4,0,0,5,3,1.190
中日ドラゴンズ,大野 雄大,投手,4.50,14,42,188,57,13,2,5,2,2,0,7,7,1.214
中日ドラゴンズ,仲地 礼亜,投手,0.00,0,0,0,0,0,0,0,0,0,0,0,0,0.00
中日ドラゴンズ,アブレウ,投手,0.00,0,0,0,0,0,0,0,0,0,0,0,0,0.00
中日ドラゴンズ,松木平 優太,投手,0.00,0,0,0,0,0,0,0,0,0,0,0,0,0.00
中日ドラゴンズ,根尾 昂,投手,0.00,0,0,0,0,0,0,0,0,0,0,0,0,0.00
中日ドラゴンズ,伊藤 茉央,投手,2.65,3.4,13,50,17,2,0,3,1,0,0,1,1,0.882
中日ドラゴンズ,杉浦 稔大,投手,0.00,0,0,0,0,0,0,0,0,0,0,0,0,0.00
中日ドラゴンズ,福 敬登,投手,0.00,0,0,0,0,0,0,0,0,0,0,0,0,0.00
中日ドラゴンズ,福田 幸之介,投手,0.00,0,0,0,0,0,0,0,0,0,0,0,0,0.00
中日ドラゴンズ,松葉 貴大,投手,3.60,5,15,76,22,7,0,1,0,0,0,2,2,1.400
中日ドラゴンズ,勝野 昌慶,投手,0.00,0,0,0,0,0,0,0,0,0,0,0,0,0.00
中日ドラゴンズ,梅野 雄吾,投手,0.00,0,0,0,0,0,0,0,0,0,0,0,0,0.00
中日ドラゴンズ,吉田 聖弥,投手,0.00,7,21,127,29,2,0,9,6,0,0,0,0,1.143
中日ドラゴンズ,清水 達也,投手,0.00,0,0,0,0,0,0,0,0,0,0,0,0,0.00
中日ドラゴンズ,篠﨑 国忠,投手,4.09,2.2,8,58,12,3,0,3,1,0,0,1,1,1.818
中日ドラゴンズ,藤嶋 健人,投手,0.00,11,33,164,41,5,0,11,3,0,0,0,0,0.727
中日ドラゴンズ,齋藤 綱記,投手,7.50,6,18,80,25,6,1,6,1,0,0,5,5,1.167
中日ドラゴンズ,高橋 幸佑,投手,0.00,0,0,0,0,0,0,0,0,0,0,0,0,0.00
中日ドラゴンズ,有馬 惠叶,投手,0.00,0,0,0,0,0,0,0,0,0,0,0,0,0.00
中日ドラゴンズ,牧野 憲伸,投手,0.00,0,0,14,3,0,0,0,3,0,0,2,2,0.00
中日ドラゴンズ,三浦 瑞樹,投手,0.00,0,0,0,0,0,0,0,0,0,0,0,0,0.00
中日ドラゴンズ,近藤 廉,投手,0.00,0,0,0,0,0,0,0,0,0,0,0,0,0.00
中日ドラゴンズ,松山 晋也,投手,0.00,6,18,95,23,3,0,7,1,0,0,0,0,0.667
中日ドラゴンズ,メヒア,投手,0.00,1.1,4,32,8,3,0,2,0,1,0,0,0,3.636
中日ドラゴンズ,マラー,投手,2.81,19.2,59,279,79,20,0,13,3,0,0,6,6,1.198
中日ドラゴンズ,井上 剣也,投手,0.00,0,0,0,0,0,0,0,0,0,0,0,0,0.00
中日ドラゴンズ,森 博人,投手,0.00,0,0,0,0,0,0,0,0,0,0,0,0,0.00
中日ドラゴンズ,土生 翔太,投手,0.00,0,0,0,0,0,0,0,0,0,0,0,0,0.00
中日ドラゴンズ,梅津 晃大,投手,0.00,0,0,0,0,0,0,0,0,0,0,0,0,0.00
中日ドラゴンズ,森山 暁生,投手,0.00,0,0,0,0,0,0,0,0,0,0,0,0,0.00
中日ドラゴンズ,マルティネス,投手,2.25,8,24,132,33,8,1,9,3,0,0,2,2,1.375
東京ヤクルトスワローズ,キハダ,投手,12.12,5.2,17,136,34,10,1,6,5,0,0,9,7,2.885
東京ヤクルトスワローズ,石山 泰稚,投手,0.00,0,0,0,0,0,0,0,0,0,0,0,0,0.00
東京ヤクルトスワローズ,中村 優斗,投手,0.00,0,0,0,0,0,0,0,0,0,0,0,0,0.00
東京ヤクルトスワローズ,清水 昇,投手,0.00,5.1,16,69,19,4,0,7,0,0,0,0,0,0.784
東京ヤクルトスワローズ,奥川 恭伸,投手,1.71,21,63,298,81,17,2,19,1,0,0,7,4,0.857
東京ヤクルトスワローズ,石川 雅規,投手,0.00,0,0,0,0,0,0,0,0,0,0,0,0,0.00
東京ヤクルトスワローズ,木澤 尚文,投手,0.00,0,0,0,0,0,0,0,0,0,0,0,0,0.00
東京ヤクルトスワローズ,吉村 貢司郎,投手,3.46,5.2,17,85,24,6,1,2,0,1,0,2,2,1.346
東京ヤクルトスワローズ,星 知弥,投手,0.00,7,21,105,27,4,0,4,3,0,0,0,0,1.000
東京ヤクルトスワローズ,山野 太一,投手,3.12,20.2,62,311,82,15,3,20,5,0,0,7,7,0.990
東京ヤクルトスワローズ,松本 健吾,投手,2.21,16.3,51,297,77,20,0,17,5,1,0,5,4,1.595
東京ヤクルトスワローズ,小川 泰弘,投手,6.00,12,36,200,51,15,2,12,4,0,0,8,8,1.583
東京ヤクルトスワローズ,荘司 宏太,投手,13.17,4.1,13,107,26,11,0,5,3,0,0,6,6,3.415
東京ヤクルトスワローズ,山崎 太陽,投手,0.00,0,0,0,0,0,0,0,0,0,0,0,0,0.00
東京ヤクルトスワローズ,田口 麗斗,投手,0.00,0,0,0,0,0,0,0,0,0,0,0,0,0.00
東京ヤクルトスワローズ,石原 勇輝,投手,0.00,0,0,0,0,0,0,0,0,0,0,0,0,0.00
東京ヤクルトスワローズ,高梨 裕稔,投手,4.46,10.1,31,176,40,6,3,11,3,0,0,5,5,0.891
東京ヤクルトスワローズ,拓也,投手,9.00,1,3,42,7,1,0,1,3,0,0,1,1,4.000
東京ヤクルトスワローズ,増居 翔太,投手,0.00,0,0,0,0,0,0,0,0,0,0,0,0,0.00
東京ヤクルトスワローズ,大西 広樹,投手,0.00,0,0,0,0,0,0,0,0,0,0,0,0,0.00
東京ヤクルトスワローズ,小澤 怜史,投手,2.20,8.2,26,124,32,4,1,10,2,1,0,2,2,0.854
東京ヤクルトスワローズ,大道 温貴,投手,22.50,1.2,5,42,12,5,0,1,1,0,0,5,3,5.000
東京ヤクルトスワローズ,高橋 奎二,投手,3.14,17.2,53,314,75,17,1,14,5,1,0,6,6,1.337
東京ヤクルトスワローズ,鈴木 蓮吾,投手,0.00,0,0,0,0,0,0,0,0,0,0,0,0,0.00
東京ヤクルトスワローズ,長谷川 宙輝,投手,0.00,0,0,0,0,0,0,0,0,0,0,0,0,0.00
東京ヤクルトスワローズ,坂本 拓己,投手,0.00,0,0,0,0,0,0,0,0,0,0,0,0,0.00
東京ヤクルトスワローズ,ウォルターズ,投手,0.00,0,0,0,0,0,0,0,0,0,0,0,0,0.00
東京ヤクルトスワローズ,飯田 琉斗,投手,9.00,1,3,18,5,2,0,0,1,0,0,1,1,3.000
東京ヤクルトスワローズ,リランソ,投手,0.00,3.2,11,68,18,2,0,5,3,1,0,1,0,1.875
東京ヤクルトスワローズ,阪口 皓亮,投手,0.00,6.2,20,94,26,3,0,6,3,0,0,0,0,0.968
東京ヤクルトスワローズ,丸山 翔大,投手,0.00,4.3,15,80,17,1,0,5,1,0,0,0,0,0.465
東京ヤクルトスワローズ,下川 隼佑,投手,6.59,4.1,13,76,19,6,0,2,1,0,0,3,3,1.707
東京ヤクルトスワローズ,廣澤 優,投手,1.64,5.5,20,111,30,6,1,6,1,0,0,2,1,1.273
東京ヤクルトスワローズ,沼田 翔平,投手,0.00,0,0,0,0,0,0,0,0,0,0,0,0,0.00
東京ヤクルトスワローズ,青柳 晃洋,投手,0.00,0,0,0,0,0,0,0,0,0,0,0,0,0.00
東京ヤクルトスワローズ,竹山 日向,投手,0.00,0,0,0,0,0,0,0,0,0,0,0,0,0.00
東京ヤクルトスワローズ,西舘 昂汰,投手,0.00,0,0,0,0,0,0,0,0,0,0,0,0,0.00
東京ヤクルトスワローズ,小宮 悠瞳,投手,0.00,0,0,0,0,0,0,0,0,0,0,0,0,0.00
東京ヤクルトスワローズ,西濱 勇星,投手,0.00,0,0,0,0,0,0,0,0,0,0,0,0,0.00
東京ヤクルトスワローズ,翔聖,投手,0.00,0,0,0,0,0,0,0,0,0,0,0,0,0.00
東京ヤクルトスワローズ,佐藤 琢磨,投手,0.00,0,0,0,0,0,0,0,0,0,0,0,0,0.00
福岡ソフトバンクホークス,スチュワート・ジュニア,投手,4.12,15.3,48,271,70,18,1,17,5,1,0,7,7,1.569
福岡ソフトバンクホークス,上沢 直之,投手,0.00,0,0,0,0,0,0,0,0,0,0,0,0,0.00
福岡ソフトバンクホークス,津森 宥紀,投手,1.25,7.2,23,115,29,3,0,4,2,1,0,1,1,0.833
福岡ソフトバンクホークス,稲川 竜汰,投手,0.00,0,0,0,0,0,0,0,0,0,0,0,0,0.00
福岡ソフトバンクホークス,東浜 巨,投手,0.00,0,0,0,0,0,0,0,0,0,0,0,0,0.00
福岡ソフトバンクホークス,徐 若熙,投手,1.50,12,36,175,45,9,0,11,2,0,0,2,2,0.917
福岡ソフトバンクホークス,大津 亮介,投手,1.23,22,66,304,83,14,2,24,3,0,0,4,3,0.773
福岡ソフトバンクホークス,村上 泰斗,投手,0.00,0,0,0,0,0,0,0,0,0,0,0,0,0.00
福岡ソフトバンクホークス,藤原 大翔,投手,0.00,0,0,0,0,0,0,0,0,0,0,0,0,0.00
福岡ソフトバンクホークス,鈴木 豪太,投手,0.00,7.2,23,120,27,3,0,9,1,0,0,0,0,0.556
福岡ソフトバンクホークス,岩井 俊介,投手,0.00,0,0,0,0,0,0,0,0,0,0,0,0,0.00
福岡ソフトバンクホークス,安德 駿,投手,0.00,0,0,0,0,0,0,0,0,0,0,0,0,0.00
福岡ソフトバンクホークス,大江 竜聖,投手,0.00,0,0,0,0,0,0,0,0,0,0,0,0,0.00
福岡ソフトバンクホークス,中村 稔弥,投手,0.00,3,9,36,11,0,0,2,0,2,0,0,0,0.667
福岡ソフトバンクホークス,アルメンタ,投手,15.00,4.2,14,110,28,6,0,5,5,3,0,7,7,3.333
福岡ソフトバンクホークス,モイネロ,投手,0.00,0,0,0,0,0,0,0,0,0,0,0,0,0.00
福岡ソフトバンクホークス,杉山 一樹,投手,0.00,8.2,26,130,29,3,0,17,0,0,0,0,0,0.366
福岡ソフトバンクホークス,前田 悠伍,投手,1.42,19,57,295,71,7,2,21,7,2,0,3,3,0.842
福岡ソフトバンクホークス,伊藤 優輔,投手,1.29,7,21,109,30,5,0,5,5,0,0,1,1,1.429
福岡ソフトバンクホークス,大関 友久,投手,5.14,14,42,223,57,11,4,8,5,0,0,8,8,1.143
福岡ソフトバンクホークス,藤井 皓哉,投手,0.00,0,0,0,0,0,0,0,0,0,0,0,0,0.00
福岡ソフトバンクホークス,松本 晴,投手,5.40,10,30,162,44,11,1,12,4,0,0,6,6,1.500
福岡ソフトバンクホークス,相良 雅斗,投手,0.00,0,0,0,0,0,0,0,0,0,0,0,0,0.00
福岡ソフトバンクホークス,前田 純,投手,5.92,15.2,47,258,60,11,0,16,4,0,0,10,10,0.987
福岡ソフトバンクホークス,大山 凌,投手,0.00,0,0,6,3,3,0,0,0,0,0,2,2,0.00
福岡ソフトバンクホークス,木村 大成,投手,0.00,0,0,0,0,0,0,0,0,0,0,0,0,0.00
福岡ソフトバンクホークス,大竹 風雅,投手,0.00,0,0,0,0,0,0,0,0,0,0,0,0,0.00
福岡ソフトバンクホークス,大野 稼頭央,投手,0.00,0,0,0,0,0,0,0,0,0,0,0,0,0.00
福岡ソフトバンクホークス,ヘルナンデス,投手,0.00,5.2,17,71,20,2,0,7,0,1,0,0,0,0.577
福岡ソフトバンクホークス,上茶谷 大河,投手,3.91,4.6,18,95,30,10,1,5,1,2,0,2,2,2.826
福岡ソフトバンクホークス,松本 裕樹,投手,1.13,8,24,112,30,7,0,9,0,0,0,1,1,0.875
福岡ソフトバンクホークス,木村 光,投手,2.47,7.3,24,125,33,7,1,6,2,1,0,2,2,1.370
福岡ソフトバンクホークス,岩崎 峻典,投手,0.00,0,0,0,0,0,0,0,0,0,0,0,0,0.00
福岡ソフトバンクホークス,長谷川 威展,投手,0.00,0,0,0,0,0,0,0,0,0,0,0,0,0.00
福岡ソフトバンクホークス,宮里 優吾,投手,0.00,0,0,0,0,0,0,0,0,0,0,0,0,0.00
福岡ソフトバンクホークス,河野 伸一朗,投手,0.00,0,0,0,0,0,0,0,0,0,0,0,0,0.00
福岡ソフトバンクホークス,川口 冬弥,投手,0.00,0,0,0,0,0,0,0,0,0,0,0,0,0.00
福岡ソフトバンクホークス,村田 賢一,投手,0.00,0,0,0,0,0,0,0,0,0,0,0,0,0.00
福岡ソフトバンクホークス,津嘉山 憲志郎,投手,0.00,0,0,0,0,0,0,0,0,0,0,0,0,0.00
福岡ソフトバンクホークス,相原 雄太,投手,0.00,0,0,0,0,0,0,0,0,0,0,0,0,0.00
福岡ソフトバンクホークス,井﨑 燦志郎,投手,0.00,0,0,0,0,0,0,0,0,0,0,0,0,0.00
福岡ソフトバンクホークス,岡田 皓一朗,投手,0.00,0,0,0,0,0,0,0,0,0,0,0,0,0.00
福岡ソフトバンクホークス,澤柳 亮太郎,投手,0.00,0,0,0,0,0,0,0,0,0,0,0,0,0.00
福岡ソフトバンクホークス,ハモンド,投手,0.00,0,0,0,0,0,0,0,0,0,0,0,0,0.00
福岡ソフトバンクホークス,大矢 琉晟,投手,0.00,0,0,0,0,0,0,0,0,0,0,0,0,0.00
福岡ソフトバンクホークス,山崎 琢磨,投手,0.00,0,0,0,0,0,0,0,0,0,0,0,0,0.00
福岡ソフトバンクホークス,熊谷 太雅,投手,0.00,0,0,0,0,0,0,0,0,0,0,0,0,0.00
福岡ソフトバンクホークス,塩士 暖,投手,0.00,0,0,0,0,0,0,0,0,0,0,0,0,0.00
福岡ソフトバンクホークス,張 峻ウェイ,投手,0.00,0,0,0,0,0,0,0,0,0,0,0,0,0.00
福岡ソフトバンクホークス,長﨑 蓮汰,投手,0.00,0,0,0,0,0,0,0,0,0,0,0,0,0.00
福岡ソフトバンクホークス,田上 奏大,投手,0.00,0,0,0,0,0,0,0,0,0,0,0,0,0.00
福岡ソフトバンクホークス,長水 啓眞,投手,0.00,0,0,0,0,0,0,0,0,0,0,0,0,0.00
福岡ソフトバンクホークス,内野 海斗,投手,0.00,0,0,0,0,0,0,0,0,0,0,0,0,0.00
福岡ソフトバンクホークス,岡植 純平,投手,0.00,0,0,0,0,0,0,0,0,0,0,0,0,0.00
福岡ソフトバンクホークス,佐々木 明都,投手,0.00,0,0,0,0,0,0,0,0,0,0,0,0,0.00
福岡ソフトバンクホークス,北斗,投手,0.00,0,0,0,0,0,0,0,0,0,0,0,0,0.00
福岡ソフトバンクホークス,小林 樹斗,投手,0.00,0,0,0,0,0,0,0,0,0,0,0,0,0.00
福岡ソフトバンクホークス,飛田 悠成,投手,0.00,0,0,0,0,0,0,0,0,0,0,0,0,0.00
福岡ソフトバンクホークス,サルディ,投手,0.00,0,0,0,0,0,0,0,0,0,0,0,0,0.00
北海道日本ハムファイターズ,矢澤 宏太,投手,0.00,0,0,0,0,0,0,0,0,0,0,0,0,0.00
北海道日本ハムファイターズ,生田目 翼,投手,0.00,0,0,0,0,0,0,0,0,0,0,0,0,0.00
北海道日本ハムファイターズ,加藤 貴之,投手,2.57,14,42,209,56,10,1,5,2,0,0,4,4,0.857
北海道日本ハムファイターズ,北山 亘基,投手,0.45,20.2,62,320,81,11,0,19,8,2,0,1,1,1.040
北海道日本ハムファイターズ,達 孝太,投手,5.81,6.2,20,118,30,8,0,5,1,1,0,4,4,1.613
北海道日本ハムファイターズ,伊藤 大海,投手,1.57,23,69,353,92,18,1,24,4,0,0,4,4,0.957
北海道日本ハムファイターズ,山﨑 福也,投手,0.00,5.2,17,89,21,4,0,2,1,0,0,0,0,0.962
北海道日本ハムファイターズ,玉井 大翔,投手,0.00,0,0,0,0,0,0,0,0,0,0,0,0,0.00
北海道日本ハムファイターズ,上原 健太,投手,0.00,0,0,0,0,0,0,0,0,0,0,0,0,0.00
北海道日本ハムファイターズ,杉浦 稔大,投手,0.00,0,0,0,0,0,0,0,0,0,0,0,0,0.00
北海道日本ハムファイターズ,金村 尚真,投手,0.00,0,0,0,0,0,0,0,0,0,0,0,0,0.00
北海道日本ハムファイターズ,宮西 尚生,投手,0.00,0,0,0,0,0,0,0,0,0,0,0,0,0.00
北海道日本ハムファイターズ,田中 正義,投手,0.00,9,27,135,33,3,0,14,0,3,0,0,0,0.667
北海道日本ハムファイターズ,大川 慈英,投手,0.00,0,0,0,0,0,0,0,0,0,0,0,0,0.00
北海道日本ハムファイターズ,河野 竜生,投手,0.00,1.3,6,52,9,0,0,2,3,0,1,0,0,2.308
北海道日本ハムファイターズ,細野 晴希,投手,0.00,6.2,20,111,28,6,0,11,0,0,0,1,0,0.968
北海道日本ハムファイターズ,ラオ,投手,0.00,0,0,0,0,0,0,0,0,0,0,0,0,0.00
北海道日本ハムファイターズ,柴田 獅子,投手,2.25,4,12,88,19,5,1,4,2,0,0,1,1,1.750
北海道日本ハムファイターズ,藤田 琉生,投手,0.00,0,0,0,0,0,0,0,0,0,0,0,0,0.00
北海道日本ハムファイターズ,堀 瑞輝,投手,0.00,2.4,10,56,17,4,0,4,3,0,0,0,0,2.917
北海道日本ハムファイターズ,浅利 太門,投手,0.00,0,0,0,0,0,0,0,0,0,0,0,0,0.00
北海道日本ハムファイターズ,古林 睿煬,投手,14.06,6.4,22,148,40,12,0,4,6,0,0,10,10,2.813
北海道日本ハムファイターズ,島本 浩也,投手,0.00,8,24,99,29,7,0,4,1,0,0,0,0,1.000
北海道日本ハムファイターズ,福谷 浩司,投手,12.86,4.2,14,68,22,7,4,1,1,0,0,6,6,1.905
北海道日本ハムファイターズ,福島 蓮,投手,1.29,28,84,398,108,16,0,33,9,0,0,4,4,0.893
北海道日本ハムファイターズ,畔柳 亨丞,投手,4.00,4.5,17,106,22,5,0,7,1,0,0,2,2,1.333
北海道日本ハムファイターズ,柳川 大晟,投手,5.23,8.6,30,184,45,10,1,11,6,0,0,6,5,1.860
北海道日本ハムファイターズ,齋藤 友貴哉,投手,0.00,0,0,0,0,0,0,0,0,0,0,0,0,0.00
北海道日本ハムファイターズ,池田 隆英,投手,0.00,0,0,0,0,0,0,0,0,0,0,0,0,0.00
北海道日本ハムファイターズ,菊地 大稀,投手,1.80,5,15,84,20,5,0,4,0,0,0,1,1,1.000
北海道日本ハムファイターズ,清水 大暉,投手,0.00,1,3,30,6,1,0,1,2,0,0,0,0,3.000
北海道日本ハムファイターズ,山城 航太郎,投手,0.00,0,0,0,0,0,0,0,0,0,0,0,0,0.00
北海道日本ハムファイターズ,山本 拓実,投手,0.00,6.1,19,96,25,3,0,6,4,0,0,0,0,1.148
北海道日本ハムファイターズ,有原 航平,投手,3.86,7,21,98,27,6,2,7,2,0,0,4,3,1.143
北海道日本ハムファイターズ,孫 易磊,投手,0.00,6,18,95,21,2,0,8,1,0,0,0,0,0.500
北海道日本ハムファイターズ,マルティネス,投手,2.25,8,24,132,33,8,1,9,3,0,0,2,2,1.375
北海道日本ハムファイターズ,加藤 大和,投手,0.00,0,0,0,0,0,0,0,0,0,0,0,0,0.00
北海道日本ハムファイターズ,松本 遼大,投手,0.00,0,0,0,0,0,0,0,0,0,0,0,0,0.00
北海道日本ハムファイターズ,清宮 虎多朗,投手,0.00,0,0,0,0,0,0,0,0,0,0,0,0,0.00
北海道日本ハムファイターズ,松岡 洸希,投手,0.00,0,0,0,0,0,0,0,0,0,0,0,0,0.00
北海道日本ハムファイターズ,宮内 春輝,投手,0.00,0,0,0,0,0,0,0,0,0,0,0,0,0.00
北海道日本ハムファイターズ,川勝 空人,投手,0.00,0,0,0,0,0,0,0,0,0,0,0,0,0.00
北海道日本ハムファイターズ,澁谷 純希,投手,0.00,0,0,0,0,0,0,0,0,0,0,0,0,0.00
北海道日本ハムファイターズ,横山 永遠,投手,0.00,0,0,0,0,0,0,0,0,0,0,0,0,0.00
北海道日本ハムファイターズ,福田 俊,投手,0.00,0,0,0,0,0,0,0,0,0,0,0,0,0.00
北海道日本ハムファイターズ,安西 叶翔,投手,0.00,0,0,0,0,0,0,0,0,0,0,0,0,0.00
北海道日本ハムファイターズ,根本 悠楓,投手,0.00,0,0,0,0,0,0,0,0,0,0,0,0,0.00
オリックス・バファローズ,エスピノーザ,投手,0.90,20.1,61,298,76,13,1,21,4,1,0,3,2,0.896
オリックス・バファローズ,山下 舜平大,投手,0.00,0,0,0,0,0,0,0,0,0,0,0,0,0.00
オリックス・バファローズ,東 晃平,投手,0.00,0,0,0,0,0,0,0,0,0,0,0,0,0.00
オリックス・バファローズ,寺西 成騎,投手,4.62,7.8,29,188,46,10,0,9,6,0,0,6,4,2.051
オリックス・バファローズ,椋木 蓮,投手,3.96,9.1,28,119,35,7,1,5,0,0,0,4,4,0.769
オリックス・バファローズ,平野 佳寿,投手,0.00,0,0,0,0,0,0,0,0,0,0,0,0,0.00
オリックス・バファローズ,曽谷 龍平,投手,3.00,21,63,320,79,16,2,21,2,0,0,7,7,0.857
オリックス・バファローズ,宮城 大弥,投手,0.00,0,0,0,0,0,0,0,0,0,0,0,0,0.00
オリックス・バファローズ,山岡 泰輔,投手,0.00,0,0,0,0,0,0,0,0,0,0,0,0,0.00
オリックス・バファローズ,阿部 翔太,投手,90.00,0.2,2,22,5,1,0,0,2,0,0,2,2,15.000
オリックス・バファローズ,山﨑 颯一郎,投手,0.00,9.1,28,124,31,1,0,11,3,0,0,0,0,0.440
オリックス・バファローズ,九里 亜蓮,投手,2.77,29.2,89,508,127,23,1,35,9,4,0,9,9,1.233
オリックス・バファローズ,吉田 輝星,投手,4.22,6.4,22,115,31,6,1,8,3,0,0,3,3,1.406
オリックス・バファローズ,齋藤 響介,投手,0.00,0,0,0,0,0,0,0,0,0,0,0,0,0.00
オリックス・バファローズ,富山 凌雅,投手,0.00,0,0,0,0,0,0,0,0,0,0,0,0,0.00
オリックス・バファローズ,田嶋 大樹,投手,5.40,10,30,142,41,11,3,5,1,0,0,6,6,1.200
オリックス・バファローズ,藤川 敦也,投手,0.00,0,0,0,0,0,0,0,0,0,0,0,0,0.00
オリックス・バファローズ,古田島 成龍,投手,0.00,0,0,0,0,0,0,0,0,0,0,0,0,0.00
オリックス・バファローズ,森 陽樹,投手,0.00,0,0,0,0,0,0,0,0,0,0,0,0,0.00
オリックス・バファローズ,岩嵜 翔,投手,6.67,5.4,19,123,28,4,0,4,5,0,0,4,4,1.667
オリックス・バファローズ,佐藤 龍月,投手,0.00,0,0,0,0,0,0,0,0,0,0,0,0,0.00
オリックス・バファローズ,マチャド,投手,0.90,10,30,124,38,7,1,10,0,0,0,1,1,0.700
オリックス・バファローズ,髙谷 舟,投手,0.00,0,0,0,0,0,0,0,0,0,0,0,0,0.00
オリックス・バファローズ,山口 廉王,投手,0.00,0,0,0,0,0,0,0,0,0,0,0,0,0.00
オリックス・バファローズ,東松 快征,投手,0.00,0,0,0,0,0,0,0,0,0,0,0,0,0.00
オリックス・バファローズ,片山 楽生,投手,0.00,2.3,9,50,13,4,0,2,1,0,0,0,0,2.174
オリックス・バファローズ,横山 楓,投手,0.00,0,0,0,0,0,0,0,0,0,0,0,0,0.00
オリックス・バファローズ,山田 修義,投手,0.00,0,0,0,0,0,0,0,0,0,0,0,0,0.00
オリックス・バファローズ,ペルドモ,投手,0.00,6,18,120,28,6,0,4,2,2,0,0,0,1.667
オリックス・バファローズ,宮國 凌空,投手,30.00,1.2,5,41,11,3,0,0,3,0,0,4,4,5.000
オリックス・バファローズ,博志,投手,2.90,6.2,20,97,27,5,0,3,3,0,0,2,2,1.290
オリックス・バファローズ,入山 海斗,投手,2.77,6.5,23,111,28,3,0,5,0,2,0,2,2,0.769
オリックス・バファローズ,ジェリー,投手,2.03,22.2,68,363,98,25,1,24,5,3,0,9,5,1.486
オリックス・バファローズ,佐藤 一磨,投手,0.00,0,0,0,0,0,0,0,0,0,0,0,0,0.00
オリックス・バファローズ,川瀬 堅斗,投手,0.00,0,0,0,0,0,0,0,0,0,0,0,0,0.00
オリックス・バファローズ,才木 海翔,投手,0.00,0,0,0,0,0,0,0,0,0,0,0,0,0.00
オリックス・バファローズ,髙島 泰都,投手,36.00,1.5,8,74,19,9,0,3,3,0,0,6,6,8.000
オリックス・バファローズ,権田 琉成,投手,0.00,4,12,61,13,0,0,6,1,0,0,0,0,0.250
オリックス・バファローズ,マシュー,投手,0.00,0,0,0,0,0,0,0,0,0,0,0,0,0.00
オリックス・バファローズ,渡邉 一生,投手,0.00,0,0,0,0,0,0,0,0,0,0,0,0,0.00
オリックス・バファローズ,陳 睦衡,投手,0.00,0,0,0,0,0,0,0,0,0,0,0,0,0.00
オリックス・バファローズ,寿賀 弘都,投手,0.00,0,0,0,0,0,0,0,0,0,0,0,0,0.00
オリックス・バファローズ,芦田 丈飛,投手,0.00,0,0,0,0,0,0,0,0,0,0,0,0,0.00
オリックス・バファローズ,上原 堆我,投手,0.00,0,0,0,0,0,0,0,0,0,0,0,0,0.00
オリックス・バファローズ,乾 健斗,投手,0.00,0,0,0,0,0,0,0,0,0,0,0,0,0.00
オリックス・バファローズ,小木田 敦也,投手,0.00,0,0,0,0,0,0,0,0,0,0,0,0,0.00
オリックス・バファローズ,宇田川 優希,投手,0.00,0,0,0,0,0,0,0,0,0,0,0,0,0.00
オリックス・バファローズ,本田 仁海,投手,0.00,0,0,0,0,0,0,0,0,0,0,0,0,0.00
オリックス・バファローズ,前 佑囲斗,投手,0.00,0,0,0,0,0,0,0,0,0,0,0,0,0.00
オリックス・バファローズ,東山 玲士,投手,0.00,0,0,0,0,0,0,0,0,0,0,0,0,0.00
オリックス・バファローズ,河内 康介,投手,0.00,0,0,0,0,0,0,0,0,0,0,0,0,0.00
埼玉西武ライオンズ,上田 大河,投手,0.00,2.2,8,43,10,0,0,1,2,0,0,0,0,0.909
埼玉西武ライオンズ,渡邉 勇太朗,投手,1.29,14,42,220,52,8,1,10,3,0,0,2,2,0.786
埼玉西武ライオンズ,髙橋 光成,投手,1.22,29.4,91,451,113,16,1,30,9,2,0,5,4,0.918
埼玉西武ライオンズ,與座 海人,投手,0.00,0,0,0,0,0,0,0,0,0,0,0,0,0.00
埼玉西武ライオンズ,隅田 知一郎,投手,1.54,35,105,440,123,23,3,42,3,0,0,6,6,0.743
埼玉西武ライオンズ,松本 航,投手,0.00,0,0,0,0,0,0,0,0,0,0,0,0,0.00
埼玉西武ライオンズ,佐藤 隼輔,投手,2.25,4,12,60,14,2,0,5,0,0,0,1,1,0.500
埼玉西武ライオンズ,岩城 颯空,投手,9.00,4,12,76,19,4,2,4,4,0,0,5,4,2.000
埼玉西武ライオンズ,武内 夏暉,投手,2.08,13,39,183,47,7,3,14,1,0,0,3,3,0.615
埼玉西武ライオンズ,糸川 亮太,投手,0.00,0,0,0,0,0,0,0,0,0,0,0,0,0.00
埼玉西武ライオンズ,青山 美夏人,投手,18.00,1,3,30,7,3,0,1,1,0,0,2,2,4.000
埼玉西武ライオンズ,ワイナンス,投手,1.48,24.4,76,390,96,16,1,23,7,2,0,4,4,1.025
埼玉西武ライオンズ,甲斐野 央,投手,0.00,9,27,135,34,4,0,12,4,0,0,0,0,0.889
埼玉西武ライオンズ,山田 陽翔,投手,0.00,0,0,0,0,0,0,0,0,0,0,0,0,0.00
埼玉西武ライオンズ,堀越 啓太,投手,0.00,0,0,0,0,0,0,0,0,0,0,0,0,0.00
埼玉西武ライオンズ,成田 晴風,投手,0.00,0,0,0,0,0,0,0,0,0,0,0,0,0.00
埼玉西武ライオンズ,ボー・タカハシ,投手,0.00,0,0,0,0,0,0,0,0,0,0,0,0,0.00
埼玉西武ライオンズ,羽田 慎之介,投手,0.00,0,0,0,0,0,0,0,0,0,0,0,0,0.00
埼玉西武ライオンズ,ウィンゲンター,投手,0.00,2.2,8,51,13,2,0,4,3,0,0,0,0,2.273
埼玉西武ライオンズ,狩生 聖真,投手,0.00,0,0,0,0,0,0,0,0,0,0,0,0,0.00
埼玉西武ライオンズ,杉山 遙希,投手,0.00,0,0,0,0,0,0,0,0,0,0,0,0,0.00
埼玉西武ライオンズ,篠原 響,投手,0.00,6,18,72,23,8,0,3,1,0,0,0,0,1.500
埼玉西武ライオンズ,黒木 優太,投手,0.00,0,0,0,0,0,0,0,0,0,0,0,0,0.00
埼玉西武ライオンズ,Ｅ．ラミレス,投手,0.00,0,0,0,0,0,0,0,0,0,0,0,0,0.00
埼玉西武ライオンズ,黒田 将矢,投手,0.00,2,6,34,8,0,0,3,2,0,0,0,0,1.000
埼玉西武ライオンズ,中村 祐太,投手,0.00,0,0,0,0,0,0,0,0,0,0,0,0,0.00
埼玉西武ライオンズ,平良 海馬,投手,1.38,13,39,192,48,5,0,10,4,1,0,2,2,0.769
埼玉西武ライオンズ,冨士 大和,投手,0.00,0,0,0,0,0,0,0,0,0,0,0,0,0.00
埼玉西武ライオンズ,豆田 泰志,投手,0.00,2,6,24,6,1,0,2,0,0,0,0,0,0.500
埼玉西武ライオンズ,菅井 信也,投手,0.00,0,0,0,0,0,0,0,0,0,0,0,0,0.00
埼玉西武ライオンズ,佐藤 爽,投手,0.00,0,0,0,0,0,0,0,0,0,0,0,0,0.00
埼玉西武ライオンズ,浜屋 将太,投手,0.00,1.2,5,15,7,1,0,0,1,0,0,0,0,1.667
埼玉西武ライオンズ,上間 永遠,投手,0.00,0,0,0,0,0,0,0,0,0,0,0,0,0.00
埼玉西武ライオンズ,佐々木 健,投手,0.00,0,0,0,0,0,0,0,0,0,0,0,0,0.00
埼玉西武ライオンズ,宮澤 太成,投手,0.00,0,0,0,0,0,0,0,0,0,0,0,0,0.00
埼玉西武ライオンズ,斎藤 佳紳,投手,0.00,0,0,0,0,0,0,0,0,0,0,0,0,0.00
埼玉西武ライオンズ,三浦 大輝,投手,0.00,0,0,0,0,0,0,0,0,0,0,0,0,0.00
埼玉西武ライオンズ,濱岡 蒼太,投手,0.00,0,0,0,0,0,0,0,0,0,0,0,0,0.00
埼玉西武ライオンズ,シンクレア,投手,0.00,0,0,0,0,0,0,0,0,0,0,0,0,0.00
埼玉西武ライオンズ,森脇 亮介,投手,0.00,0,0,0,0,0,0,0,0,0,0,0,0,0.00
埼玉西武ライオンズ,平口 寛人,投手,0.00,0,0,0,0,0,0,0,0,0,0,0,0,0.00
埼玉西武ライオンズ,川下 将勲,投手,0.00,0,0,0,0,0,0,0,0,0,0,0,0,0.00
埼玉西武ライオンズ,木瀬 翔太,投手,0.00,0,0,0,0,0,0,0,0,0,0,0,0,0.00
埼玉西武ライオンズ,正木 悠馬,投手,0.00,0,0,0,0,0,0,0,0,0,0,0,0,0.00
埼玉西武ライオンズ,高橋 礼,投手,0.00,0,0,0,0,0,0,0,0,0,0,0,0,0.00
埼玉西武ライオンズ,ムサ,投手,0.00,0,0,0,0,0,0,0,0,0,0,0,0,0.00
埼玉西武ライオンズ,フレッド,投手,0.00,0,0,0,0,0,0,0,0,0,0,0,0,0.00
埼玉西武ライオンズ,ゴンザレス,投手,0.00,0,0,0,0,0,0,0,0,0,0,0,0,0.00
埼玉西武ライオンズ,オリバー,投手,0.00,0,0,0,0,0,0,0,0,0,0,0,0,0.00
東北楽天ゴールデンイーグルス,岸 孝之,投手,2.63,24,72,406,103,21,1,20,13,1,0,7,7,1.458
東北楽天ゴールデンイーグルス,藤原 聡大,投手,3.00,3,9,42,11,3,0,6,0,0,0,1,1,1.000
東北楽天ゴールデンイーグルス,コントレラス,投手,0.00,0,0,0,0,0,0,0,0,0,0,0,0,0.00
東北楽天ゴールデンイーグルス,古謝 樹,投手,1.29,7,21,122,25,2,0,6,1,1,0,1,1,0.571
東北楽天ゴールデンイーグルス,前田 健太,投手,0.00,0,0,0,0,0,0,0,0,0,0,0,0,0.00
東北楽天ゴールデンイーグルス,荘司 康誠,投手,5.54,13,39,210,59,19,4,13,4,0,0,9,8,1.769
東北楽天ゴールデンイーグルス,伊藤 樹,投手,18.00,2,6,42,11,4,0,3,2,0,0,4,4,3.000
東北楽天ゴールデンイーグルス,早川 隆久,投手,4.50,16,48,290,72,20,0,17,5,0,0,8,8,1.563
東北楽天ゴールデンイーグルス,ウレーニャ,投手,0.00,0,0,0,0,0,0,0,0,0,0,0,0,0.00
東北楽天ゴールデンイーグルス,中込 陽翔,投手,0.00,1.4,7,30,8,1,0,3,0,0,0,0,0,0.714
東北楽天ゴールデンイーグルス,酒居 知史,投手,0.00,0,0,0,0,0,0,0,0,0,0,0,0,0.00
東北楽天ゴールデンイーグルス,田中 千晴,投手,0.00,0,0,0,0,0,0,0,0,0,0,0,0,0.00
東北楽天ゴールデンイーグルス,渡辺 翔太,投手,8.57,2.1,7,31,11,4,0,0,0,0,0,2,2,1.905
東北楽天ゴールデンイーグルス,江原 雅裕,投手,0.00,0,0,0,0,0,0,0,0,0,0,0,0,0.00
東北楽天ゴールデンイーグルス,加治屋 蓮,投手,8.57,4.2,14,75,21,7,0,6,0,2,0,4,4,2.143
東北楽天ゴールデンイーグルス,宋 家豪,投手,4.50,2,6,41,11,5,1,2,1,0,0,1,1,3.000
東北楽天ゴールデンイーグルス,九谷 瑠,投手,0.00,6,18,80,22,3,0,6,1,0,0,0,0,0.667
東北楽天ゴールデンイーグルス,藤平 尚真,投手,0.00,6,18,104,25,3,0,6,5,0,0,0,0,1.333
東北楽天ゴールデンイーグルス,藤井 聖,投手,3.93,18.3,57,299,79,19,2,7,3,0,0,8,8,1.202
東北楽天ゴールデンイーグルス,西垣 雅矢,投手,4.09,4.4,16,65,19,1,1,5,1,1,0,2,2,0.682
東北楽天ゴールデンイーグルス,津留﨑 大成,投手,11.74,2.3,9,62,17,6,0,4,1,2,0,3,3,3.913
東北楽天ゴールデンイーグルス,坂井 陽翔,投手,0.00,0,0,0,0,0,0,0,0,0,0,0,0,0.00
東北楽天ゴールデンイーグルス,日當 直喜,投手,0.00,0,0,0,0,0,0,0,0,0,0,0,0,0.00
東北楽天ゴールデンイーグルス,鈴木 翔天,投手,6.75,4,12,90,19,4,1,5,2,1,0,5,3,1.750
東北楽天ゴールデンイーグルス,瀧中 瞭太,投手,1.29,14,42,211,54,10,0,11,3,1,0,2,2,1.000
東北楽天ゴールデンイーグルス,辛島 航,投手,0.00,0,0,0,0,0,0,0,0,0,0,0,0,0.00
東北楽天ゴールデンイーグルス,泰 勝利,投手,0.00,0.1,1,12,3,0,0,1,2,0,0,0,0,20.000
東北楽天ゴールデンイーグルス,古賀 康誠,投手,18.00,1,3,27,6,3,0,1,0,0,0,2,2,3.000
東北楽天ゴールデンイーグルス,西口 直人,投手,0.00,0,0,0,0,0,0,0,0,0,0,0,0,0.00
東北楽天ゴールデンイーグルス,林 優樹,投手,0.00,0,0,0,0,0,0,0,0,0,0,0,0,0.00
東北楽天ゴールデンイーグルス,今野 龍太,投手,0.00,0,0,0,0,0,0,0,0,0,0,0,0,0.00
東北楽天ゴールデンイーグルス,大内 誠弥,投手,0.00,0,0,0,0,0,0,0,0,0,0,0,0,0.00
東北楽天ゴールデンイーグルス,内 星龍,投手,0.00,2,6,34,8,0,0,0,2,0,0,0,0,1.000
東北楽天ゴールデンイーグルス,柴田 大地,投手,8.57,4.2,14,115,24,6,0,5,4,0,0,5,4,2.381
東北楽天ゴールデンイーグルス,伊藤 大晟,投手,0.00,0,0,0,0,0,0,0,0,0,0,0,0,0.00
東北楽天ゴールデンイーグルス,ゴンザレス,投手,0.00,0,0,0,0,0,0,0,0,0,0,0,0,0.00
東北楽天ゴールデンイーグルス,德山 一翔,投手,0.00,0,0,0,0,0,0,0,0,0,0,0,0,0.00
東北楽天ゴールデンイーグルス,松田 啄磨,投手,0.00,0,0,0,0,0,0,0,0,0,0,0,0,0.00
東北楽天ゴールデンイーグルス,中沢 匠磨,投手,0.00,0,0,0,0,0,0,0,0,0,0,0,0,0.00
東北楽天ゴールデンイーグルス,蕭 齊,投手,0.00,0,0,0,0,0,0,0,0,0,0,0,0,0.00
千葉ロッテマリーンズ,カスティーヨ,投手,0.00,0,0,0,0,0,0,0,0,0,0,0,0,0.00
千葉ロッテマリーンズ,毛利 海大,投手,11.25,8,24,187,44,14,2,5,6,0,0,10,10,2.500
千葉ロッテマリーンズ,小島 和哉,投手,1.48,12.2,38,205,50,10,1,15,2,1,0,2,2,1.066
千葉ロッテマリーンズ,横山 陸人,投手,0.00,8,24,120,33,5,0,6,3,3,0,0,0,1.375
千葉ロッテマリーンズ,種市 篤暉,投手,0.00,0,0,0,0,0,0,0,0,0,0,0,0,0.00
千葉ロッテマリーンズ,石垣 元気,投手,0.00,0,0,0,0,0,0,0,0,0,0,0,0,0.00
千葉ロッテマリーンズ,唐川 侑己,投手,7.20,5,15,74,21,5,3,4,1,0,0,4,4,1.200
千葉ロッテマリーンズ,石川 柊太,投手,0.00,0,0,0,0,0,0,0,0,0,0,0,0,0.00
千葉ロッテマリーンズ,東妻 勇輔,投手,0.00,0,0,0,0,0,0,0,0,0,0,0,0,0.00
千葉ロッテマリーンズ,菊地 吏玖,投手,0.00,0,0,0,0,0,0,0,0,0,0,0,0,0.00
千葉ロッテマリーンズ,西野 勇士,投手,0.00,0,0,0,0,0,0,0,0,0,0,0,0,0.00
千葉ロッテマリーンズ,廣畑 敦也,投手,11.25,4,12,82,21,6,1,1,2,1,0,5,5,2.250
千葉ロッテマリーンズ,大谷 輝龍,投手,0.00,0,0,0,0,0,0,0,0,0,0,0,0,0.00
千葉ロッテマリーンズ,八木 彬,投手,2.22,8.1,25,142,33,7,0,9,4,0,0,2,2,1.358
千葉ロッテマリーンズ,高野 脩汰,投手,4.29,4.2,14,79,23,7,1,3,1,0,0,2,2,1.905
千葉ロッテマリーンズ,田中 晴也,投手,5.95,12.1,37,241,55,14,1,5,5,0,0,8,8,1.570
千葉ロッテマリーンズ,坂本 光士郎,投手,6.92,5.2,17,99,25,6,1,7,2,0,0,4,4,1.538
千葉ロッテマリーンズ,小野 郁,投手,2.97,9.1,28,149,37,7,0,6,4,1,0,3,3,1.319
千葉ロッテマリーンズ,奥村 頼人,投手,0.00,0,0,0,0,0,0,0,0,0,0,0,0,0.00
千葉ロッテマリーンズ,一條 力真,投手,0.00,0,0,0,0,0,0,0,0,0,0,0,0,0.00
千葉ロッテマリーンズ,ジャクソン,投手,0.69,13,39,243,52,11,0,12,5,0,0,1,1,1.231
千葉ロッテマリーンズ,冨士 隼斗,投手,0.00,0,0,0,0,0,0,0,0,0,0,0,0,0.00
千葉ロッテマリーンズ,鈴木 昭汰,投手,5.00,9,27,122,35,6,3,8,2,0,0,5,5,0.889
千葉ロッテマリーンズ,益田 直也,投手,3.00,6,18,94,25,4,1,7,3,0,0,2,2,1.167
千葉ロッテマリーンズ,木村 優人,投手,0.00,0,0,0,0,0,0,0,0,0,0,0,0,0.00
千葉ロッテマリーンズ,澤田 圭佑,投手,2.57,7,21,104,26,3,1,7,2,0,0,2,2,0.714
千葉ロッテマリーンズ,中森 俊介,投手,1.29,7,21,99,26,4,0,3,1,0,0,1,1,0.714
千葉ロッテマリーンズ,河村 説人,投手,0.00,0,0,0,0,0,0,0,0,0,0,0,0,0.00
千葉ロッテマリーンズ,早坂 響,投手,0.00,0,0,0,0,0,0,0,0,0,0,0,0,0.00
千葉ロッテマリーンズ,大聖,投手,0.00,0,0,0,0,0,0,0,0,0,0,0,0,0.00
千葉ロッテマリーンズ,坂井 遼,投手,0.00,0,0,0,0,0,0,0,0,0,0,0,0,0.00
千葉ロッテマリーンズ,廣池 康志郎,投手,3.43,21,63,309,85,16,0,13,4,5,0,8,8,1.190
千葉ロッテマリーンズ,宮﨑 颯,投手,0.00,0,0,0,0,0,0,0,0,0,0,0,0,0.00
千葉ロッテマリーンズ,ロング,投手,1.59,17,51,294,75,18,0,13,7,1,0,4,3,1.529
千葉ロッテマリーンズ,吉川 悠斗,投手,0.00,0,0,0,0,0,0,0,0,0,0,0,0,0.00
千葉ロッテマリーンズ,本前 郁也,投手,0.00,0,0,0,0,0,0,0,0,0,0,0,0,0.00
千葉ロッテマリーンズ,森 遼大朗,投手,0.00,0,0,0,0,0,0,0,0,0,0,0,0,0.00
千葉ロッテマリーンズ,秋山 正雲,投手,0.00,0,0,0,0,0,0,0,0,0,0,0,0,0.00
千葉ロッテマリーンズ,中村 亮太,投手,0.00,0,0,0,0,0,0,0,0,0,0,0,0,0.00
千葉ロッテマリーンズ,永島田 輝斗,投手,0.00,0,0,0,0,0,0,0,0,0,0,0,0,0.00
千葉ロッテマリーンズ,中山 優人,投手,0.00,0,0,0,0,0,0,0,0,0,0,0,0,0.00
千葉ロッテマリーンズ,髙橋 快秀,投手,0.00,0,0,0,0,0,0,0,0,0,0,0,0,0.00
千葉ロッテマリーンズ,茨木 佑太,投手,0.00,0,0,0,0,0,0,0,0,0,0,0,0,0.00
千葉ロッテマリーンズ,長島 幸佑,投手,0.00,0,0,0,0,0,0,0,0,0,0,0,0,0.00
千葉ロッテマリーンズ,武内 涼太,投手,0.00,0,0,0,0,0,0,0,0,0,0,0,0,0.00
千葉ロッテマリーンズ,ラドニー,投手,0.00,0,0,0,0,0,0,0,0,0,0,0,0,0.00