球団,選手名,ポジション,防御率,投球回,投球アウト数,投球数,打者,被安打,被本塁打,奪三振,与四球,与死球,ボーク,失点,自責点,WHIP,期間
読売ジャイアンツ,田中 将大,投手,0,0,0,0,0,0,0,0,0,0,0,0,0,0,2026/07/05_2026/07/10
読売ジャイアンツ,大勢,投手,0,1,3,30,5,1,0,1,1,0,0,0,0,2,2026/07/05_2026/07/10
読売ジャイアンツ,西舘 勇陽,投手,6.75,5.1,16,104,22,4,1,6,2,0,0,4,4,1.125,2026/07/05_2026/07/10
読売ジャイアンツ,山﨑 伊織,投手,0,0,0,0,0,0,0,0,0,0,0,0,0,0,2026/07/05_2026/07/10
読売ジャイアンツ,戸郷 翔征,投手,0,5,15,64,17,0,0,3,2,0,0,0,0,0.4,2026/07/05_2026/07/10
読売ジャイアンツ,竹丸 和幸,投手,0,0,0,0,0,0,0,0,0,0,0,0,0,0,2026/07/05_2026/07/10
読売ジャイアンツ,ウィットリー,投手,3.6,5,15,80,20,5,0,6,2,0,0,3,2,1.4,2026/07/05_2026/07/10
読売ジャイアンツ,ハワード,投手,0,0,0,0,0,0,0,0,0,0,0,0,0,0,2026/07/05_2026/07/10
読売ジャイアンツ,田和 廉,投手,0,1.2,5,29,10,2,0,1,1,2,0,0,0,3,2026/07/05_2026/07/10
読売ジャイアンツ,赤星 優志,投手,15.42857143,2.1,7,39,11,3,2,2,1,0,0,4,4,1.714285714,2026/07/05_2026/07/10
読売ジャイアンツ,山城 京平,投手,0,0,0,0,0,0,0,0,0,0,0,0,0,0,2026/07/05_2026/07/10
読売ジャイアンツ,中川 皓太,投手,0,0,0,0,0,0,0,0,0,0,0,0,0,0,2026/07/05_2026/07/10
読売ジャイアンツ,マタ,投手,0,0,0,0,0,0,0,0,0,0,0,0,0,0,2026/07/05_2026/07/10
読売ジャイアンツ,則本 昂大,投手,14.4,5,15,95,26,10,1,3,2,1,0,8,8,2.6,2026/07/05_2026/07/10
読売ジャイアンツ,田中 瑛斗,投手,36,1,3,41,10,4,0,0,3,0,0,5,4,7,2026/07/05_2026/07/10
読売ジャイアンツ,又木 鉄平,投手,0,0,0,0,0,0,0,0,0,0,0,0,0,0,2026/07/05_2026/07/10
読売ジャイアンツ,森田 駿哉,投手,0,1,3,17,6,1,0,1,1,0,0,0,0,2,2026/07/05_2026/07/10
読売ジャイアンツ,ルシアーノ,投手,0,0,0,0,0,0,0,0,0,0,0,0,0,0,2026/07/05_2026/07/10
読売ジャイアンツ,バルドナード,投手,0,0,0,0,0,0,0,0,0,0,0,0,0,0,2026/07/05_2026/07/10
読売ジャイアンツ,高梨 雄平,投手,18,1,3,33,6,2,1,1,1,0,0,2,2,3,2026/07/05_2026/07/10
読売ジャイアンツ,松浦 慶斗,投手,0,0,0,0,0,0,0,0,0,0,0,0,0,0,2026/07/05_2026/07/10
読売ジャイアンツ,北浦 竜次,投手,0,0,0,0,0,0,0,0,0,0,0,0,0,0,2026/07/05_2026/07/10
読売ジャイアンツ,宮原 駿介,投手,0,0,0,0,0,0,0,0,0,0,0,0,0,0,2026/07/05_2026/07/10
読売ジャイアンツ,船迫 大雅,投手,27,0.2,2,14,4,1,0,1,1,0,0,2,2,3,2026/07/05_2026/07/10
読売ジャイアンツ,横川 凱,投手,0,0,0,0,0,0,0,0,0,0,0,0,0,0,2026/07/05_2026/07/10
読売ジャイアンツ,泉 圭輔,投手,0,0,0,0,0,0,0,0,0,0,0,0,0,0,2026/07/05_2026/07/10
読売ジャイアンツ,山田 龍聖,投手,0,3,9,62,14,1,0,1,4,0,0,0,0,1.666666667,2026/07/05_2026/07/10
読売ジャイアンツ,石川 達也,投手,0,0,0,0,0,0,0,0,0,0,0,0,0,0,2026/07/05_2026/07/10
読売ジャイアンツ,平内 龍太,投手,0,0,0,0,0,0,0,0,0,0,0,0,0,0,2026/07/05_2026/07/10
読売ジャイアンツ,堀田 賢慎,投手,0,3,9,38,10,1,0,1,0,0,0,0,0,0.3333333333,2026/07/05_2026/07/10
読売ジャイアンツ,マルティネス,投手,0,2,6,25,7,1,0,1,1,0,0,0,0,1,2026/07/05_2026/07/10
読売ジャイアンツ,井上 温大,投手,0,7,21,98,27,3,0,8,2,0,0,0,0,0.7142857143,2026/07/05_2026/07/10
読売ジャイアンツ,冨重 英二郎,投手,0,0,0,0,0,0,0,0,0,0,0,0,0,0,2026/07/05_2026/07/10
読売ジャイアンツ,林 燦,投手,0,0,0,0,0,0,0,0,0,0,0,0,0,0,2026/07/05_2026/07/10
読売ジャイアンツ,堀江 正太郎,投手,0,0,0,0,0,0,0,0,0,0,0,0,0,0,2026/07/05_2026/07/10
読売ジャイアンツ,鈴木 圭晋,投手,0,0,0,0,0,0,0,0,0,0,0,0,0,0,2026/07/05_2026/07/10
読売ジャイアンツ,千葉 隆広,投手,0,0,0,0,0,0,0,0,0,0,0,0,0,0,2026/07/05_2026/07/10
読売ジャイアンツ,木下 幹也,投手,0,0,0,0,0,0,0,0,0,0,0,0,0,0,2026/07/05_2026/07/10
読売ジャイアンツ,園田 純規,投手,0,0,0,0,0,0,0,0,0,0,0,0,0,0,2026/07/05_2026/07/10
読売ジャイアンツ,松井 颯,投手,0,0,0,0,0,0,0,0,0,0,0,0,0,0,2026/07/05_2026/07/10
読売ジャイアンツ,田村 朋輝,投手,0,0,0,0,0,0,0,0,0,0,0,0,0,0,2026/07/05_2026/07/10
読売ジャイアンツ,吉村 優聖歩,投手,0,0,0,0,0,0,0,0,0,0,0,0,0,0,2026/07/05_2026/07/10
読売ジャイアンツ,富田 龍,投手,0,0,0,0,0,0,0,0,0,0,0,0,0,0,2026/07/05_2026/07/10
読売ジャイアンツ,西川 歩,投手,0,0,0,0,0,0,0,0,0,0,0,0,0,0,2026/07/05_2026/07/10
読売ジャイアンツ,吹田 志道,投手,0,0,0,0,0,0,0,0,0,0,0,0,0,0,2026/07/05_2026/07/10
読売ジャイアンツ,森本 哲星,投手,0,0,0,0,0,0,0,0,0,0,0,0,0,0,2026/07/05_2026/07/10
読売ジャイアンツ,黄 錦豪,投手,0,0,0,0,0,0,0,0,0,0,0,0,0,0,2026/07/05_2026/07/10
読売ジャイアンツ,グズマン,投手,0,0,0,0,0,0,0,0,0,0,0,0,0,0,2026/07/05_2026/07/10
読売ジャイアンツ,河野 優作,投手,0,0,0,0,0,0,0,0,0,0,0,0,0,0,2026/07/05_2026/07/10
読売ジャイアンツ,板東 湧梧,投手,0,0,0,0,0,0,0,0,0,0,0,0,0,0,2026/07/05_2026/07/10
読売ジャイアンツ,花田 侑樹,投手,0,0,0,0,0,0,0,0,0,0,0,0,0,0,2026/07/05_2026/07/10
読売ジャイアンツ,代木 大和,投手,0,0,0,0,0,0,0,0,0,0,0,0,0,0,2026/07/05_2026/07/10
読売ジャイアンツ,石田 隼都,投手,0,0,0,0,0,0,0,0,0,0,0,0,0,0,2026/07/05_2026/07/10
読売ジャイアンツ,石田 充冴,投手,0,0,0,0,0,0,0,0,0,0,0,0,0,0,2026/07/05_2026/07/10
読売ジャイアンツ,京本 眞,投手,0,0,0,0,0,0,0,0,0,0,0,0,0,0,2026/07/05_2026/07/10
阪神タイガース,岩崎 優,投手,9,2,6,44,9,4,1,1,1,0,0,2,2,2.5,2026/07/05_2026/07/10
阪神タイガース,岩貞 祐太,投手,0,0,0,0,0,0,0,0,0,0,0,0,0,0,2026/07/05_2026/07/10
阪神タイガース,西 勇輝,投手,0,0,0,0,0,0,0,0,0,0,0,0,0,0,2026/07/05_2026/07/10
阪神タイガース,伊原 陵人,投手,1.6875,5.1,16,106,23,4,0,6,3,0,0,1,1,1.3125,2026/07/05_2026/07/10
阪神タイガース,下村 海翔,投手,1.5,6,18,93,26,6,1,4,0,0,0,2,1,1,2026/07/05_2026/07/10
阪神タイガース,大竹 耕太郎,投手,0,0,0,0,0,0,0,0,0,0,0,0,0,0,2026/07/05_2026/07/10
阪神タイガース,椎葉 剛,投手,0,0,0,0,0,0,0,0,0,0,0,0,0,0,2026/07/05_2026/07/10
阪神タイガース,伊藤 将司,投手,0,0,0,0,0,0,0,0,0,0,0,0,0,0,2026/07/05_2026/07/10
阪神タイガース,今朝丸 裕喜,投手,9,1,3,15,5,2,0,0,0,0,0,1,1,2,2026/07/05_2026/07/10
阪神タイガース,髙橋 遥人,投手,5.4,6.2,20,106,27,7,1,7,1,0,0,4,4,1.2,2026/07/05_2026/07/10
阪神タイガース,門別 啓人,投手,0,1,3,14,4,1,0,0,0,0,0,0,0,1,2026/07/05_2026/07/10
阪神タイガース,才木 浩人,投手,0,7,21,101,29,5,0,8,3,0,0,0,0,1.142857143,2026/07/05_2026/07/10
阪神タイガース,畠 世周,投手,0,0,0,0,0,0,0,0,0,0,0,0,0,0,2026/07/05_2026/07/10
阪神タイガース,及川 雅貴,投手,0,1,3,8,4,1,0,1,0,0,0,0,0,1,2026/07/05_2026/07/10
阪神タイガース,村上 頌樹,投手,1.5,6,18,102,24,5,0,4,1,0,0,1,1,1,2026/07/05_2026/07/10
阪神タイガース,ルーカス,投手,0,0,0,0,0,0,0,0,0,0,0,0,0,0,2026/07/05_2026/07/10
阪神タイガース,早瀬 朔,投手,0,0,0,0,0,0,0,0,0,0,0,0,0,0,2026/07/05_2026/07/10
阪神タイガース,ラグズデール,投手,0,0,0,0,0,0,0,0,0,0,0,0,0,0,2026/07/05_2026/07/10
阪神タイガース,桐敷 拓馬,投手,0,0,0,0,0,0,0,0,0,0,0,0,0,0,2026/07/05_2026/07/10
阪神タイガース,茨木 秀俊,投手,0,0,0,0,0,0,0,0,0,0,0,0,0,0,2026/07/05_2026/07/10
阪神タイガース,工藤 泰成,投手,6.75,1.1,4,20,6,2,0,2,0,0,0,1,1,1.5,2026/07/05_2026/07/10
阪神タイガース,富田 蓮,投手,0,0,0,0,0,0,0,0,0,0,0,0,0,0,2026/07/05_2026/07/10
阪神タイガース,早川 太貴,投手,0,0,0,0,0,0,0,0,0,0,0,0,0,0,2026/07/05_2026/07/10
阪神タイガース,木下 里都,投手,0,2.2,8,58,12,1,0,4,3,0,0,0,0,1.5,2026/07/05_2026/07/10
阪神タイガース,能登 嵩都,投手,0,0,0,0,0,0,0,0,0,0,0,0,0,0,2026/07/05_2026/07/10
阪神タイガース,石黒 佑弥,投手,0,0,0,0,0,0,0,0,0,0,0,0,0,0,2026/07/05_2026/07/10
阪神タイガース,岡留 英貴,投手,0,0,0,0,0,0,0,0,0,0,0,0,0,0,2026/07/05_2026/07/10
阪神タイガース,湯浅 京己,投手,0,0,0,0,0,0,0,0,0,0,0,0,0,0,2026/07/05_2026/07/10
阪神タイガース,津田 淳哉,投手,0,2,6,18,7,2,0,1,0,0,0,0,0,1,2026/07/05_2026/07/10
阪神タイガース,石井 大智,投手,0,0,0,0,0,0,0,0,0,0,0,0,0,0,2026/07/05_2026/07/10
阪神タイガース,ドリス,投手,4.5,2,6,31,7,1,1,3,0,0,0,1,1,0.5,2026/07/05_2026/07/10
阪神タイガース,モレッタ,投手,0,0,0,0,0,0,0,0,0,0,0,0,0,0,2026/07/05_2026/07/10
阪神タイガース,小川 一平,投手,0,0,0,0,0,0,0,0,0,0,0,0,0,0,2026/07/05_2026/07/10
阪神タイガース,松原 快,投手,0,0,0,0,0,0,0,0,0,0,0,0,0,0,2026/07/05_2026/07/10
阪神タイガース,伊藤 稜,投手,0,0,0,0,0,0,0,0,0,0,0,0,0,0,2026/07/05_2026/07/10
阪神タイガース,神宮 僚介,投手,0,0,0,0,0,0,0,0,0,0,0,0,0,0,2026/07/05_2026/07/10
阪神タイガース,マルティネス,投手,0,0,0,0,0,0,0,0,0,0,0,0,0,0,2026/07/05_2026/07/10
横浜DeNAベイスターズ,デュプランティエ,投手,0,0,0,0,0,0,0,0,0,0,0,0,0,0,2026/07/05_2026/07/10
横浜DeNAベイスターズ,東 克樹,投手,2.571428571,7,21,94,27,4,2,8,1,1,0,2,2,0.8571428571,2026/07/05_2026/07/10
横浜DeNAベイスターズ,竹田 祐,投手,0,0,0,0,0,0,0,0,0,0,0,0,0,0,2026/07/05_2026/07/10
横浜DeNAベイスターズ,伊勢 大夢,投手,0,4,12,59,14,2,0,3,1,0,0,0,0,0.75,2026/07/05_2026/07/10
横浜DeNAベイスターズ,石田 健大,投手,0,0,0,0,0,0,0,0,0,0,0,0,0,0,2026/07/05_2026/07/10
横浜DeNAベイスターズ,島田 舜也,投手,0,0,0,0,0,0,0,0,0,0,0,0,0,0,2026/07/05_2026/07/10
横浜DeNAベイスターズ,大貫 晋一,投手,0,0,0,0,0,0,0,0,0,0,0,0,0,0,2026/07/05_2026/07/10
横浜DeNAベイスターズ,小園 健太,投手,0,0,0,0,0,0,0,0,0,0,0,0,0,0,2026/07/05_2026/07/10
横浜DeNAベイスターズ,山﨑 康晃,投手,0,0,0,0,0,0,0,0,0,0,0,0,0,0,2026/07/05_2026/07/10
横浜DeNAベイスターズ,坂本 裕哉,投手,0,0,0,0,0,0,0,0,0,0,0,0,0,0,2026/07/05_2026/07/10
横浜DeNAベイスターズ,入江 大生,投手,0,0,0,0,0,0,0,0,0,0,0,0,0,0,2026/07/05_2026/07/10
横浜DeNAベイスターズ,吉野 光樹,投手,0,0,0,0,0,0,0,0,0,0,0,0,0,0,2026/07/05_2026/07/10
横浜DeNAベイスターズ,藤浪 晋太郎,投手,0,0,0,0,0,0,0,0,0,0,0,0,0,0,2026/07/05_2026/07/10
横浜DeNAベイスターズ,篠木 健太郎,投手,0,0,0,0,0,0,0,0,0,0,0,0,0,0,2026/07/05_2026/07/10
横浜DeNAベイスターズ,武田 陸玖,投手,0,0,0,0,0,0,0,0,0,0,0,0,0,0,2026/07/05_2026/07/10
横浜DeNAベイスターズ,橋本 達弥,投手,0,0,0,0,0,0,0,0,0,0,0,0,0,0,2026/07/05_2026/07/10
横浜DeNAベイスターズ,尾形 崇斗,投手,12,3,9,58,17,5,1,2,4,0,0,4,4,3,2026/07/05_2026/07/10
横浜DeNAベイスターズ,松本 凌人,投手,0,0,0,0,0,0,0,0,0,0,0,0,0,0,2026/07/05_2026/07/10
横浜DeNAベイスターズ,若松 尚輝,投手,0,1,3,16,5,1,0,1,1,0,0,0,0,2,2026/07/05_2026/07/10
横浜DeNAベイスターズ,佐々木 千隼,投手,0,0,0,0,0,0,0,0,0,0,0,0,0,0,2026/07/05_2026/07/10
横浜DeNAベイスターズ,コックス,投手,0,0,0,0,0,0,0,0,0,0,0,0,0,0,2026/07/05_2026/07/10
横浜DeNAベイスターズ,深沢 鳳介,投手,0,5,15,67,18,2,0,2,1,1,0,0,0,0.8,2026/07/05_2026/07/10
横浜DeNAベイスターズ,森原 康平,投手,0,0,0,0,0,0,0,0,0,0,0,0,0,0,2026/07/05_2026/07/10
横浜DeNAベイスターズ,坂口 翔颯,投手,0,0,0,0,0,0,0,0,0,0,0,0,0,0,2026/07/05_2026/07/10
横浜DeNAベイスターズ,片山 皓心,投手,0,0,0,0,0,0,0,0,0,0,0,0,0,0,2026/07/05_2026/07/10
横浜DeNAベイスターズ,ルイーズ,投手,81,0.2,2,33,9,4,2,0,3,0,0,6,6,10.5,2026/07/05_2026/07/10
横浜DeNAベイスターズ,中川 颯,投手,0,0,0,0,0,0,0,0,0,0,0,0,0,0,2026/07/05_2026/07/10
横浜DeNAベイスターズ,石田 裕太郎,投手,0,9,27,120,30,1,0,7,3,0,0,0,0,0.4444444444,2026/07/05_2026/07/10
横浜DeNAベイスターズ,平良 拳太郎,投手,3.176470588,5.2,17,95,23,6,0,6,0,0,0,2,2,1.058823529,2026/07/05_2026/07/10
横浜DeNAベイスターズ,レイノルズ,投手,4.5,2,6,32,9,2,1,3,1,0,0,1,1,1.5,2026/07/05_2026/07/10
横浜DeNAベイスターズ,中川 虎大,投手,6,3,9,60,12,2,1,5,1,0,0,2,2,1,2026/07/05_2026/07/10
横浜DeNAベイスターズ,宮城 滝太,投手,0,1.2,5,22,5,0,0,2,0,0,0,0,0,0,2026/07/05_2026/07/10
横浜DeNAベイスターズ,岩田 将貴,投手,0,2,6,23,9,1,0,1,1,1,0,0,0,1.5,2026/07/05_2026/07/10
横浜DeNAベイスターズ,堀岡 隼人,投手,0,0,0,0,0,0,0,0,0,0,0,0,0,0,2026/07/05_2026/07/10
横浜DeNAベイスターズ,マルセリーノ,投手,0,1,3,18,4,1,0,2,0,0,0,0,0,1,2026/07/05_2026/07/10
横浜DeNAベイスターズ,浜地 真澄,投手,0,0,0,0,0,0,0,0,0,0,0,0,0,0,2026/07/05_2026/07/10
横浜DeNAベイスターズ,清水 麻成,投手,0,0,0,0,0,0,0,0,0,0,0,0,0,0,2026/07/05_2026/07/10
横浜DeNAベイスターズ,金渕 光希,投手,0,0,0,0,0,0,0,0,0,0,0,0,0,0,2026/07/05_2026/07/10
横浜DeNAベイスターズ,吉岡 暖,投手,0,0,0,0,0,0,0,0,0,0,0,0,0,0,2026/07/05_2026/07/10
横浜DeNAベイスターズ,馬場 皐輔,投手,0,0,0,0,0,0,0,0,0,0,0,0,0,0,2026/07/05_2026/07/10
横浜DeNAベイスターズ,庄司 陽斗,投手,0,0,0,0,0,0,0,0,0,0,0,0,0,0,2026/07/05_2026/07/10
横浜DeNAベイスターズ,森下 瑠大,投手,0,0,0,0,0,0,0,0,0,0,0,0,0,0,2026/07/05_2026/07/10
横浜DeNAベイスターズ,松本 隆之介,投手,0,0,0,0,0,0,0,0,0,0,0,0,0,0,2026/07/05_2026/07/10
広島東洋カープ,齊藤 汰直,投手,0,0,0,0,0,0,0,0,0,0,0,0,0,0,2026/07/05_2026/07/10
広島東洋カープ,森浦 大輔,投手,0,1,3,14,5,1,0,1,1,0,0,0,0,2,2026/07/05_2026/07/10
広島東洋カープ,大瀬良 大地,投手,0,0,0,0,0,0,0,0,0,0,0,0,0,0,2026/07/05_2026/07/10
広島東洋カープ,森 翔平,投手,0,0,0,0,0,0,0,0,0,0,0,0,0,0,2026/07/05_2026/07/10
広島東洋カープ,常廣 羽也斗,投手,18,2,6,40,12,4,0,0,2,0,0,4,4,3,2026/07/05_2026/07/10
広島東洋カープ,森下 暢仁,投手,9,5,15,113,27,6,2,6,5,0,0,6,5,2.2,2026/07/05_2026/07/10
広島東洋カープ,床田 寛樹,投手,3.6,5,15,92,25,8,1,6,2,0,0,5,2,2,2026/07/05_2026/07/10
広島東洋カープ,栗林 良吏,投手,1.5,6,18,72,23,5,0,2,0,0,0,1,1,0.8333333333,2026/07/05_2026/07/10
広島東洋カープ,中﨑 翔太,投手,9,1,3,21,6,3,0,1,0,0,0,1,1,3,2026/07/05_2026/07/10
広島東洋カープ,髙 太一,投手,0,2,6,34,8,1,0,3,1,0,0,0,0,1,2026/07/05_2026/07/10
広島東洋カープ,黒原 拓未,投手,0,0,0,0,0,0,0,0,0,0,0,0,0,0,2026/07/05_2026/07/10
広島東洋カープ,益田 武尚,投手,0,0,0,0,0,0,0,0,0,0,0,0,0,0,2026/07/05_2026/07/10
広島東洋カープ,佐藤 柳之介,投手,0,0,0,0,0,0,0,0,0,0,0,0,0,0,2026/07/05_2026/07/10
広島東洋カープ,ケムナ 誠,投手,0,0,0,0,0,0,0,0,0,0,0,0,0,0,2026/07/05_2026/07/10
広島東洋カープ,滝田 一希,投手,0,0,0,0,0,0,0,0,0,0,0,0,0,0,2026/07/05_2026/07/10
広島東洋カープ,高橋 昂也,投手,0,0,0,0,0,0,0,0,0,0,0,0,0,0,2026/07/05_2026/07/10
広島東洋カープ,工藤 泰己,投手,0,0,0,0,0,0,0,0,0,0,0,0,0,0,2026/07/05_2026/07/10
広島東洋カープ,塹江 敦哉,投手,0,0,0,0,0,0,0,0,0,0,0,0,0,0,2026/07/05_2026/07/10
広島東洋カープ,赤木 晴哉,投手,0,0,0,0,0,0,0,0,0,0,0,0,0,0,2026/07/05_2026/07/10
広島東洋カープ,長谷部 銀次,投手,0,0,0,0,0,0,0,0,0,0,0,0,0,0,2026/07/05_2026/07/10
広島東洋カープ,鈴木 健矢,投手,0,4.1,13,60,16,1,0,3,1,0,0,0,0,0.4615384615,2026/07/05_2026/07/10
広島東洋カープ,ターノック,投手,0,0,0,0,0,0,0,0,0,0,0,0,0,0,2026/07/05_2026/07/10
広島東洋カープ,島内 颯太郎,投手,0,3,9,51,12,2,0,4,1,0,0,0,0,1,2026/07/05_2026/07/10
広島東洋カープ,松本 竜也,投手,0,0,0,0,0,0,0,0,0,0,0,0,0,0,2026/07/05_2026/07/10
広島東洋カープ,髙木 快大,投手,0,0,0,0,0,0,0,0,0,0,0,0,0,0,2026/07/05_2026/07/10
広島東洋カープ,斉藤 優汰,投手,0,0,0,0,0,0,0,0,0,0,0,0,0,0,2026/07/05_2026/07/10
広島東洋カープ,アドゥワ 誠,投手,0,0,0,0,0,0,0,0,0,0,0,0,0,0,2026/07/05_2026/07/10
広島東洋カープ,岡本 駿,投手,5.4,5,15,87,20,4,0,6,1,0,0,3,3,1,2026/07/05_2026/07/10
広島東洋カープ,玉村 昇悟,投手,5.4,1.2,5,19,6,1,1,0,0,0,0,1,1,0.6,2026/07/05_2026/07/10
広島東洋カープ,遠藤 淳志,投手,9,2,6,33,10,3,0,1,1,0,0,2,2,2,2026/07/05_2026/07/10
広島東洋カープ,菊地 ハルン,投手,0,1,3,12,3,0,0,0,0,0,0,0,0,0,2026/07/05_2026/07/10
広島東洋カープ,ハーン,投手,0,1,3,10,3,0,0,2,0,0,0,0,0,0,2026/07/05_2026/07/10
広島東洋カープ,日髙 暖己,投手,0,0,0,0,0,0,0,0,0,0,0,0,0,0,2026/07/05_2026/07/10
広島東洋カープ,辻 大雅,投手,0,3,9,41,13,2,0,2,2,0,0,0,0,1.333333333,2026/07/05_2026/07/10
広島東洋カープ,杉田 健,投手,0,0,0,0,0,0,0,0,0,0,0,0,0,0,2026/07/05_2026/07/10
広島東洋カープ,小船 翼,投手,0,0,0,0,0,0,0,0,0,0,0,0,0,0,2026/07/05_2026/07/10
広島東洋カープ,竹下 海斗,投手,0,0,0,0,0,0,0,0,0,0,0,0,0,0,2026/07/05_2026/07/10
広島東洋カープ,河野 佳,投手,0,0,0,0,0,0,0,0,0,0,0,0,0,0,2026/07/05_2026/07/10
広島東洋カープ,杉原 望来,投手,0,0,0,0,0,0,0,0,0,0,0,0,0,0,2026/07/05_2026/07/10
広島東洋カープ,アリア,投手,0,0,0,0,0,0,0,0,0,0,0,0,0,0,2026/07/05_2026/07/10
中日ドラゴンズ,中西 聖輝,投手,0,0,0,0,0,0,0,0,0,0,0,0,0,0,2026/07/05_2026/07/10
中日ドラゴンズ,橋本 侑樹,投手,0,0,0,0,0,0,0,0,0,0,0,0,0,0,2026/07/05_2026/07/10
中日ドラゴンズ,草加 勝,投手,0,2,6,31,8,0,0,2,1,0,0,0,0,0.5,2026/07/05_2026/07/10
中日ドラゴンズ,櫻井 頼之介,投手,0,0,0,0,0,0,0,0,0,0,0,0,0,0,2026/07/05_2026/07/10
中日ドラゴンズ,柳 裕也,投手,5.0625,5.1,16,75,21,5,1,4,1,0,0,3,3,1.125,2026/07/05_2026/07/10
中日ドラゴンズ,髙橋 宏斗,投手,0,0,0,0,0,0,0,0,0,0,0,0,0,0,2026/07/05_2026/07/10
中日ドラゴンズ,涌井 秀章,投手,0,0,0,0,0,0,0,0,0,0,0,0,0,0,2026/07/05_2026/07/10
中日ドラゴンズ,金丸 夢斗,投手,1.285714286,7,21,100,25,5,1,9,0,0,0,1,1,0.7142857143,2026/07/05_2026/07/10
中日ドラゴンズ,大野 雄大,投手,1.285714286,7,21,85,23,3,1,4,2,0,0,1,1,0.7142857143,2026/07/05_2026/07/10
中日ドラゴンズ,仲地 礼亜,投手,0,0,0,0,0,0,0,0,0,0,0,0,0,0,2026/07/05_2026/07/10
中日ドラゴンズ,アブレウ,投手,0,1,3,30,5,0,0,3,1,1,0,0,0,2,2026/07/05_2026/07/10
中日ドラゴンズ,松木平 優太,投手,0,0,0,0,0,0,0,0,0,0,0,0,0,0,2026/07/05_2026/07/10
中日ドラゴンズ,根尾 昂,投手,0,0,0,0,0,0,0,0,0,0,0,0,0,0,2026/07/05_2026/07/10
中日ドラゴンズ,伊藤 茉央,投手,13.5,1.1,4,21,7,3,0,0,0,0,0,2,2,2.25,2026/07/05_2026/07/10
中日ドラゴンズ,杉浦 稔大,投手,0,0,0,0,0,0,0,0,0,0,0,0,0,0,2026/07/05_2026/07/10
中日ドラゴンズ,福 敬登,投手,0,0,0,0,0,0,0,0,0,0,0,0,0,0,2026/07/05_2026/07/10
中日ドラゴンズ,福田 幸之介,投手,0,0,0,0,0,0,0,0,0,0,0,0,0,0,2026/07/05_2026/07/10
中日ドラゴンズ,松葉 貴大,投手,6,6,18,90,27,5,2,3,3,1,0,4,4,1.5,2026/07/05_2026/07/10
中日ドラゴンズ,勝野 昌慶,投手,0,0,0,0,0,0,0,0,0,0,0,0,0,0,2026/07/05_2026/07/10
中日ドラゴンズ,梅野 雄吾,投手,0,0,0,0,0,0,0,0,0,0,0,0,0,0,2026/07/05_2026/07/10
中日ドラゴンズ,吉田 聖弥,投手,0,2,6,27,6,0,0,3,0,0,0,0,0,0,2026/07/05_2026/07/10
中日ドラゴンズ,清水 達也,投手,0,0,0,0,0,0,0,0,0,0,0,0,0,0,2026/07/05_2026/07/10
中日ドラゴンズ,篠﨑 国忠,投手,0,0,0,0,0,0,0,0,0,0,0,0,0,0,2026/07/05_2026/07/10
中日ドラゴンズ,藤嶋 健人,投手,0,1.2,5,29,8,2,0,0,1,0,0,0,0,1.8,2026/07/05_2026/07/10
中日ドラゴンズ,齋藤 綱記,投手,0,2,6,29,8,1,0,1,1,0,0,0,0,1,2026/07/05_2026/07/10
中日ドラゴンズ,高橋 幸佑,投手,0,0,0,0,0,0,0,0,0,0,0,0,0,0,2026/07/05_2026/07/10
中日ドラゴンズ,有馬 惠叶,投手,0,0,0,0,0,0,0,0,0,0,0,0,0,0,2026/07/05_2026/07/10
中日ドラゴンズ,牧野 憲伸,投手,0,0.2,2,14,3,1,0,0,0,0,0,0,0,1.5,2026/07/05_2026/07/10
中日ドラゴンズ,三浦 瑞樹,投手,0,0,0,0,0,0,0,0,0,0,0,0,0,0,2026/07/05_2026/07/10
中日ドラゴンズ,近藤 廉,投手,0,0,0,0,0,0,0,0,0,0,0,0,0,0,2026/07/05_2026/07/10
中日ドラゴンズ,松山 晋也,投手,0,1,3,14,3,0,0,2,0,0,0,0,0,0,2026/07/05_2026/07/10
中日ドラゴンズ,メヒア,投手,0,0,0,0,0,0,0,0,0,0,0,0,0,0,2026/07/05_2026/07/10
中日ドラゴンズ,マラー,投手,3,6,18,98,27,6,1,4,3,0,0,2,2,1.5,2026/07/05_2026/07/10
中日ドラゴンズ,井上 剣也,投手,0,0,0,0,0,0,0,0,0,0,0,0,0,0,2026/07/05_2026/07/10
中日ドラゴンズ,森 博人,投手,0,0,0,0,0,0,0,0,0,0,0,0,0,0,2026/07/05_2026/07/10
中日ドラゴンズ,土生 翔太,投手,0,0,0,0,0,0,0,0,0,0,0,0,0,0,2026/07/05_2026/07/10
中日ドラゴンズ,梅津 晃大,投手,0,0,0,0,0,0,0,0,0,0,0,0,0,0,2026/07/05_2026/07/10
中日ドラゴンズ,森山 暁生,投手,0,0,0,0,0,0,0,0,0,0,0,0,0,0,2026/07/05_2026/07/10
中日ドラゴンズ,マルティネス,投手,0,0,0,0,0,0,0,0,0,0,0,0,0,0,2026/07/05_2026/07/10
東京ヤクルトスワローズ,キハダ,投手,9,2,6,60,13,2,1,3,4,0,0,2,2,3,2026/07/05_2026/07/10
東京ヤクルトスワローズ,石山 泰稚,投手,0,0,0,0,0,0,0,0,0,0,0,0,0,0,2026/07/05_2026/07/10
東京ヤクルトスワローズ,中村 優斗,投手,0,0,0,0,0,0,0,0,0,0,0,0,0,0,2026/07/05_2026/07/10
東京ヤクルトスワローズ,清水 昇,投手,4.5,2,6,33,9,5,0,2,0,0,0,1,1,2.5,2026/07/05_2026/07/10
東京ヤクルトスワローズ,奥川 恭伸,投手,3.375,8,24,108,30,6,1,5,0,0,0,3,3,0.75,2026/07/05_2026/07/10
東京ヤクルトスワローズ,石川 雅規,投手,0,0,0,0,0,0,0,0,0,0,0,0,0,0,2026/07/05_2026/07/10
東京ヤクルトスワローズ,木澤 尚文,投手,0,0,0,0,0,0,0,0,0,0,0,0,0,0,2026/07/05_2026/07/10
東京ヤクルトスワローズ,吉村 貢司郎,投手,7.5,6,18,111,28,6,1,5,3,1,0,5,5,1.666666667,2026/07/05_2026/07/10
東京ヤクルトスワローズ,星 知弥,投手,5.4,1.2,5,36,9,1,0,0,3,0,0,1,1,2.4,2026/07/05_2026/07/10
東京ヤクルトスワローズ,山野 太一,投手,0,7,21,97,26,4,0,5,0,1,0,2,0,0.7142857143,2026/07/05_2026/07/10
東京ヤクルトスワローズ,松本 健吾,投手,0,0,0,0,0,0,0,0,0,0,0,0,0,0,2026/07/05_2026/07/10
東京ヤクルトスワローズ,小川 泰弘,投手,0,0,0,0,0,0,0,0,0,0,0,0,0,0,2026/07/05_2026/07/10
東京ヤクルトスワローズ,荘司 宏太,投手,0,0,0,0,0,0,0,0,0,0,0,0,0,0,2026/07/05_2026/07/10
東京ヤクルトスワローズ,山崎 太陽,投手,0,0,0,0,0,0,0,0,0,0,0,0,0,0,2026/07/05_2026/07/10
東京ヤクルトスワローズ,田口 麗斗,投手,0,0,0,0,0,0,0,0,0,0,0,0,0,0,2026/07/05_2026/07/10
東京ヤクルトスワローズ,石原 勇輝,投手,0,0,0,0,0,0,0,0,0,0,0,0,0,0,2026/07/05_2026/07/10
東京ヤクルトスワローズ,高梨 裕稔,投手,0,0,0,0,0,0,0,0,0,0,0,0,0,0,2026/07/05_2026/07/10
東京ヤクルトスワローズ,拓也,投手,0,0,0,0,0,0,0,0,0,0,0,0,0,0,2026/07/05_2026/07/10
東京ヤクルトスワローズ,増居 翔太,投手,0,0,0,0,0,0,0,0,0,0,0,0,0,0,2026/07/05_2026/07/10
東京ヤクルトスワローズ,大西 広樹,投手,0,0,0,0,0,0,0,0,0,0,0,0,0,0,2026/07/05_2026/07/10
東京ヤクルトスワローズ,小澤 怜史,投手,0,0,0,0,0,0,0,0,0,0,0,0,0,0,2026/07/05_2026/07/10
東京ヤクルトスワローズ,大道 温貴,投手,0,0,0,0,0,0,0,0,0,0,0,0,0,0,2026/07/05_2026/07/10
東京ヤクルトスワローズ,高橋 奎二,投手,1.285714286,7,21,99,24,4,0,10,0,0,0,1,1,0.5714285714,2026/07/05_2026/07/10
東京ヤクルトスワローズ,鈴木 蓮吾,投手,0,0,0,0,0,0,0,0,0,0,0,0,0,0,2026/07/05_2026/07/10
東京ヤクルトスワローズ,長谷川 宙輝,投手,0,0,0,0,0,0,0,0,0,0,0,0,0,0,2026/07/05_2026/07/10
東京ヤクルトスワローズ,坂本 拓己,投手,0,0,0,0,0,0,0,0,0,0,0,0,0,0,2026/07/05_2026/07/10
東京ヤクルトスワローズ,ウォルターズ,投手,0,7,21,101,24,0,0,7,1,1,0,0,0,0.2857142857,2026/07/05_2026/07/10
東京ヤクルトスワローズ,飯田 琉斗,投手,0,0,0,0,0,0,0,0,0,0,0,0,0,0,2026/07/05_2026/07/10
東京ヤクルトスワローズ,リランソ,投手,0,2,6,23,6,0,0,0,0,0,0,0,0,0,2026/07/05_2026/07/10
東京ヤクルトスワローズ,阪口 皓亮,投手,0,0,0,0,0,0,0,0,0,0,0,0,0,0,2026/07/05_2026/07/10
東京ヤクルトスワローズ,丸山 翔大,投手,0,1,3,18,5,2,0,1,0,0,0,0,0,2,2026/07/05_2026/07/10
東京ヤクルトスワローズ,下川 隼佑,投手,0,0,0,0,0,0,0,0,0,0,0,0,0,0,2026/07/05_2026/07/10
東京ヤクルトスワローズ,廣澤 優,投手,0,0,0,0,0,0,0,0,0,0,0,0,0,0,2026/07/05_2026/07/10
東京ヤクルトスワローズ,沼田 翔平,投手,0,0,0,0,0,0,0,0,0,0,0,0,0,0,2026/07/05_2026/07/10
東京ヤクルトスワローズ,青柳 晃洋,投手,0,0,0,0,0,0,0,0,0,0,0,0,0,0,2026/07/05_2026/07/10
東京ヤクルトスワローズ,竹山 日向,投手,0,0,0,0,0,0,0,0,0,0,0,0,0,0,2026/07/05_2026/07/10
東京ヤクルトスワローズ,西舘 昂汰,投手,0,0,0,0,0,0,0,0,0,0,0,0,0,0,2026/07/05_2026/07/10
東京ヤクルトスワローズ,小宮 悠瞳,投手,0,0,0,0,0,0,0,0,0,0,0,0,0,0,2026/07/05_2026/07/10
東京ヤクルトスワローズ,西濱 勇星,投手,0,0,0,0,0,0,0,0,0,0,0,0,0,0,2026/07/05_2026/07/10
東京ヤクルトスワローズ,翔聖,投手,0,0,0,0,0,0,0,0,0,0,0,0,0,0,2026/07/05_2026/07/10
東京ヤクルトスワローズ,佐藤 琢磨,投手,0,0,0,0,0,0,0,0,0,0,0,0,0,0,2026/07/05_2026/07/10
福岡ソフトバンクホークス,スチュワート・ジュニア,投手,0,0,0,0,0,0,0,0,0,0,0,0,0,0,2026/07/05_2026/07/10
福岡ソフトバンクホークス,上沢 直之,投手,3,6,18,105,23,5,0,9,0,0,0,2,2,0.8333333333,2026/07/05_2026/07/10
福岡ソフトバンクホークス,津森 宥紀,投手,0,2,6,39,7,1,0,2,0,0,0,0,0,0.5,2026/07/05_2026/07/10
福岡ソフトバンクホークス,稲川 竜汰,投手,0,0,0,0,0,0,0,0,0,0,0,0,0,0,2026/07/05_2026/07/10
福岡ソフトバンクホークス,東浜 巨,投手,0,0,0,0,0,0,0,0,0,0,0,0,0,0,2026/07/05_2026/07/10
福岡ソフトバンクホークス,徐 若熙,投手,0,0,0,0,0,0,0,0,0,0,0,0,0,0,2026/07/05_2026/07/10
福岡ソフトバンクホークス,大津 亮介,投手,3.857142857,7,21,106,28,8,3,2,0,0,0,3,3,1.142857143,2026/07/05_2026/07/10
福岡ソフトバンクホークス,村上 泰斗,投手,0,0,0,0,0,0,0,0,0,0,0,0,0,0,2026/07/05_2026/07/10
福岡ソフトバンクホークス,藤原 大翔,投手,0,0,0,0,0,0,0,0,0,0,0,0,0,0,2026/07/05_2026/07/10
福岡ソフトバンクホークス,鈴木 豪太,投手,0,2,6,30,8,2,0,0,0,0,0,0,0,1,2026/07/05_2026/07/10
福岡ソフトバンクホークス,岩井 俊介,投手,0,0,0,0,0,0,0,0,0,0,0,0,0,0,2026/07/05_2026/07/10
福岡ソフトバンクホークス,安德 駿,投手,0,0,0,0,0,0,0,0,0,0,0,0,0,0,2026/07/05_2026/07/10
福岡ソフトバンクホークス,大江 竜聖,投手,0,0,0,0,0,0,0,0,0,0,0,0,0,0,2026/07/05_2026/07/10
福岡ソフトバンクホークス,中村 稔弥,投手,0,0,0,0,0,0,0,0,0,0,0,0,0,0,2026/07/05_2026/07/10
福岡ソフトバンクホークス,アルメンタ,投手,0,0,0,0,0,0,0,0,0,0,0,0,0,0,2026/07/05_2026/07/10
福岡ソフトバンクホークス,モイネロ,投手,0,0,0,0,0,0,0,0,0,0,0,0,0,0,2026/07/05_2026/07/10
福岡ソフトバンクホークス,杉山 一樹,投手,6.75,1.1,4,39,10,2,0,1,3,0,0,1,1,3.75,2026/07/05_2026/07/10
福岡ソフトバンクホークス,前田 悠伍,投手,1.285714286,7,21,108,30,8,1,4,1,0,0,1,1,1.285714286,2026/07/05_2026/07/10
福岡ソフトバンクホークス,伊藤 優輔,投手,0,0,0,0,0,0,0,0,0,0,0,0,0,0,2026/07/05_2026/07/10
福岡ソフトバンクホークス,大関 友久,投手,0,0,0,0,0,0,0,0,0,0,0,0,0,0,2026/07/05_2026/07/10
福岡ソフトバンクホークス,藤井 皓哉,投手,0,0,0,0,0,0,0,0,0,0,0,0,0,0,2026/07/05_2026/07/10
福岡ソフトバンクホークス,松本 晴,投手,3.6,5,15,92,19,4,0,5,2,0,0,2,2,1.2,2026/07/05_2026/07/10
福岡ソフトバンクホークス,相良 雅斗,投手,0,0,0,0,0,0,0,0,0,0,0,0,0,0,2026/07/05_2026/07/10
福岡ソフトバンクホークス,前田 純,投手,0,0,0,0,0,0,0,0,0,0,0,0,0,0,2026/07/05_2026/07/10
福岡ソフトバンクホークス,大山 凌,投手,0,0,0,0,0,0,0,0,0,0,0,0,0,0,2026/07/05_2026/07/10
福岡ソフトバンクホークス,木村 大成,投手,0,0,0,0,0,0,0,0,0,0,0,0,0,0,2026/07/05_2026/07/10
福岡ソフトバンクホークス,大竹 風雅,投手,0,0,0,0,0,0,0,0,0,0,0,0,0,0,2026/07/05_2026/07/10
福岡ソフトバンクホークス,大野 稼頭央,投手,0,0,0,0,0,0,0,0,0,0,0,0,0,0,2026/07/05_2026/07/10
福岡ソフトバンクホークス,ヘルナンデス,投手,0,0,0,0,0,0,0,0,0,0,0,0,0,0,2026/07/05_2026/07/10
福岡ソフトバンクホークス,上茶谷 大河,投手,0,0,0,0,0,0,0,0,0,0,0,0,0,0,2026/07/05_2026/07/10
福岡ソフトバンクホークス,松本 裕樹,投手,9,3,9,53,15,4,1,1,2,0,0,3,3,2,2026/07/05_2026/07/10
福岡ソフトバンクホークス,木村 光,投手,0,0,0,0,0,0,0,0,0,0,0,0,0,0,2026/07/05_2026/07/10
福岡ソフトバンクホークス,岩崎 峻典,投手,0,0,0,0,0,0,0,0,0,0,0,0,0,0,2026/07/05_2026/07/10
福岡ソフトバンクホークス,長谷川 威展,投手,0,0,0,0,0,0,0,0,0,0,0,0,0,0,2026/07/05_2026/07/10
福岡ソフトバンクホークス,宮里 優吾,投手,0,0,0,0,0,0,0,0,0,0,0,0,0,0,2026/07/05_2026/07/10
福岡ソフトバンクホークス,河野 伸一朗,投手,0,0,0,0,0,0,0,0,0,0,0,0,0,0,2026/07/05_2026/07/10
福岡ソフトバンクホークス,川口 冬弥,投手,0,0,0,0,0,0,0,0,0,0,0,0,0,0,2026/07/05_2026/07/10
福岡ソフトバンクホークス,村田 賢一,投手,0,0,0,0,0,0,0,0,0,0,0,0,0,0,2026/07/05_2026/07/10
福岡ソフトバンクホークス,津嘉山 憲志郎,投手,0,0,0,0,0,0,0,0,0,0,0,0,0,0,2026/07/05_2026/07/10
福岡ソフトバンクホークス,相原 雄太,投手,0,0,0,0,0,0,0,0,0,0,0,0,0,0,2026/07/05_2026/07/10
福岡ソフトバンクホークス,井﨑 燦志郎,投手,0,0,0,0,0,0,0,0,0,0,0,0,0,0,2026/07/05_2026/07/10
福岡ソフトバンクホークス,岡田 皓一朗,投手,0,0,0,0,0,0,0,0,0,0,0,0,0,0,2026/07/05_2026/07/10
福岡ソフトバンクホークス,澤柳 亮太郎,投手,0,0,0,0,0,0,0,0,0,0,0,0,0,0,2026/07/05_2026/07/10
福岡ソフトバンクホークス,ハモンド,投手,0,0,0,0,0,0,0,0,0,0,0,0,0,0,2026/07/05_2026/07/10
福岡ソフトバンクホークス,大矢 琉晟,投手,0,0,0,0,0,0,0,0,0,0,0,0,0,0,2026/07/05_2026/07/10
福岡ソフトバンクホークス,山崎 琢磨,投手,0,0,0,0,0,0,0,0,0,0,0,0,0,0,2026/07/05_2026/07/10
福岡ソフトバンクホークス,熊谷 太雅,投手,0,0,0,0,0,0,0,0,0,0,0,0,0,0,2026/07/05_2026/07/10
福岡ソフトバンクホークス,塩士 暖,投手,0,0,0,0,0,0,0,0,0,0,0,0,0,0,2026/07/05_2026/07/10
福岡ソフトバンクホークス,張 峻ウェイ,投手,0,0,0,0,0,0,0,0,0,0,0,0,0,0,2026/07/05_2026/07/10
福岡ソフトバンクホークス,長﨑 蓮汰,投手,0,0,0,0,0,0,0,0,0,0,0,0,0,0,2026/07/05_2026/07/10
福岡ソフトバンクホークス,田上 奏大,投手,0,0,0,0,0,0,0,0,0,0,0,0,0,0,2026/07/05_2026/07/10
福岡ソフトバンクホークス,長水 啓眞,投手,0,0,0,0,0,0,0,0,0,0,0,0,0,0,2026/07/05_2026/07/10
福岡ソフトバンクホークス,内野 海斗,投手,0,0,0,0,0,0,0,0,0,0,0,0,0,0,2026/07/05_2026/07/10
福岡ソフトバンクホークス,岡植 純平,投手,0,0,0,0,0,0,0,0,0,0,0,0,0,0,2026/07/05_2026/07/10
福岡ソフトバンクホークス,佐々木 明都,投手,0,0,0,0,0,0,0,0,0,0,0,0,0,0,2026/07/05_2026/07/10
福岡ソフトバンクホークス,北斗,投手,0,0,0,0,0,0,0,0,0,0,0,0,0,0,2026/07/05_2026/07/10
福岡ソフトバンクホークス,小林 樹斗,投手,0,0,0,0,0,0,0,0,0,0,0,0,0,0,2026/07/05_2026/07/10
福岡ソフトバンクホークス,飛田 悠成,投手,0,0,0,0,0,0,0,0,0,0,0,0,0,0,2026/07/05_2026/07/10
福岡ソフトバンクホークス,サルディ,投手,0,0,0,0,0,0,0,0,0,0,0,0,0,0,2026/07/05_2026/07/10
北海道日本ハムファイターズ,矢澤 宏太,投手,0,0,0,0,0,0,0,0,0,0,0,0,0,0,2026/07/05_2026/07/10
北海道日本ハムファイターズ,生田目 翼,投手,0,0,0,0,0,0,0,0,0,0,0,0,0,0,2026/07/05_2026/07/10
北海道日本ハムファイターズ,加藤 貴之,投手,3.375,5.1,16,77,24,9,0,1,0,0,0,2,2,1.6875,2026/07/05_2026/07/10
北海道日本ハムファイターズ,北山 亘基,投手,9,3,9,60,17,3,2,3,1,1,0,8,3,1.666666667,2026/07/05_2026/07/10
北海道日本ハムファイターズ,達 孝太,投手,0,3,9,52,13,2,0,3,2,0,0,0,0,1.333333333,2026/07/05_2026/07/10
北海道日本ハムファイターズ,伊藤 大海,投手,1.285714286,7,21,103,27,5,1,7,3,0,0,1,1,1.142857143,2026/07/05_2026/07/10
北海道日本ハムファイターズ,山﨑 福也,投手,0,0,0,0,0,0,0,0,0,0,0,0,0,0,2026/07/05_2026/07/10
北海道日本ハムファイターズ,玉井 大翔,投手,0,0,0,0,0,0,0,0,0,0,0,0,0,0,2026/07/05_2026/07/10
北海道日本ハムファイターズ,上原 健太,投手,0,2.2,8,42,8,0,0,3,1,0,0,0,0,0.375,2026/07/05_2026/07/10
北海道日本ハムファイターズ,杉浦 稔大,投手,0,0,0,0,0,0,0,0,0,0,0,0,0,0,2026/07/05_2026/07/10
北海道日本ハムファイターズ,金村 尚真,投手,4.5,4,12,53,16,4,1,4,0,0,0,2,2,1,2026/07/05_2026/07/10
北海道日本ハムファイターズ,宮西 尚生,投手,0,0,0,0,0,0,0,0,0,0,0,0,0,0,2026/07/05_2026/07/10
北海道日本ハムファイターズ,田中 正義,投手,0,3,9,65,12,1,0,3,2,0,0,0,0,1,2026/07/05_2026/07/10
北海道日本ハムファイターズ,大川 慈英,投手,0,0,0,0,0,0,0,0,0,0,0,0,0,0,2026/07/05_2026/07/10
北海道日本ハムファイターズ,河野 竜生,投手,0,0,0,0,0,0,0,0,0,0,0,0,0,0,2026/07/05_2026/07/10
北海道日本ハムファイターズ,細野 晴希,投手,0,0,0,0,0,0,0,0,0,0,0,0,0,0,2026/07/05_2026/07/10
北海道日本ハムファイターズ,ラオ,投手,0,0,0,0,0,0,0,0,0,0,0,0,0,0,2026/07/05_2026/07/10
北海道日本ハムファイターズ,柴田 獅子,投手,0,0,0,0,0,0,0,0,0,0,0,0,0,0,2026/07/05_2026/07/10
北海道日本ハムファイターズ,藤田 琉生,投手,0,0,0,0,0,0,0,0,0,0,0,0,0,0,2026/07/05_2026/07/10
北海道日本ハムファイターズ,堀 瑞輝,投手,0,0,0,0,0,0,0,0,0,0,0,0,0,0,2026/07/05_2026/07/10
北海道日本ハムファイターズ,浅利 太門,投手,0,0,0,0,0,0,0,0,0,0,0,0,0,0,2026/07/05_2026/07/10
北海道日本ハムファイターズ,古林 睿煬,投手,0,0,0,0,0,0,0,0,0,0,0,0,0,0,2026/07/05_2026/07/10
北海道日本ハムファイターズ,島本 浩也,投手,0,2,6,36,9,2,0,1,0,0,0,1,0,1,2026/07/05_2026/07/10
北海道日本ハムファイターズ,福谷 浩司,投手,0,0,0,0,0,0,0,0,0,0,0,0,0,0,2026/07/05_2026/07/10
北海道日本ハムファイターズ,福島 蓮,投手,13.5,2,6,45,13,4,0,3,2,1,0,3,3,3.5,2026/07/05_2026/07/10
北海道日本ハムファイターズ,畔柳 亨丞,投手,0,0,0,0,0,0,0,0,0,0,0,0,0,0,2026/07/05_2026/07/10
北海道日本ハムファイターズ,柳川 大晟,投手,0,2,6,30,6,0,0,2,1,0,0,0,0,0.5,2026/07/05_2026/07/10
北海道日本ハムファイターズ,齋藤 友貴哉,投手,0,1,3,11,3,0,0,1,0,0,0,0,0,0,2026/07/05_2026/07/10
北海道日本ハムファイターズ,池田 隆英,投手,0,0,0,0,0,0,0,0,0,0,0,0,0,0,2026/07/05_2026/07/10
北海道日本ハムファイターズ,菊地 大稀,投手,0,0,0,0,0,0,0,0,0,0,0,0,0,0,2026/07/05_2026/07/10
北海道日本ハムファイターズ,清水 大暉,投手,0,0,0,0,0,0,0,0,0,0,0,0,0,0,2026/07/05_2026/07/10
北海道日本ハムファイターズ,山城 航太郎,投手,0,0,0,0,0,0,0,0,0,0,0,0,0,0,2026/07/05_2026/07/10
北海道日本ハムファイターズ,山本 拓実,投手,0,0,0,0,0,0,0,0,0,0,0,0,0,0,2026/07/05_2026/07/10
北海道日本ハムファイターズ,有原 航平,投手,0,0,0,0,0,0,0,0,0,0,0,0,0,0,2026/07/05_2026/07/10
北海道日本ハムファイターズ,孫 易磊,投手,0,0,0,0,0,0,0,0,0,0,0,0,0,0,2026/07/05_2026/07/10
北海道日本ハムファイターズ,マルティネス,投手,0,0,0,0,0,0,0,0,0,0,0,0,0,0,2026/07/05_2026/07/10
北海道日本ハムファイターズ,加藤 大和,投手,0,0,0,0,0,0,0,0,0,0,0,0,0,0,2026/07/05_2026/07/10
北海道日本ハムファイターズ,松本 遼大,投手,0,0,0,0,0,0,0,0,0,0,0,0,0,0,2026/07/05_2026/07/10
北海道日本ハムファイターズ,清宮 虎多朗,投手,0,0,0,0,0,0,0,0,0,0,0,0,0,0,2026/07/05_2026/07/10
北海道日本ハムファイターズ,松岡 洸希,投手,0,0,0,0,0,0,0,0,0,0,0,0,0,0,2026/07/05_2026/07/10
北海道日本ハムファイターズ,宮内 春輝,投手,0,0,0,0,0,0,0,0,0,0,0,0,0,0,2026/07/05_2026/07/10
北海道日本ハムファイターズ,川勝 空人,投手,0,0,0,0,0,0,0,0,0,0,0,0,0,0,2026/07/05_2026/07/10
北海道日本ハムファイターズ,澁谷 純希,投手,0,0,0,0,0,0,0,0,0,0,0,0,0,0,2026/07/05_2026/07/10
北海道日本ハムファイターズ,横山 永遠,投手,0,0,0,0,0,0,0,0,0,0,0,0,0,0,2026/07/05_2026/07/10
北海道日本ハムファイターズ,福田 俊,投手,0,0,0,0,0,0,0,0,0,0,0,0,0,0,2026/07/05_2026/07/10
北海道日本ハムファイターズ,安西 叶翔,投手,0,0,0,0,0,0,0,0,0,0,0,0,0,0,2026/07/05_2026/07/10
北海道日本ハムファイターズ,根本 悠楓,投手,0,0,0,0,0,0,0,0,0,0,0,0,0,0,2026/07/05_2026/07/10
オリックス・バファローズ,エスピノーザ,投手,1.285714286,7,21,85,26,5,0,2,0,0,0,1,1,0.7142857143,2026/07/05_2026/07/10
オリックス・バファローズ,山下 舜平大,投手,0,0,0,0,0,0,0,0,0,0,0,0,0,0,2026/07/05_2026/07/10
オリックス・バファローズ,東 晃平,投手,0,0,0,0,0,0,0,0,0,0,0,0,0,0,2026/07/05_2026/07/10
オリックス・バファローズ,寺西 成騎,投手,0,0,0,0,0,0,0,0,0,0,0,0,0,0,2026/07/05_2026/07/10
オリックス・バファローズ,椋木 蓮,投手,0,2,6,21,6,0,0,1,0,0,0,0,0,0,2026/07/05_2026/07/10
オリックス・バファローズ,平野 佳寿,投手,0,0,0,0,0,0,0,0,0,0,0,0,0,0,2026/07/05_2026/07/10
オリックス・バファローズ,曽谷 龍平,投手,0,0,0,0,0,0,0,0,0,0,0,0,0,0,2026/07/05_2026/07/10
オリックス・バファローズ,宮城 大弥,投手,0,0,0,0,0,0,0,0,0,0,0,0,0,0,2026/07/05_2026/07/10
オリックス・バファローズ,山岡 泰輔,投手,0,0,0,0,0,0,0,0,0,0,0,0,0,0,2026/07/05_2026/07/10
オリックス・バファローズ,阿部 翔太,投手,0,0,0,0,0,0,0,0,0,0,0,0,0,0,2026/07/05_2026/07/10
オリックス・バファローズ,山﨑 颯一郎,投手,0,1,3,17,4,0,0,1,1,0,0,0,0,1,2026/07/05_2026/07/10
オリックス・バファローズ,九里 亜蓮,投手,2.571428571,7,21,111,29,7,0,6,4,0,0,2,2,1.571428571,2026/07/05_2026/07/10
オリックス・バファローズ,吉田 輝星,投手,0,0,0,0,0,0,0,0,0,0,0,0,0,0,2026/07/05_2026/07/10
オリックス・バファローズ,齋藤 響介,投手,0,0,0,0,0,0,0,0,0,0,0,0,0,0,2026/07/05_2026/07/10
オリックス・バファローズ,富山 凌雅,投手,0,0,0,0,0,0,0,0,0,0,0,0,0,0,2026/07/05_2026/07/10
オリックス・バファローズ,田嶋 大樹,投手,20.25,1.1,4,39,11,5,0,1,1,1,0,3,3,5.25,2026/07/05_2026/07/10
オリックス・バファローズ,藤川 敦也,投手,0,0,0,0,0,0,0,0,0,0,0,0,0,0,2026/07/05_2026/07/10
オリックス・バファローズ,古田島 成龍,投手,0,0,0,0,0,0,0,0,0,0,0,0,0,0,2026/07/05_2026/07/10
オリックス・バファローズ,森 陽樹,投手,0,0,0,0,0,0,0,0,0,0,0,0,0,0,2026/07/05_2026/07/10
オリックス・バファローズ,岩嵜 翔,投手,108,0.1,1,25,5,2,0,0,1,1,0,4,4,12,2026/07/05_2026/07/10
オリックス・バファローズ,佐藤 龍月,投手,0,0,0,0,0,0,0,0,0,0,0,0,0,0,2026/07/05_2026/07/10
オリックス・バファローズ,マチャド,投手,0,2,6,25,6,0,0,1,0,0,0,0,0,0,2026/07/05_2026/07/10
オリックス・バファローズ,髙谷 舟,投手,0,0,0,0,0,0,0,0,0,0,0,0,0,0,2026/07/05_2026/07/10
オリックス・バファローズ,山口 廉王,投手,0,0,0,0,0,0,0,0,0,0,0,0,0,0,2026/07/05_2026/07/10
オリックス・バファローズ,東松 快征,投手,0,0,0,0,0,0,0,0,0,0,0,0,0,0,2026/07/05_2026/07/10
オリックス・バファローズ,片山 楽生,投手,0,0,0,0,0,0,0,0,0,0,0,0,0,0,2026/07/05_2026/07/10
オリックス・バファローズ,横山 楓,投手,0,0,0,0,0,0,0,0,0,0,0,0,0,0,2026/07/05_2026/07/10
オリックス・バファローズ,山田 修義,投手,0,0,0,0,0,0,0,0,0,0,0,0,0,0,2026/07/05_2026/07/10
オリックス・バファローズ,ペルドモ,投手,0,0,0,0,0,0,0,0,0,0,0,0,0,0,2026/07/05_2026/07/10
オリックス・バファローズ,宮國 凌空,投手,0,1,3,16,4,0,0,1,1,0,0,0,0,1,2026/07/05_2026/07/10
オリックス・バファローズ,博志,投手,0,5.1,16,58,16,3,0,1,1,0,0,0,0,0.75,2026/07/05_2026/07/10
オリックス・バファローズ,入山 海斗,投手,0,0,0,0,0,0,0,0,0,0,0,0,0,0,2026/07/05_2026/07/10
オリックス・バファローズ,ジェリー,投手,13.5,2,6,59,13,4,0,0,3,1,0,3,3,4,2026/07/05_2026/07/10
オリックス・バファローズ,佐藤 一磨,投手,0,0,0,0,0,0,0,0,0,0,0,0,0,0,2026/07/05_2026/07/10
オリックス・バファローズ,川瀬 堅斗,投手,4.5,2,6,35,9,3,0,0,1,0,0,1,1,2,2026/07/05_2026/07/10
オリックス・バファローズ,才木 海翔,投手,0,1.1,4,15,6,1,0,0,1,0,0,0,0,1.5,2026/07/05_2026/07/10
オリックス・バファローズ,髙島 泰都,投手,0,0,0,0,0,0,0,0,0,0,0,0,0,0,2026/07/05_2026/07/10
オリックス・バファローズ,権田 琉成,投手,7.363636364,3.2,11,50,17,5,1,2,1,0,0,3,3,1.636363636,2026/07/05_2026/07/10
オリックス・バファローズ,マシュー,投手,0,0,0,0,0,0,0,0,0,0,0,0,0,0,2026/07/05_2026/07/10
オリックス・バファローズ,渡邉 一生,投手,0,0,0,0,0,0,0,0,0,0,0,0,0,0,2026/07/05_2026/07/10
オリックス・バファローズ,陳 睦衡,投手,0,0,0,0,0,0,0,0,0,0,0,0,0,0,2026/07/05_2026/07/10
オリックス・バファローズ,寿賀 弘都,投手,0,0,0,0,0,0,0,0,0,0,0,0,0,0,2026/07/05_2026/07/10
オリックス・バファローズ,芦田 丈飛,投手,0,0,0,0,0,0,0,0,0,0,0,0,0,0,2026/07/05_2026/07/10
オリックス・バファローズ,上原 堆我,投手,0,0,0,0,0,0,0,0,0,0,0,0,0,0,2026/07/05_2026/07/10
オリックス・バファローズ,乾 健斗,投手,0,0,0,0,0,0,0,0,0,0,0,0,0,0,2026/07/05_2026/07/10
オリックス・バファローズ,小木田 敦也,投手,0,0,0,0,0,0,0,0,0,0,0,0,0,0,2026/07/05_2026/07/10
オリックス・バファローズ,宇田川 優希,投手,0,0,0,0,0,0,0,0,0,0,0,0,0,0,2026/07/05_2026/07/10
オリックス・バファローズ,本田 仁海,投手,0,0,0,0,0,0,0,0,0,0,0,0,0,0,2026/07/05_2026/07/10
オリックス・バファローズ,前 佑囲斗,投手,0,0,0,0,0,0,0,0,0,0,0,0,0,0,2026/07/05_2026/07/10
オリックス・バファローズ,東山 玲士,投手,0,0,0,0,0,0,0,0,0,0,0,0,0,0,2026/07/05_2026/07/10
オリックス・バファローズ,河内 康介,投手,0,0,0,0,0,0,0,0,0,0,0,0,0,0,2026/07/05_2026/07/10
埼玉西武ライオンズ,上田 大河,投手,0,0,0,0,0,0,0,0,0,0,0,0,0,0,2026/07/05_2026/07/10
埼玉西武ライオンズ,渡邉 勇太朗,投手,2.571428571,7,21,112,30,7,0,8,2,0,0,2,2,1.285714286,2026/07/05_2026/07/10
埼玉西武ライオンズ,髙橋 光成,投手,0,0,0,0,0,0,0,0,0,0,0,0,0,0,2026/07/05_2026/07/10
埼玉西武ライオンズ,與座 海人,投手,0,0,0,0,0,0,0,0,0,0,0,0,0,0,2026/07/05_2026/07/10
埼玉西武ライオンズ,隅田 知一郎,投手,4.5,6,18,90,23,5,1,4,0,0,0,3,3,0.8333333333,2026/07/05_2026/07/10
埼玉西武ライオンズ,松本 航,投手,0,0,0,0,0,0,0,0,0,0,0,0,0,0,2026/07/05_2026/07/10
埼玉西武ライオンズ,佐藤 隼輔,投手,0,0,0,0,0,0,0,0,0,0,0,0,0,0,2026/07/05_2026/07/10
埼玉西武ライオンズ,岩城 颯空,投手,0,0,0,0,0,0,0,0,0,0,0,0,0,0,2026/07/05_2026/07/10
埼玉西武ライオンズ,武内 夏暉,投手,1.285714286,7,21,104,26,4,0,8,1,0,0,1,1,0.7142857143,2026/07/05_2026/07/10
埼玉西武ライオンズ,糸川 亮太,投手,0,0,0,0,0,0,0,0,0,0,0,0,0,0,2026/07/05_2026/07/10
埼玉西武ライオンズ,青山 美夏人,投手,0,0,0,0,0,0,0,0,0,0,0,0,0,0,2026/07/05_2026/07/10
埼玉西武ライオンズ,ワイナンス,投手,0,0,0,0,0,0,0,0,0,0,0,0,0,0,2026/07/05_2026/07/10
埼玉西武ライオンズ,甲斐野 央,投手,0,2,6,22,6,0,0,4,0,0,0,0,0,0,2026/07/05_2026/07/10
埼玉西武ライオンズ,山田 陽翔,投手,0,0,0,0,0,0,0,0,0,0,0,0,0,0,2026/07/05_2026/07/10
埼玉西武ライオンズ,堀越 啓太,投手,0,0,0,0,0,0,0,0,0,0,0,0,0,0,2026/07/05_2026/07/10
埼玉西武ライオンズ,成田 晴風,投手,0,0,0,0,0,0,0,0,0,0,0,0,0,0,2026/07/05_2026/07/10
埼玉西武ライオンズ,ボー・タカハシ,投手,0,0,0,0,0,0,0,0,0,0,0,0,0,0,2026/07/05_2026/07/10
埼玉西武ライオンズ,羽田 慎之介,投手,0,0,0,0,0,0,0,0,0,0,0,0,0,0,2026/07/05_2026/07/10
埼玉西武ライオンズ,ウィンゲンター,投手,0,2,6,37,9,2,0,1,2,0,0,0,0,2,2026/07/05_2026/07/10
埼玉西武ライオンズ,狩生 聖真,投手,0,0,0,0,0,0,0,0,0,0,0,0,0,0,2026/07/05_2026/07/10
埼玉西武ライオンズ,杉山 遙希,投手,0,0,0,0,0,0,0,0,0,0,0,0,0,0,2026/07/05_2026/07/10
埼玉西武ライオンズ,篠原 響,投手,16.2,1.2,5,50,13,4,0,1,4,0,0,3,3,4.8,2026/07/05_2026/07/10
埼玉西武ライオンズ,黒木 優太,投手,0,0,0,0,0,0,0,0,0,0,0,0,0,0,2026/07/05_2026/07/10
埼玉西武ライオンズ,Ｅ．ラミレス,投手,0,0,0,0,0,0,0,0,0,0,0,0,0,0,2026/07/05_2026/07/10
埼玉西武ライオンズ,黒田 将矢,投手,9,1,3,27,6,2,0,1,1,0,0,1,1,3,2026/07/05_2026/07/10
埼玉西武ライオンズ,中村 祐太,投手,0,1,3,11,3,0,0,2,0,0,0,0,0,0,2026/07/05_2026/07/10
埼玉西武ライオンズ,平良 海馬,投手,0,5,15,102,20,4,0,7,3,0,0,0,0,1.4,2026/07/05_2026/07/10
埼玉西武ライオンズ,冨士 大和,投手,0,0,0,0,0,0,0,0,0,0,0,0,0,0,2026/07/05_2026/07/10
埼玉西武ライオンズ,豆田 泰志,投手,0,2,6,23,7,0,0,3,0,0,0,0,0,0,2026/07/05_2026/07/10
埼玉西武ライオンズ,菅井 信也,投手,0,0,0,0,0,0,0,0,0,0,0,0,0,0,2026/07/05_2026/07/10
埼玉西武ライオンズ,佐藤 爽,投手,0,0,0,0,0,0,0,0,0,0,0,0,0,0,2026/07/05_2026/07/10
埼玉西武ライオンズ,浜屋 将太,投手,0,0,0,0,0,0,0,0,0,0,0,0,0,0,2026/07/05_2026/07/10
埼玉西武ライオンズ,上間 永遠,投手,0,0,0,0,0,0,0,0,0,0,0,0,0,0,2026/07/05_2026/07/10
埼玉西武ライオンズ,佐々木 健,投手,0,0,0,0,0,0,0,0,0,0,0,0,0,0,2026/07/05_2026/07/10
埼玉西武ライオンズ,宮澤 太成,投手,0,0,0,0,0,0,0,0,0,0,0,0,0,0,2026/07/05_2026/07/10
埼玉西武ライオンズ,斎藤 佳紳,投手,0,0,0,0,0,0,0,0,0,0,0,0,0,0,2026/07/05_2026/07/10
埼玉西武ライオンズ,三浦 大輝,投手,0,0,0,0,0,0,0,0,0,0,0,0,0,0,2026/07/05_2026/07/10
埼玉西武ライオンズ,濱岡 蒼太,投手,0,0,0,0,0,0,0,0,0,0,0,0,0,0,2026/07/05_2026/07/10
埼玉西武ライオンズ,シンクレア,投手,0,0,0,0,0,0,0,0,0,0,0,0,0,0,2026/07/05_2026/07/10
埼玉西武ライオンズ,森脇 亮介,投手,0,1.1,4,16,4,0,0,1,0,0,0,0,0,0,2026/07/05_2026/07/10
埼玉西武ライオンズ,平口 寛人,投手,0,0,0,0,0,0,0,0,0,0,0,0,0,0,2026/07/05_2026/07/10
埼玉西武ライオンズ,川下 将勲,投手,0,0,0,0,0,0,0,0,0,0,0,0,0,0,2026/07/05_2026/07/10
埼玉西武ライオンズ,木瀬 翔太,投手,0,0,0,0,0,0,0,0,0,0,0,0,0,0,2026/07/05_2026/07/10
埼玉西武ライオンズ,正木 悠馬,投手,0,0,0,0,0,0,0,0,0,0,0,0,0,0,2026/07/05_2026/07/10
埼玉西武ライオンズ,高橋 礼,投手,0,0,0,0,0,0,0,0,0,0,0,0,0,0,2026/07/05_2026/07/10
埼玉西武ライオンズ,ムサ,投手,0,0,0,0,0,0,0,0,0,0,0,0,0,0,2026/07/05_2026/07/10
埼玉西武ライオンズ,フレッド,投手,0,0,0,0,0,0,0,0,0,0,0,0,0,0,2026/07/05_2026/07/10
埼玉西武ライオンズ,ゴンザレス,投手,0,0,0,0,0,0,0,0,0,0,0,0,0,0,2026/07/05_2026/07/10
埼玉西武ライオンズ,オリバー,投手,0,0,0,0,0,0,0,0,0,0,0,0,0,0,2026/07/05_2026/07/10
東北楽天ゴールデンイーグルス,岸 孝之,投手,0,6,18,89,23,4,0,7,1,0,0,1,0,0.8333333333,2026/07/05_2026/07/10
東北楽天ゴールデンイーグルス,藤原 聡大,投手,0,0,0,0,0,0,0,0,0,0,0,0,0,0,2026/07/05_2026/07/10
東北楽天ゴールデンイーグルス,コントレラス,投手,9,4,12,73,19,6,2,1,1,1,0,4,4,2,2026/07/05_2026/07/10
東北楽天ゴールデンイーグルス,古謝 樹,投手,0,0,0,0,0,0,0,0,0,0,0,0,0,0,2026/07/05_2026/07/10
東北楽天ゴールデンイーグルス,前田 健太,投手,0,0,0,0,0,0,0,0,0,0,0,0,0,0,2026/07/05_2026/07/10
東北楽天ゴールデンイーグルス,荘司 康誠,投手,7.2,5,15,107,24,6,1,7,4,0,0,4,4,2,2026/07/05_2026/07/10
東北楽天ゴールデンイーグルス,伊藤 樹,投手,0,0,0,0,0,0,0,0,0,0,0,0,0,0,2026/07/05_2026/07/10
東北楽天ゴールデンイーグルス,早川 隆久,投手,4.5,6,18,110,28,6,0,4,3,1,0,3,3,1.666666667,2026/07/05_2026/07/10
東北楽天ゴールデンイーグルス,ウレーニャ,投手,0,0,0,0,0,0,0,0,0,0,0,0,0,0,2026/07/05_2026/07/10
東北楽天ゴールデンイーグルス,中込 陽翔,投手,18,1,3,15,7,3,0,0,0,1,0,2,2,4,2026/07/05_2026/07/10
東北楽天ゴールデンイーグルス,酒居 知史,投手,0,0,0,0,0,0,0,0,0,0,0,0,0,0,2026/07/05_2026/07/10
東北楽天ゴールデンイーグルス,田中 千晴,投手,0,2,6,30,10,3,0,0,1,0,0,0,0,2,2026/07/05_2026/07/10
東北楽天ゴールデンイーグルス,渡辺 翔太,投手,0,0,0,0,0,0,0,0,0,0,0,0,0,0,2026/07/05_2026/07/10
東北楽天ゴールデンイーグルス,江原 雅裕,投手,0,0,0,0,0,0,0,0,0,0,0,0,0,0,2026/07/05_2026/07/10
東北楽天ゴールデンイーグルス,加治屋 蓮,投手,9,1,3,19,5,1,0,1,0,1,0,1,1,2,2026/07/05_2026/07/10
東北楽天ゴールデンイーグルス,宋 家豪,投手,0,0,0,0,0,0,0,0,0,0,0,0,0,0,2026/07/05_2026/07/10
東北楽天ゴールデンイーグルス,九谷 瑠,投手,0,3,9,50,12,0,0,5,3,0,0,0,0,1,2026/07/05_2026/07/10
東北楽天ゴールデンイーグルス,藤平 尚真,投手,0,2,6,16,7,1,0,0,0,0,0,0,0,0.5,2026/07/05_2026/07/10
東北楽天ゴールデンイーグルス,藤井 聖,投手,0,0,0,0,0,0,0,0,0,0,0,0,0,0,2026/07/05_2026/07/10
東北楽天ゴールデンイーグルス,西垣 雅矢,投手,9,1,3,19,5,2,0,2,0,0,0,1,1,2,2026/07/05_2026/07/10
東北楽天ゴールデンイーグルス,津留﨑 大成,投手,0,0,0,0,0,0,0,0,0,0,0,0,0,0,2026/07/05_2026/07/10
東北楽天ゴールデンイーグルス,坂井 陽翔,投手,0,0,0,0,0,0,0,0,0,0,0,0,0,0,2026/07/05_2026/07/10
東北楽天ゴールデンイーグルス,日當 直喜,投手,0,1,3,12,3,0,0,1,0,0,0,0,0,0,2026/07/05_2026/07/10
東北楽天ゴールデンイーグルス,鈴木 翔天,投手,0,0,0,0,0,0,0,0,0,0,0,0,0,0,2026/07/05_2026/07/10
東北楽天ゴールデンイーグルス,瀧中 瞭太,投手,0,0,0,0,0,0,0,0,0,0,0,0,0,0,2026/07/05_2026/07/10
東北楽天ゴールデンイーグルス,辛島 航,投手,0,0,0,0,0,0,0,0,0,0,0,0,0,0,2026/07/05_2026/07/10
東北楽天ゴールデンイーグルス,泰 勝利,投手,0,2,6,26,8,1,0,2,1,0,0,0,0,1,2026/07/05_2026/07/10
東北楽天ゴールデンイーグルス,古賀 康誠,投手,0,0,0,0,0,0,0,0,0,0,0,0,0,0,2026/07/05_2026/07/10
東北楽天ゴールデンイーグルス,西口 直人,投手,0,0,0,0,0,0,0,0,0,0,0,0,0,0,2026/07/05_2026/07/10
東北楽天ゴールデンイーグルス,林 優樹,投手,0,0,0,0,0,0,0,0,0,0,0,0,0,0,2026/07/05_2026/07/10
東北楽天ゴールデンイーグルス,今野 龍太,投手,0,0,0,0,0,0,0,0,0,0,0,0,0,0,2026/07/05_2026/07/10
東北楽天ゴールデンイーグルス,大内 誠弥,投手,0,0,0,0,0,0,0,0,0,0,0,0,0,0,2026/07/05_2026/07/10
東北楽天ゴールデンイーグルス,内 星龍,投手,4.5,2,6,20,8,2,1,1,0,0,0,1,1,1,2026/07/05_2026/07/10
東北楽天ゴールデンイーグルス,柴田 大地,投手,0,0,0,0,0,0,0,0,0,0,0,0,0,0,2026/07/05_2026/07/10
東北楽天ゴールデンイーグルス,伊藤 大晟,投手,0,0,0,0,0,0,0,0,0,0,0,0,0,0,2026/07/05_2026/07/10
東北楽天ゴールデンイーグルス,ゴンザレス,投手,0,0,0,0,0,0,0,0,0,0,0,0,0,0,2026/07/05_2026/07/10
東北楽天ゴールデンイーグルス,德山 一翔,投手,0,0,0,0,0,0,0,0,0,0,0,0,0,0,2026/07/05_2026/07/10
東北楽天ゴールデンイーグルス,松田 啄磨,投手,0,0,0,0,0,0,0,0,0,0,0,0,0,0,2026/07/05_2026/07/10
東北楽天ゴールデンイーグルス,中沢 匠磨,投手,0,0,0,0,0,0,0,0,0,0,0,0,0,0,2026/07/05_2026/07/10
東北楽天ゴールデンイーグルス,蕭 齊,投手,0,0,0,0,0,0,0,0,0,0,0,0,0,0,2026/07/05_2026/07/10
千葉ロッテマリーンズ,カスティーヨ,投手,0,1.2,5,15,6,1,0,0,0,0,0,0,0,0.6,2026/07/05_2026/07/10
千葉ロッテマリーンズ,毛利 海大,投手,0,0,0,0,0,0,0,0,0,0,0,0,0,0,2026/07/05_2026/07/10
千葉ロッテマリーンズ,小島 和哉,投手,9,3,9,58,14,2,1,4,2,1,0,3,3,1.666666667,2026/07/05_2026/07/10
千葉ロッテマリーンズ,横山 陸人,投手,0,0.1,1,10,4,2,0,0,1,0,0,2,0,9,2026/07/05_2026/07/10
千葉ロッテマリーンズ,種市 篤暉,投手,0,0,0,0,0,0,0,0,0,0,0,0,0,0,2026/07/05_2026/07/10
千葉ロッテマリーンズ,石垣 元気,投手,0,0,0,0,0,0,0,0,0,0,0,0,0,0,2026/07/05_2026/07/10
千葉ロッテマリーンズ,唐川 侑己,投手,0,0,0,0,0,0,0,0,0,0,0,0,0,0,2026/07/05_2026/07/10
千葉ロッテマリーンズ,石川 柊太,投手,0,0,0,0,0,0,0,0,0,0,0,0,0,0,2026/07/05_2026/07/10
千葉ロッテマリーンズ,東妻 勇輔,投手,0,0,0,0,0,0,0,0,0,0,0,0,0,0,2026/07/05_2026/07/10
千葉ロッテマリーンズ,菊地 吏玖,投手,0,0,0,0,0,0,0,0,0,0,0,0,0,0,2026/07/05_2026/07/10
千葉ロッテマリーンズ,西野 勇士,投手,0,0,0,0,0,0,0,0,0,0,0,0,0,0,2026/07/05_2026/07/10
千葉ロッテマリーンズ,廣畑 敦也,投手,0,0,0,0,0,0,0,0,0,0,0,0,0,0,2026/07/05_2026/07/10
千葉ロッテマリーンズ,大谷 輝龍,投手,0,0,0,0,0,0,0,0,0,0,0,0,0,0,2026/07/05_2026/07/10
千葉ロッテマリーンズ,八木 彬,投手,6.75,4,12,62,16,4,1,3,0,0,0,3,3,1,2026/07/05_2026/07/10
千葉ロッテマリーンズ,高野 脩汰,投手,0,1,3,18,4,0,0,0,1,0,0,0,0,1,2026/07/05_2026/07/10
千葉ロッテマリーンズ,田中 晴也,投手,0,0,0,0,0,0,0,0,0,0,0,0,0,0,2026/07/05_2026/07/10
千葉ロッテマリーンズ,坂本 光士郎,投手,0,1,3,17,3,0,0,1,1,0,0,0,0,1,2026/07/05_2026/07/10
千葉ロッテマリーンズ,小野 郁,投手,9,2,6,28,8,2,1,2,0,0,0,2,2,1,2026/07/05_2026/07/10
千葉ロッテマリーンズ,奥村 頼人,投手,0,0,0,0,0,0,0,0,0,0,0,0,0,0,2026/07/05_2026/07/10
千葉ロッテマリーンズ,一條 力真,投手,0,0,0,0,0,0,0,0,0,0,0,0,0,0,2026/07/05_2026/07/10
千葉ロッテマリーンズ,ジャクソン,投手,2.571428571,7,21,100,27,6,0,4,1,0,0,2,2,1,2026/07/05_2026/07/10
千葉ロッテマリーンズ,冨士 隼斗,投手,0,0,0,0,0,0,0,0,0,0,0,0,0,0,2026/07/05_2026/07/10
千葉ロッテマリーンズ,鈴木 昭汰,投手,0,2,6,44,9,2,0,2,1,1,0,0,0,2,2026/07/05_2026/07/10
千葉ロッテマリーンズ,益田 直也,投手,5.4,1.2,5,24,7,1,1,1,1,0,0,1,1,1.2,2026/07/05_2026/07/10
千葉ロッテマリーンズ,木村 優人,投手,0,0,0,0,0,0,0,0,0,0,0,0,0,0,2026/07/05_2026/07/10
千葉ロッテマリーンズ,澤田 圭佑,投手,36,1,3,20,7,3,2,1,1,0,0,4,4,4,2026/07/05_2026/07/10
千葉ロッテマリーンズ,中森 俊介,投手,0,2,6,20,7,1,0,0,0,0,0,0,0,0.5,2026/07/05_2026/07/10
千葉ロッテマリーンズ,河村 説人,投手,1.8,5,15,82,22,6,1,0,2,0,0,1,1,1.6,2026/07/05_2026/07/10
千葉ロッテマリーンズ,早坂 響,投手,0,0,0,0,0,0,0,0,0,0,0,0,0,0,2026/07/05_2026/07/10
千葉ロッテマリーンズ,大聖,投手,0,0,0,0,0,0,0,0,0,0,0,0,0,0,2026/07/05_2026/07/10
千葉ロッテマリーンズ,坂井 遼,投手,0,0,0,0,0,0,0,0,0,0,0,0,0,0,2026/07/05_2026/07/10
千葉ロッテマリーンズ,廣池 康志郎,投手,10.8,3.1,10,71,19,7,1,4,2,0,0,4,4,2.7,2026/07/05_2026/07/10
千葉ロッテマリーンズ,宮﨑 颯,投手,0,0,0,0,0,0,0,0,0,0,0,0,0,0,2026/07/05_2026/07/10
千葉ロッテマリーンズ,ロング,投手,0,0,0,0,0,0,0,0,0,0,0,0,0,0,2026/07/05_2026/07/10
千葉ロッテマリーンズ,吉川 悠斗,投手,0,0,0,0,0,0,0,0,0,0,0,0,0,0,2026/07/05_2026/07/10
千葉ロッテマリーンズ,本前 郁也,投手,0,0,0,0,0,0,0,0,0,0,0,0,0,0,2026/07/05_2026/07/10
千葉ロッテマリーンズ,森 遼大朗,投手,0,0,0,0,0,0,0,0,0,0,0,0,0,0,2026/07/05_2026/07/10
千葉ロッテマリーンズ,秋山 正雲,投手,0,0,0,0,0,0,0,0,0,0,0,0,0,0,2026/07/05_2026/07/10
千葉ロッテマリーンズ,中村 亮太,投手,0,0,0,0,0,0,0,0,0,0,0,0,0,0,2026/07/05_2026/07/10
千葉ロッテマリーンズ,永島田 輝斗,投手,0,0,0,0,0,0,0,0,0,0,0,0,0,0,2026/07/05_2026/07/10
千葉ロッテマリーンズ,中山 優人,投手,0,0,0,0,0,0,0,0,0,0,0,0,0,0,2026/07/05_2026/07/10
千葉ロッテマリーンズ,髙橋 快秀,投手,0,0,0,0,0,0,0,0,0,0,0,0,0,0,2026/07/05_2026/07/10
千葉ロッテマリーンズ,茨木 佑太,投手,0,0,0,0,0,0,0,0,0,0,0,0,0,0,2026/07/05_2026/07/10
千葉ロッテマリーンズ,長島 幸佑,投手,0,0,0,0,0,0,0,0,0,0,0,0,0,0,2026/07/05_2026/07/10
千葉ロッテマリーンズ,武内 涼太,投手,0,0,0,0,0,0,0,0,0,0,0,0,0,0,2026/07/05_2026/07/10
千葉ロッテマリーンズ,ラドニー,投手,0,0,0,0,0,0,0,0,0,0,0,0,0,0,2026/07/05_2026/07/10