球団名,投手,ポジション,区分,現在登録中,登録日,抹消日,更新日
読売ジャイアンツ,田中 将大,投手,支配下,抹消中,2026/05/21,2026/06/12,2026/07/17
読売ジャイアンツ,大勢,投手,支配下,抹消中,2026/03/31,2026/07/12,2026/07/17
読売ジャイアンツ,西舘 勇陽,投手,支配下,登録中,2026/07/01,2026/06/08,2026/07/17
読売ジャイアンツ,山﨑 伊織,投手,支配下,登録中,2026/07/14,,2026/07/17
読売ジャイアンツ,戸郷 翔征,投手,支配下,抹消中,2026/05/04,2026/07/08,2026/07/17
読売ジャイアンツ,竹丸 和幸,投手,支配下,登録中,2026/06/12,2026/06/01,2026/07/17
読売ジャイアンツ,ウィットリー,投手,支配下,登録中,2026/07/03,2026/06/21,2026/07/17
読売ジャイアンツ,ハワード,投手,支配下,抹消中,2026/03/26,2026/04/05,2026/07/17
読売ジャイアンツ,田和 廉,投手,支配下,抹消中,2026/06/10,2026/07/16,2026/07/17
読売ジャイアンツ,赤星 優志,投手,支配下,登録中,2026/03/26,,2026/07/17
読売ジャイアンツ,山城 京平,投手,支配下,抹消中,2026/03/26,2026/03/30,2026/07/17
読売ジャイアンツ,中川 皓太,投手,支配下,登録中,2026/07/10,2026/06/29,2026/07/17
読売ジャイアンツ,マタ,投手,支配下,登録中,2026/07/16,2026/04/26,2026/07/17
読売ジャイアンツ,則本 昂大,投手,支配下,抹消中,2026/07/09,2026/07/10,2026/07/17
読売ジャイアンツ,田中 瑛斗,投手,支配下,登録中,2026/03/26,,2026/07/17
読売ジャイアンツ,又木 鉄平,投手,支配下,抹消中,2026/04/03,2026/05/03,2026/07/17
読売ジャイアンツ,森田 駿哉,投手,支配下,登録中,2026/07/10,2026/06/22,2026/07/17
読売ジャイアンツ,ルシアーノ,投手,支配下,抹消中,2026/04/19,2026/05/05,2026/07/17
読売ジャイアンツ,バルドナード,投手,支配下,抹消中,,,2026/07/17
読売ジャイアンツ,高梨 雄平,投手,支配下,登録中,2026/05/01,,2026/07/17
読売ジャイアンツ,松浦 慶斗,投手,支配下,抹消中,,,2026/07/17
読売ジャイアンツ,北浦 竜次,投手,支配下,抹消中,2026/03/26,2026/05/01,2026/07/17
読売ジャイアンツ,宮原 駿介,投手,支配下,抹消中,2026/05/05,2026/05/29,2026/07/17
読売ジャイアンツ,船迫 大雅,投手,支配下,登録中,2026/03/26,,2026/07/17
読売ジャイアンツ,横川 凱,投手,支配下,抹消中,,,2026/07/17
読売ジャイアンツ,泉 圭輔,投手,支配下,登録中,2026/07/12,2026/04/08,2026/07/17
読売ジャイアンツ,山田 龍聖,投手,支配下,抹消中,2026/06/30,2026/07/13,2026/07/17
読売ジャイアンツ,石川 達也,投手,支配下,抹消中,2026/04/29,2026/05/09,2026/07/17
読売ジャイアンツ,平内 龍太,投手,支配下,抹消中,,,2026/07/17
読売ジャイアンツ,堀田 賢慎,投手,支配下,登録中,2026/05/03,,2026/07/17
読売ジャイアンツ,マルティネス,投手,支配下,登録中,2026/04/03,,2026/07/17
読売ジャイアンツ,井上 温大,投手,支配下,登録中,2026/05/15,2026/05/04,2026/07/17
読売ジャイアンツ,小笠原 慎之介,投手,支配下,抹消中,,,2026/07/17
読売ジャイアンツ,甲斐 拓也,捕手,支配下,抹消中,2026/06/21,2026/07/06,2026/07/17
読売ジャイアンツ,小林 誠司,捕手,支配下,登録中,2026/04/21,,2026/07/17
読売ジャイアンツ,大城 卓三,捕手,支配下,登録中,2026/03/26,,2026/07/17
読売ジャイアンツ,岸田 行倫,捕手,支配下,登録中,2026/03/26,,2026/07/17
読売ジャイアンツ,郡 拓也,捕手,支配下,抹消中,,,2026/07/17
読売ジャイアンツ,山瀬 慎之助,捕手,支配下,抹消中,2026/03/26,2026/04/20,2026/07/17
読売ジャイアンツ,湯浅 大,内野手,支配下,抹消中,,,2026/07/17
読売ジャイアンツ,増田 大輝,内野手,支配下,登録中,2026/05/28,,2026/07/17
読売ジャイアンツ,吉川 尚輝,内野手,支配下,抹消中,2026/04/26,2026/06/15,2026/07/17
読売ジャイアンツ,門脇 誠,内野手,支配下,登録中,2026/03/26,,2026/07/17
読売ジャイアンツ,坂本 勇人,内野手,支配下,登録中,2026/03/26,,2026/07/17
読売ジャイアンツ,石塚 裕惺,内野手,支配下,抹消中,2026/04/21,2026/04/26,2026/07/17
読売ジャイアンツ,ダルベック,内野手,支配下,登録中,2026/03/26,,2026/07/17
読売ジャイアンツ,浦田 俊輔,内野手,支配下,登録中,2026/03/26,,2026/07/17
読売ジャイアンツ,小濱 佑斗,内野手,支配下,抹消中,2026/06/11,2026/07/06,2026/07/17
読売ジャイアンツ,泉口 友汰,内野手,支配下,登録中,2026/05/04,2026/04/21,2026/07/17
読売ジャイアンツ,リチャード,内野手,支配下,登録中,2026/07/10,2026/06/21,2026/07/17
読売ジャイアンツ,荒巻 悠,内野手,支配下,抹消中,,,2026/07/17
読売ジャイアンツ,増田 陸,内野手,支配下,抹消中,2026/03/26,2026/05/28,2026/07/17
読売ジャイアンツ,宇都宮 葵星,内野手,支配下,抹消中,2026/03/26,2026/04/22,2026/07/17
読売ジャイアンツ,平山 功太,内野手,支配下,抹消中,2026/04/08,2026/05/23,2026/07/17
読売ジャイアンツ,藤井 健翔,内野手,支配下,抹消中,,,2026/07/17
読売ジャイアンツ,丸 佳浩,外野手,支配下,登録中,2026/05/09,2026/04/20,2026/07/17
読売ジャイアンツ,松本 剛,外野手,支配下,登録中,2026/03/26,,2026/07/17
読売ジャイアンツ,萩尾 匡也,外野手,支配下,抹消中,2026/04/22,2026/05/01,2026/07/17
読売ジャイアンツ,キャベッジ,外野手,支配下,登録中,2026/03/26,,2026/07/17
読売ジャイアンツ,岡田 悠希,外野手,支配下,抹消中,,,2026/07/17
読売ジャイアンツ,皆川 岳飛,外野手,支配下,抹消中,2026/04/16,2026/05/01,2026/07/17
読売ジャイアンツ,中山 礼都,外野手,支配下,抹消中,2026/05/28,2026/07/06,2026/07/17
読売ジャイアンツ,佐々木 俊輔,外野手,支配下,登録中,2026/07/07,2026/06/24,2026/07/17
読売ジャイアンツ,ティマ,外野手,支配下,抹消中,2026/07/07,2026/07/10,2026/07/17
読売ジャイアンツ,浅野 翔吾,外野手,支配下,抹消中,2026/06/20,2026/07/06,2026/07/17
読売ジャイアンツ,若林 楽人,外野手,支配下,抹消中,2026/05/01,2026/05/27,2026/07/17
読売ジャイアンツ,三塚 琉生,外野手,支配下,抹消中,,,2026/07/17
読売ジャイアンツ,冨重 英二郎,投手,育成,,,,2026/07/17
読売ジャイアンツ,林 燦,投手,育成,,,,2026/07/17
読売ジャイアンツ,堀江 正太郎,投手,育成,,,,2026/07/17
読売ジャイアンツ,鈴木 圭晋,投手,育成,,,,2026/07/17
読売ジャイアンツ,千葉 隆広,投手,育成,,,,2026/07/17
読売ジャイアンツ,木下 幹也,投手,育成,,,,2026/07/17
読売ジャイアンツ,園田 純規,投手,育成,,,,2026/07/17
読売ジャイアンツ,松井 颯,投手,育成,,,,2026/07/17
読売ジャイアンツ,田村 朋輝,投手,育成,,,,2026/07/17
読売ジャイアンツ,吉村 優聖歩,投手,育成,,,,2026/07/17
読売ジャイアンツ,富田 龍,投手,育成,,,,2026/07/17
読売ジャイアンツ,西川 歩,投手,育成,,,,2026/07/17
読売ジャイアンツ,吹田 志道,投手,育成,,,,2026/07/17
読売ジャイアンツ,森本 哲星,投手,育成,,,,2026/07/17
読売ジャイアンツ,黄 錦豪,投手,育成,,,,2026/07/17
読売ジャイアンツ,グズマン,投手,育成,,,,2026/07/17
読売ジャイアンツ,河野 優作,投手,育成,,,,2026/07/17
読売ジャイアンツ,板東 湧梧,投手,育成,,,,2026/07/17
読売ジャイアンツ,花田 侑樹,投手,育成,,,,2026/07/17
読売ジャイアンツ,代木 大和,投手,育成,,,,2026/07/17
読売ジャイアンツ,石田 隼都,投手,育成,,,,2026/07/17
読売ジャイアンツ,石田 充冴,投手,育成,,,,2026/07/17
読売ジャイアンツ,京本 眞,投手,育成,,,,2026/07/17
読売ジャイアンツ,松井 蓮太朗,捕手,育成,,,,2026/07/17
読売ジャイアンツ,喜多 隆介,捕手,育成,,,,2026/07/17
読売ジャイアンツ,亀田 啓太,捕手,育成,,,,2026/07/17
読売ジャイアンツ,坂本 達也,捕手,育成,,,,2026/07/17
読売ジャイアンツ,中田 歩夢,内野手,育成,,,,2026/07/17
読売ジャイアンツ,村山 源,内野手,育成,,,,2026/07/17
読売ジャイアンツ,田上 優弥,内野手,育成,,,,2026/07/17
読売ジャイアンツ,竹下 徠空,内野手,育成,,,,2026/07/17
読売ジャイアンツ,北村 流音,内野手,育成,,,,2026/07/17
読売ジャイアンツ,川原田 純平,内野手,育成,,,,2026/07/17
読売ジャイアンツ,鈴木 大和,外野手,育成,,,,2026/07/17
読売ジャイアンツ,知念 大成,外野手,育成,,2026/07/07,,2026/07/17
読売ジャイアンツ,相澤 白虎,外野手,育成,,,,2026/07/17
読売ジャイアンツ,フェリス,外野手,育成,,,,2026/07/17
読売ジャイアンツ,笹原 操希,外野手,支配下,,2026/06/28,,2026/07/17
阪神タイガース,岩崎 優,投手,支配下,登録中,2026/03/26,,2026/07/17
阪神タイガース,岩貞 祐太,投手,支配下,抹消中,2026/04/14,2026/04/26,2026/07/17
阪神タイガース,西 勇輝,投手,支配下,抹消中,2026/05/12,2026/06/15,2026/07/17
阪神タイガース,伊原 陵人,投手,支配下,登録中,2026/07/09,2026/04/20,2026/07/17
阪神タイガース,下村 海翔,投手,支配下,抹消中,2026/07/02,2026/07/11,2026/07/17
阪神タイガース,大竹 耕太郎,投手,支配下,抹消中,2026/04/18,2026/07/04,2026/07/17
阪神タイガース,椎葉 剛,投手,支配下,抹消中,2026/05/05,2026/06/10,2026/07/17
阪神タイガース,伊藤 将司,投手,支配下,登録中,2026/06/11,2026/03/30,2026/07/17
阪神タイガース,今朝丸 裕喜,投手,支配下,抹消中,2026/06/19,2026/07/16,2026/07/17
阪神タイガース,髙橋 遥人,投手,支配下,登録中,2026/04/29,2026/04/13,2026/07/17
阪神タイガース,門別 啓人,投手,支配下,登録中,2026/07/05,2026/06/13,2026/07/17
阪神タイガース,才木 浩人,投手,支配下,登録中,2026/03/31,,2026/07/17
阪神タイガース,畠 世周,投手,支配下,抹消中,2026/05/05,2026/06/14,2026/07/17
阪神タイガース,及川 雅貴,投手,支配下,抹消中,2026/05/01,2026/07/13,2026/07/17
阪神タイガース,村上 頌樹,投手,支配下,登録中,2026/03/26,,2026/07/17
阪神タイガース,ルーカス,投手,支配下,抹消中,2026/04/01,2026/04/17,2026/07/17
阪神タイガース,早瀬 朔,投手,支配下,抹消中,,,2026/07/17
阪神タイガース,ラグズデール,投手,支配下,抹消中,2026/05/21,2026/05/24,2026/07/17
阪神タイガース,桐敷 拓馬,投手,支配下,抹消中,2026/06/12,2026/06/26,2026/07/17
阪神タイガース,茨木 秀俊,投手,支配下,抹消中,2026/05/20,2026/05/21,2026/07/17
阪神タイガース,工藤 泰成,投手,支配下,登録中,2026/04/05,,2026/07/17
阪神タイガース,富田 蓮,投手,支配下,抹消中,2026/04/28,2026/04/29,2026/07/17
阪神タイガース,早川 太貴,投手,支配下,抹消中,2026/04/28,2026/05/06,2026/07/17
阪神タイガース,木下 里都,投手,支配下,登録中,2026/05/28,2026/04/27,2026/07/17
阪神タイガース,能登 嵩都,投手,支配下,抹消中,,,2026/07/17
阪神タイガース,石黒 佑弥,投手,支配下,登録中,2026/06/14,2026/05/21,2026/07/17
阪神タイガース,岡留 英貴,投手,支配下,抹消中,2026/06/17,2026/06/18,2026/07/17
阪神タイガース,湯浅 京己,投手,支配下,抹消中,2026/03/26,2026/06/12,2026/07/17
阪神タイガース,津田 淳哉,投手,支配下,登録中,2026/06/10,2026/05/04,2026/07/17
阪神タイガース,石井 大智,投手,支配下,抹消中,,,2026/07/17
阪神タイガース,ドリス,投手,支配下,登録中,2026/03/26,,2026/07/17
阪神タイガース,モレッタ,投手,支配下,抹消中,2026/05/27,2026/06/01,2026/07/17
阪神タイガース,梅野 隆太郎,捕手,支配下,登録中,2026/06/23,2026/06/10,2026/07/17
阪神タイガース,坂本 誠志郎,捕手,支配下,登録中,2026/03/26,,2026/07/17
阪神タイガース,伏見 寅威,捕手,支配下,登録中,2026/07/14,2026/06/22,2026/07/17
阪神タイガース,榮枝 裕貴,捕手,支配下,抹消中,2026/06/13,2026/07/09,2026/07/17
阪神タイガース,町田 隼乙,捕手,支配下,抹消中,,,2026/07/17
阪神タイガース,長坂 拳弥,捕手,支配下,抹消中,,,2026/07/17
阪神タイガース,藤田 健斗,捕手,支配下,抹消中,,,2026/07/17
阪神タイガース,中川 勇斗,捕手,支配下,抹消中,2026/03/26,2026/04/23,2026/07/17
阪神タイガース,嶋村 麟士朗,捕手,支配下,登録中,2026/07/02,2026/06/22,2026/07/17
阪神タイガース,元山 飛優,内野手,支配下,登録中,2026/07/05,2026/06/08,2026/07/17
阪神タイガース,木浪 聖也,内野手,支配下,抹消中,2026/03/26,2026/07/13,2026/07/17
阪神タイガース,大山 悠輔,内野手,支配下,登録中,2026/03/26,,2026/07/17
阪神タイガース,熊谷 敬宥,内野手,支配下,登録中,2026/03/26,,2026/07/17
阪神タイガース,中野 拓夢,内野手,支配下,登録中,2026/03/26,,2026/07/17
阪神タイガース,佐藤 輝明,内野手,支配下,登録中,2026/03/26,,2026/07/17
阪神タイガース,立石 正広,内野手,支配下,抹消中,2026/05/19,2026/06/17,2026/07/17
阪神タイガース,ディベイニー,内野手,支配下,抹消中,2026/05/21,2026/06/08,2026/07/17
阪神タイガース,谷端 将伍,内野手,支配下,抹消中,,,2026/07/17
阪神タイガース,糸原 健斗,内野手,支配下,抹消中,2026/06/09,2026/07/01,2026/07/17
阪神タイガース,小幡 竜平,内野手,支配下,登録中,2026/07/14,2026/07/01,2026/07/17
阪神タイガース,佐野 大陽,内野手,支配下,抹消中,,,2026/07/17
阪神タイガース,山田 脩也,内野手,支配下,抹消中,,,2026/07/17
阪神タイガース,百﨑 蒼生,内野手,支配下,抹消中,2026/07/02,2026/07/04,2026/07/17
阪神タイガース,植田 海,内野手,支配下,登録中,2026/03/26,,2026/07/17
阪神タイガース,髙寺 望夢,内野手,支配下,登録中,2026/03/26,,2026/07/17
阪神タイガース,森下 翔太,外野手,支配下,登録中,2026/03/26,,2026/07/17
阪神タイガース,近本 光司,外野手,支配下,登録中,2026/07/11,2026/04/27,2026/07/17
阪神タイガース,濱田 太貴,外野手,支配下,登録中,2026/06/23,2026/05/03,2026/07/17
阪神タイガース,岡城 快生,外野手,支配下,抹消中,2026/07/07,2026/07/13,2026/07/17
阪神タイガース,井坪 陽生,外野手,支配下,抹消中,2026/05/03,2026/05/09,2026/07/17
阪神タイガース,島田 海吏,外野手,支配下,抹消中,2026/05/30,2026/06/12,2026/07/17
阪神タイガース,前川 右京,外野手,支配下,登録中,2026/06/06,2026/05/18,2026/07/17
阪神タイガース,小野寺 暖,外野手,支配下,抹消中,2026/06/17,2026/07/06,2026/07/17
阪神タイガース,豊田 寛,外野手,支配下,抹消中,,,2026/07/17
阪神タイガース,福島 圭音,外野手,支配下,登録中,2026/06/12,2026/05/30,2026/07/17
阪神タイガース,小川 一平,投手,育成,,,,2026/07/17
阪神タイガース,松原 快,投手,育成,,,,2026/07/17
阪神タイガース,伊藤 稜,投手,育成,,,,2026/07/17
阪神タイガース,神宮 僚介,投手,育成,,2026/07/16,,2026/07/17
阪神タイガース,マルティネス,投手,育成,,,,2026/07/17
阪神タイガース,戸井 零士,内野手,育成,,,,2026/07/17
阪神タイガース,川﨑 俊哲,内野手,育成,,,,2026/07/17
阪神タイガース,アルナエス,内野手,育成,,,,2026/07/17
阪神タイガース,西 純矢,外野手,育成,,,,2026/07/17
阪神タイガース,山﨑 照英,外野手,育成,,,,2026/07/17
阪神タイガース,コンスエグラ,外野手,育成,,,,2026/07/17
横浜DeNAベイスターズ,デュプランティエ,投手,支配下,抹消中,2026/04/16,2026/04/20,2026/07/17
横浜DeNAベイスターズ,東 克樹,投手,支配下,登録中,2026/03/26,,2026/07/17
横浜DeNAベイスターズ,竹田 祐,投手,支配下,抹消中,2026/05/19,2026/05/20,2026/07/17
横浜DeNAベイスターズ,伊勢 大夢,投手,支配下,登録中,2026/05/31,2026/05/04,2026/07/17
横浜DeNAベイスターズ,石田 健大,投手,支配下,抹消中,2026/05/02,2026/05/13,2026/07/17
横浜DeNAベイスターズ,島田 舜也,投手,支配下,抹消中,2026/05/13,2026/05/30,2026/07/17
横浜DeNAベイスターズ,大貫 晋一,投手,支配下,抹消中,,,2026/07/17
横浜DeNAベイスターズ,小園 健太,投手,支配下,抹消中,,,2026/07/17
横浜DeNAベイスターズ,山﨑 康晃,投手,支配下,抹消中,2026/03/26,2026/07/03,2026/07/17
横浜DeNAベイスターズ,坂本 裕哉,投手,支配下,抹消中,2026/03/26,2026/06/21,2026/07/17
横浜DeNAベイスターズ,入江 大生,投手,支配下,抹消中,2026/06/23,2026/06/24,2026/07/17
横浜DeNAベイスターズ,吉野 光樹,投手,支配下,登録中,2026/07/11,2026/05/31,2026/07/17
横浜DeNAベイスターズ,藤浪 晋太郎,投手,支配下,抹消中,2026/07/11,2026/07/12,2026/07/17
横浜DeNAベイスターズ,篠木 健太郎,投手,支配下,登録中,2026/05/27,2026/05/17,2026/07/17
横浜DeNAベイスターズ,武田 陸玖,投手,支配下,抹消中,2026/05/30,2026/05/31,2026/07/17
横浜DeNAベイスターズ,橋本 達弥,投手,支配下,抹消中,2026/03/26,2026/04/22,2026/07/17
横浜DeNAベイスターズ,尾形 崇斗,投手,支配下,登録中,2026/05/31,,2026/07/17
横浜DeNAベイスターズ,松本 凌人,投手,支配下,登録中,2026/07/03,,2026/07/17
横浜DeNAベイスターズ,若松 尚輝,投手,支配下,登録中,2026/05/08,,2026/07/17
横浜DeNAベイスターズ,佐々木 千隼,投手,支配下,抹消中,,,2026/07/17
横浜DeNAベイスターズ,コックス,投手,自由契約,抹消中,2026/04/01,2026/04/09,2026/07/17
横浜DeNAベイスターズ,ビド,投手,支配下,抹消中,,,2026/07/17
横浜DeNAベイスターズ,深沢 鳳介,投手,支配下,抹消中,2026/07/05,2026/07/06,2026/07/17
横浜DeNAベイスターズ,森原 康平,投手,支配下,抹消中,,,2026/07/17
横浜DeNAベイスターズ,坂口 翔颯,投手,支配下,抹消中,,,2026/07/17
横浜DeNAベイスターズ,片山 皓心,投手,支配下,抹消中,2026/04/25,2026/04/26,2026/07/17
横浜DeNAベイスターズ,ルイーズ,投手,支配下,抹消中,2026/04/22,2026/07/11,2026/07/17
横浜DeNAベイスターズ,中川 颯,投手,支配下,抹消中,2026/03/26,2026/05/02,2026/07/17
横浜DeNAベイスターズ,石田 裕太郎,投手,支配下,抹消中,2026/03/29,2026/07/15,2026/07/17
横浜DeNAベイスターズ,平良 拳太郎,投手,支配下,抹消中,2026/06/25,2026/07/10,2026/07/17
横浜DeNAベイスターズ,レイノルズ,投手,支配下,登録中,2026/03/26,,2026/07/17
横浜DeNAベイスターズ,中川 虎大,投手,支配下,登録中,2026/04/05,,2026/07/17
横浜DeNAベイスターズ,宮城 滝太,投手,支配下,登録中,2026/04/22,2026/04/02,2026/07/17
横浜DeNAベイスターズ,岩田 将貴,投手,支配下,登録中,2026/05/08,,2026/07/17
横浜DeNAベイスターズ,堀岡 隼人,投手,支配下,抹消中,2026/05/31,2026/06/06,2026/07/17
横浜DeNAベイスターズ,庄司 陽斗,投手,支配下,抹消中,2026/06/06,2026/06/07,2026/07/17
横浜DeNAベイスターズ,マルセリーノ,投手,支配下,登録中,2026/06/13,2026/05/07,2026/07/17
横浜DeNAベイスターズ,松尾 汐恩,捕手,支配下,登録中,2026/03/26,,2026/07/17
横浜DeNAベイスターズ,戸柱 恭孝,捕手,支配下,登録中,2026/03/26,,2026/07/17
横浜DeNAベイスターズ,益子 京右,捕手,支配下,抹消中,2026/07/07,2026/07/11,2026/07/17
横浜DeNAベイスターズ,山本 祐大,捕手,トレード,抹消中,2026/03/26,2026/05/12,2026/07/17
横浜DeNAベイスターズ,東妻 純平,捕手,支配下,抹消中,,,2026/07/17
横浜DeNAベイスターズ,古市 尊,捕手,支配下,登録中,2026/07/12,2026/06/05,2026/07/17
横浜DeNAベイスターズ,九鬼 隆平,捕手,支配下,抹消中,2026/06/05,2026/07/05,2026/07/17
横浜DeNAベイスターズ,林 琢真,内野手,支配下,登録中,2026/07/15,2026/05/16,2026/07/17
横浜DeNAベイスターズ,牧 秀悟,内野手,支配下,登録中,2026/06/04,2026/04/25,2026/07/17
横浜DeNAベイスターズ,小田 康一郎,内野手,支配下,抹消中,2026/06/07,2026/06/15,2026/07/17
横浜DeNAベイスターズ,森 敬斗,内野手,支配下,抹消中,,,2026/07/17
横浜DeNAベイスターズ,京田 陽太,内野手,支配下,抹消中,2026/03/26,2026/06/14,2026/07/17
横浜DeNAベイスターズ,筒香 嘉智,内野手,支配下,登録中,2026/05/12,2026/04/19,2026/07/17
横浜DeNAベイスターズ,三森 大貴,内野手,支配下,登録中,2026/03/26,,2026/07/17
横浜DeNAベイスターズ,柴田 竜拓,内野手,支配下,登録中,2026/04/19,,2026/07/17
横浜DeNAベイスターズ,宮下 朝陽,内野手,支配下,登録中,2026/06/14,2026/05/24,2026/07/17
横浜DeNAベイスターズ,加藤 響,内野手,支配下,抹消中,2026/06/19,2026/06/22,2026/07/17
横浜DeNAベイスターズ,井上 朋也,内野手,支配下,抹消中,2026/05/26,2026/06/04,2026/07/17
横浜DeNAベイスターズ,石上 泰輝,内野手,支配下,抹消中,2026/05/24,2026/07/15,2026/07/17
横浜DeNAベイスターズ,成瀬 脩人,内野手,支配下,抹消中,2026/04/25,2026/05/31,2026/07/17
横浜DeNAベイスターズ,宮﨑 敏郎,内野手,支配下,登録中,2026/03/26,,2026/07/17
横浜DeNAベイスターズ,田内 真翔,内野手,支配下,抹消中,,,2026/07/17
横浜DeNAベイスターズ,ビシエド,内野手,引退,抹消中,2026/04/17,2026/05/25,2026/07/17
横浜DeNAベイスターズ,度会 隆輝,外野手,支配下,登録中,2026/03/26,,2026/07/17
横浜DeNAベイスターズ,佐野 恵太,外野手,支配下,登録中,2026/03/26,,2026/07/17
横浜DeNAベイスターズ,神里 和毅,外野手,支配下,登録中,2026/03/26,,2026/07/17
横浜DeNAベイスターズ,勝又 温史,外野手,支配下,登録中,2026/04/11,,2026/07/17
横浜DeNAベイスターズ,井上 絢登,外野手,支配下,抹消中,,,2026/07/17
横浜DeNAベイスターズ,梶原 昂希,外野手,支配下,登録中,2026/06/23,2026/04/11,2026/07/17
横浜DeNAベイスターズ,蝦名 達夫,外野手,支配下,登録中,2026/03/26,,2026/07/17
横浜DeNAベイスターズ,関根 大気,外野手,支配下,抹消中,,,2026/07/17
横浜DeNAベイスターズ,濱 将乃介,外野手,支配下,抹消中,,,2026/07/17
横浜DeNAベイスターズ,エンカーナシオン,外野手,支配下,登録中,2026/07/02,,2026/07/17
横浜DeNAベイスターズ,ヒュンメル,外野手,支配下,抹消中,2026/03/26,2026/07/01,2026/07/17
横浜DeNAベイスターズ,浜地 真澄,投手,育成,,2026/07/10,,2026/07/17
横浜DeNAベイスターズ,清水 麻成,投手,育成,,,,2026/07/17
横浜DeNAベイスターズ,金渕 光希,投手,育成,,,,2026/07/17
横浜DeNAベイスターズ,吉岡 暖,投手,育成,,,,2026/07/17
横浜DeNAベイスターズ,馬場 皐輔,投手,育成,,,,2026/07/17
横浜DeNAベイスターズ,森下 瑠大,投手,育成,,,,2026/07/17
横浜DeNAベイスターズ,松本 隆之介,投手,育成,,,,2026/07/17
横浜DeNAベイスターズ,上甲 凌大,捕手,育成,,,,2026/07/17
横浜DeNAベイスターズ,近藤 大雅,捕手,育成,,,,2026/07/17
横浜DeNAベイスターズ,小笠原 蒼,内野手,育成,,,,2026/07/17
横浜DeNAベイスターズ,西巻 賢二,内野手,育成,,,,2026/07/17
横浜DeNAベイスターズ,清水 詩太,内野手,育成,,,,2026/07/17
横浜DeNAベイスターズ,高見澤 郁魅,内野手,育成,,,,2026/07/17
横浜DeNAベイスターズ,小針 大輝,外野手,育成,,,,2026/07/17
広島東洋カープ,齊藤 汰直,投手,支配下,抹消中,2026/03/26,2026/05/04,2026/07/17
広島東洋カープ,森浦 大輔,投手,支配下,登録中,2026/03/26,,2026/07/17
広島東洋カープ,大瀬良 大地,投手,支配下,抹消中,2026/05/04,2026/05/05,2026/07/17
広島東洋カープ,森 翔平,投手,支配下,登録中,2026/07/03,2026/06/11,2026/07/17
広島東洋カープ,常廣 羽也斗,投手,支配下,抹消中,2026/07/07,2026/07/14,2026/07/17
広島東洋カープ,森下 暢仁,投手,支配下,抹消中,2026/03/31,2026/07/11,2026/07/17
広島東洋カープ,床田 寛樹,投手,支配下,登録中,2026/06/27,2026/06/10,2026/07/17
広島東洋カープ,栗林 良吏,投手,支配下,登録中,2026/07/09,2026/05/23,2026/07/17
広島東洋カープ,中﨑 翔太,投手,支配下,抹消中,2026/03/26,2026/07/07,2026/07/17
広島東洋カープ,髙 太一,投手,支配下,登録中,2026/04/08,,2026/07/17
広島東洋カープ,黒原 拓未,投手,支配下,抹消中,2026/06/16,2026/06/29,2026/07/17
広島東洋カープ,益田 武尚,投手,支配下,登録中,2026/07/12,2026/06/20,2026/07/17
広島東洋カープ,佐藤 柳之介,投手,支配下,抹消中,,,2026/07/17
広島東洋カープ,ケムナ 誠,投手,支配下,抹消中,,,2026/07/17
広島東洋カープ,滝田 一希,投手,支配下,抹消中,,,2026/07/17
広島東洋カープ,高橋 昂也,投手,支配下,抹消中,,,2026/07/17
広島東洋カープ,工藤 泰己,投手,支配下,抹消中,2026/05/05,2026/05/09,2026/07/17
広島東洋カープ,塹江 敦哉,投手,支配下,抹消中,2026/04/09,2026/06/14,2026/07/17
広島東洋カープ,赤木 晴哉,投手,支配下,抹消中,2026/05/28,2026/06/08,2026/07/17
広島東洋カープ,長谷部 銀次,投手,支配下,抹消中,,,2026/07/17
広島東洋カープ,鈴木 健矢,投手,支配下,登録中,2026/06/09,2026/05/29,2026/07/17
広島東洋カープ,ターノック,投手,支配下,抹消中,2026/06/11,2026/06/28,2026/07/17
広島東洋カープ,島内 颯太郎,投手,支配下,登録中,2026/06/30,2026/04/18,2026/07/17
広島東洋カープ,松本 竜也,投手,支配下,抹消中,,,2026/07/17
広島東洋カープ,髙木 快大,投手,支配下,抹消中,,,2026/07/17
広島東洋カープ,斉藤 優汰,投手,支配下,登録中,2026/07/15,2026/06/17,2026/07/17
広島東洋カープ,アドゥワ 誠,投手,支配下,抹消中,,,2026/07/17
広島東洋カープ,岡本 駿,投手,支配下,登録中,2026/04/02,,2026/07/17
広島東洋カープ,玉村 昇悟,投手,支配下,抹消中,2026/05/13,2026/07/09,2026/07/17
広島東洋カープ,遠藤 淳志,投手,支配下,登録中,2026/04/18,,2026/07/17
広島東洋カープ,菊地 ハルン,投手,支配下,登録中,2026/07/09,2026/05/28,2026/07/17
広島東洋カープ,ハーン,投手,支配下,登録中,2026/03/26,,2026/07/17
広島東洋カープ,日髙 暖己,投手,支配下,抹消中,,,2026/07/17
広島東洋カープ,辻 大雅,投手,支配下,登録中,2026/05/29,2026/05/18,2026/07/17
広島東洋カープ,會澤 翼,捕手,支配下,抹消中,,,2026/07/17
広島東洋カープ,坂倉 将吾,捕手,支配下,登録中,2026/03/26,,2026/07/17
広島東洋カープ,石原 貴規,捕手,支配下,登録中,2026/04/25,2026/04/10,2026/07/17
広島東洋カープ,持丸 泰輝,捕手,支配下,登録中,2026/04/11,,2026/07/17
広島東洋カープ,清水 叶人,捕手,支配下,抹消中,,,2026/07/17
広島東洋カープ,髙木 翔斗,捕手,支配下,抹消中,,,2026/07/17
広島東洋カープ,羽月 隆太郎,内野手,解雇,抹消中,,,2026/07/17
広島東洋カープ,勝田 成,内野手,支配下,登録中,2026/03/26,,2026/07/17
広島東洋カープ,矢野 雅哉,内野手,支配下,登録中,2026/04/05,,2026/07/17
広島東洋カープ,小園 海斗,内野手,支配下,登録中,2026/03/26,,2026/07/17
広島東洋カープ,堂林 翔太,内野手,支配下,抹消中,,,2026/07/17
広島東洋カープ,佐々木 泰,内野手,支配下,登録中,2026/05/19,2026/05/05,2026/07/17
広島東洋カープ,菊池 涼介,内野手,支配下,登録中,2026/03/26,,2026/07/17
広島東洋カープ,林 晃汰,内野手,支配下,抹消中,2026/06/10,2026/06/17,2026/07/17
広島東洋カープ,渡邉 悠斗,内野手,支配下,抹消中,2026/03/26,2026/04/19,2026/07/17
広島東洋カープ,西川 篤夢,内野手,支配下,抹消中,,,2026/07/17
広島東洋カープ,仲田 侑仁,内野手,支配下,抹消中,,,2026/07/17
広島東洋カープ,内田 湘大,内野手,支配下,抹消中,,,2026/07/17
広島東洋カープ,辰見 鴻之介,内野手,支配下,登録中,2026/07/03,2026/06/23,2026/07/17
広島東洋カープ,前川 誠太,内野手,支配下,抹消中,2026/04/29,2026/07/03,2026/07/17
広島東洋カープ,佐藤 啓介,内野手,支配下,登録中,2026/06/19,2026/05/29,2026/07/17
広島東洋カープ,モンテロ,内野手,支配下,登録中,2026/03/26,,2026/07/17
広島東洋カープ,二俣 翔一,内野手,支配下,登録中,2026/03/26,,2026/07/17
広島東洋カープ,秋山 翔吾,外野手,支配下,登録中,2026/07/07,2026/05/11,2026/07/17
広島東洋カープ,野間 峻祥,外野手,支配下,抹消中,2026/03/26,2026/07/06,2026/07/17
広島東洋カープ,平川 蓮,外野手,支配下,抹消中,2026/06/03,2026/06/14,2026/07/17
広島東洋カープ,末包 昇大,外野手,支配下,抹消中,,,2026/07/17
広島東洋カープ,久保 修,外野手,支配下,抹消中,2026/07/03,2026/07/15,2026/07/17
広島東洋カープ,大盛 穂,外野手,支配下,登録中,2026/03/26,,2026/07/17
広島東洋カープ,田村 俊介,外野手,支配下,抹消中,2026/05/12,2026/05/21,2026/07/17
広島東洋カープ,ファビアン,外野手,支配下,登録中,2026/05/29,2026/04/24,2026/07/17
広島東洋カープ,名原 典彦,外野手,支配下,登録中,2026/05/21,,2026/07/17
広島東洋カープ,中村 奨成,外野手,支配下,抹消中,2026/06/23,2026/07/03,2026/07/17
広島東洋カープ,中村 貴浩,外野手,支配下,抹消中,,,2026/07/17
広島東洋カープ,杉田 健,投手,育成,,,,2026/07/17
広島東洋カープ,小船 翼,投手,育成,,,,2026/07/17
広島東洋カープ,竹下 海斗,投手,育成,,,,2026/07/17
広島東洋カープ,河野 佳,投手,育成,,,,2026/07/17
広島東洋カープ,杉原 望来,投手,育成,,,,2026/07/17
広島東洋カープ,アリア,投手,育成,,,,2026/07/17
広島東洋カープ,安竹 俊喜,捕手,育成,,,,2026/07/17
広島東洋カープ,小林 結太,捕手,育成,,,,2026/07/17
広島東洋カープ,岸本 大希,内野手,育成,,,,2026/07/17
広島東洋カープ,ラミレス,内野手,育成,,,,2026/07/17
広島東洋カープ,ロベルト,外野手,育成,,,,2026/07/17
中日ドラゴンズ,中西 聖輝,投手,支配下,登録中,2026/07/15,2026/06/26,2026/07/17
中日ドラゴンズ,橋本 侑樹,投手,支配下,登録中,2026/05/26,2026/04/06,2026/07/17
中日ドラゴンズ,草加 勝,投手,支配下,登録中,2026/06/04,,2026/07/17
中日ドラゴンズ,櫻井 頼之介,投手,支配下,抹消中,2026/06/24,2026/06/25,2026/07/17
中日ドラゴンズ,柳 裕也,投手,支配下,登録中,2026/03/26,,2026/07/17
中日ドラゴンズ,髙橋 宏斗,投手,支配下,抹消中,2026/05/17,2026/06/01,2026/07/17
中日ドラゴンズ,涌井 秀章,投手,支配下,登録中,2026/07/04,2026/06/15,2026/07/17
中日ドラゴンズ,金丸 夢斗,投手,支配下,登録中,2026/03/31,,2026/07/17
中日ドラゴンズ,大野 雄大,投手,支配下,登録中,2026/06/20,2026/06/07,2026/07/17
中日ドラゴンズ,仲地 礼亜,投手,支配下,抹消中,2026/04/10,2026/05/11,2026/07/17
中日ドラゴンズ,アブレウ,投手,支配下,登録中,2026/06/19,2026/03/28,2026/07/17
中日ドラゴンズ,松木平 優太,投手,支配下,抹消中,,,2026/07/17
中日ドラゴンズ,根尾 昂,投手,支配下,抹消中,2026/03/28,2026/05/04,2026/07/17
中日ドラゴンズ,伊藤 茉央,投手,支配下,登録中,2026/05/13,,2026/07/17
中日ドラゴンズ,杉浦 稔大,投手,支配下,抹消中,2026/04/18,2026/05/21,2026/07/17
中日ドラゴンズ,福 敬登,投手,支配下,抹消中,2026/05/04,2026/05/17,2026/07/17
中日ドラゴンズ,福田 幸之介,投手,支配下,抹消中,,,2026/07/17
中日ドラゴンズ,松葉 貴大,投手,支配下,抹消中,2026/07/08,2026/07/09,2026/07/17
中日ドラゴンズ,勝野 昌慶,投手,支配下,抹消中,2026/06/02,2026/06/07,2026/07/17
中日ドラゴンズ,梅野 雄吾,投手,支配下,抹消中,2026/03/26,2026/04/05,2026/07/17
中日ドラゴンズ,吉田 聖弥,投手,支配下,登録中,2026/04/12,,2026/07/17
中日ドラゴンズ,清水 達也,投手,支配下,抹消中,2026/05/15,2026/05/25,2026/07/17
中日ドラゴンズ,篠﨑 国忠,投手,支配下,抹消中,2026/06/02,2026/06/28,2026/07/17
中日ドラゴンズ,藤嶋 健人,投手,支配下,登録中,2026/03/26,,2026/07/17
中日ドラゴンズ,齋藤 綱記,投手,支配下,登録中,2026/04/05,,2026/07/17
中日ドラゴンズ,高橋 幸佑,投手,支配下,抹消中,,,2026/07/17
中日ドラゴンズ,有馬 惠叶,投手,支配下,抹消中,,,2026/07/17
中日ドラゴンズ,牧野 憲伸,投手,支配下,登録中,2026/07/04,2026/06/01,2026/07/17
中日ドラゴンズ,三浦 瑞樹,投手,支配下,抹消中,,,2026/07/17
中日ドラゴンズ,近藤 廉,投手,支配下,抹消中,2026/03/26,2026/04/15,2026/07/17
中日ドラゴンズ,松山 晋也,投手,支配下,登録中,2026/04/07,,2026/07/17
中日ドラゴンズ,メヒア,投手,支配下,抹消中,2026/03/26,2026/06/03,2026/07/17
中日ドラゴンズ,マラー,投手,支配下,抹消中,2026/05/14,2026/07/15,2026/07/17
中日ドラゴンズ,石伊 雄太,捕手,支配下,登録中,2026/04/14,2026/04/01,2026/07/17
中日ドラゴンズ,木下 拓哉,捕手,支配下,登録中,2026/07/15,2026/06/05,2026/07/17
中日ドラゴンズ,宇佐見 真吾,捕手,支配下,抹消中,,,2026/07/17
中日ドラゴンズ,味谷 大誠,捕手,支配下,抹消中,2026/06/05,2026/07/08,2026/07/17
中日ドラゴンズ,加藤 匠馬,捕手,支配下,抹消中,2026/03/26,2026/07/15,2026/07/17
中日ドラゴンズ,石橋 康太,捕手,支配下,登録中,2026/07/09,,2026/07/17
中日ドラゴンズ,辻本 倫太郎,内野手,支配下,登録中,2026/07/10,2026/04/23,2026/07/17
中日ドラゴンズ,田中 幹也,内野手,支配下,登録中,2026/03/26,,2026/07/17
中日ドラゴンズ,高橋 周平,内野手,支配下,登録中,2026/04/02,,2026/07/17
中日ドラゴンズ,カリステ,内野手,支配下,抹消中,2026/05/02,2026/05/25,2026/07/17
中日ドラゴンズ,村松 開人,内野手,支配下,登録中,2026/03/26,,2026/07/17
中日ドラゴンズ,福永 裕基,内野手,支配下,登録中,2026/05/26,2026/05/13,2026/07/17
中日ドラゴンズ,サノー,内野手,支配下,登録中,2026/06/07,2026/04/15,2026/07/17
中日ドラゴンズ,石川 昂弥,内野手,支配下,登録中,2026/05/13,2026/04/01,2026/07/17
中日ドラゴンズ,森 駿太,内野手,支配下,抹消中,,,2026/07/17
中日ドラゴンズ,土田 龍空,内野手,支配下,登録中,2026/04/24,,2026/07/17
中日ドラゴンズ,阿部 寿樹,内野手,支配下,登録中,2026/03/26,,2026/07/17
中日ドラゴンズ,新保 茉良,内野手,支配下,抹消中,,,2026/07/17
中日ドラゴンズ,山本 泰寛,内野手,支配下,抹消中,2026/04/24,2026/07/10,2026/07/17
中日ドラゴンズ,板山 祐太郎,内野手,支配下,登録中,2026/03/26,,2026/07/17
中日ドラゴンズ,知野 直人,内野手,支配下,抹消中,2026/04/11,2026/05/02,2026/07/17
中日ドラゴンズ,ロドリゲス,内野手,支配下,抹消中,2026/04/15,2026/04/23,2026/07/17
中日ドラゴンズ,樋口 正修,内野手,支配下,抹消中,2026/03/26,2026/04/11,2026/07/17
中日ドラゴンズ,尾田 剛樹,外野手,支配下,登録中,2026/06/19,2026/06/07,2026/07/17
中日ドラゴンズ,岡林 勇希,外野手,支配下,登録中,2026/06/05,2026/04/04,2026/07/17
中日ドラゴンズ,大島 洋平,外野手,支配下,抹消中,2026/04/11,2026/05/25,2026/07/17
中日ドラゴンズ,ボスラー,外野手,支配下,登録中,2026/07/07,2026/06/05,2026/07/17
中日ドラゴンズ,ブライト 健太,外野手,支配下,抹消中,2026/04/19,2026/04/22,2026/07/17
中日ドラゴンズ,川越 誠司,外野手,支配下,抹消中,2026/04/19,2026/04/27,2026/07/17
中日ドラゴンズ,上林 誠知,外野手,支配下,抹消中,,,2026/07/17
中日ドラゴンズ,細川 成也,外野手,支配下,登録中,2026/03/26,,2026/07/17
中日ドラゴンズ,花田 旭,外野手,支配下,抹消中,2026/05/26,2026/06/17,2026/07/17
中日ドラゴンズ,鵜飼 航丞,外野手,支配下,抹消中,2026/04/14,2026/07/06,2026/07/17
中日ドラゴンズ,能戸 輝夢,外野手,支配下,抹消中,,,2026/07/17
中日ドラゴンズ,井上 剣也,投手,育成,,,,2026/07/17
中日ドラゴンズ,森 博人,投手,育成,,,,2026/07/17
中日ドラゴンズ,土生 翔太,投手,育成,,,,2026/07/17
中日ドラゴンズ,梅津 晃大,投手,育成,,,,2026/07/17
中日ドラゴンズ,森山 暁生,投手,育成,,,,2026/07/17
中日ドラゴンズ,マルティネス,投手,育成,,,,2026/07/17
中日ドラゴンズ,山浅 龍之介,捕手,育成,,,,2026/07/17
中日ドラゴンズ,日渡 騰輝,捕手,育成,,,,2026/07/17
中日ドラゴンズ,中村 奈一輝,内野手,育成,,,,2026/07/17
中日ドラゴンズ,津田 啓史,内野手,育成,,,,2026/07/17
中日ドラゴンズ,石川 大峨,内野手,育成,,,,2026/07/17
中日ドラゴンズ,川上 理偉,内野手,育成,,,,2026/07/17
中日ドラゴンズ,福元 悠真,外野手,育成,,,,2026/07/17
中日ドラゴンズ,三上 愛介,外野手,育成,,,,2026/07/17
東京ヤクルトスワローズ,キハダ,投手,支配下,登録中,2026/03/26,,2026/07/17
東京ヤクルトスワローズ,石山 泰稚,投手,支配下,抹消中,,,2026/07/17
東京ヤクルトスワローズ,中村 優斗,投手,支配下,抹消中,,,2026/07/17
東京ヤクルトスワローズ,清水 昇,投手,支配下,登録中,2026/03/26,,2026/07/17
東京ヤクルトスワローズ,奥川 恭伸,投手,支配下,登録中,2026/05/16,2026/05/05,2026/07/17
東京ヤクルトスワローズ,石川 雅規,投手,支配下,抹消中,,,2026/07/17
東京ヤクルトスワローズ,木澤 尚文,投手,支配下,抹消中,2026/03/26,2026/05/18,2026/07/17
東京ヤクルトスワローズ,吉村 貢司郎,投手,支配下,登録中,2026/06/12,2026/05/13,2026/07/17
東京ヤクルトスワローズ,星 知弥,投手,支配下,抹消中,2026/03/26,2026/07/12,2026/07/17
東京ヤクルトスワローズ,山野 太一,投手,支配下,登録中,2026/04/22,2026/04/12,2026/07/17
東京ヤクルトスワローズ,松本 健吾,投手,支配下,登録中,2026/04/02,,2026/07/17
東京ヤクルトスワローズ,小川 泰弘,投手,支配下,抹消中,2026/05/28,2026/06/05,2026/07/17
東京ヤクルトスワローズ,荘司 宏太,投手,支配下,抹消中,2026/03/26,2026/06/11,2026/07/17
東京ヤクルトスワローズ,山崎 太陽,投手,支配下,抹消中,,,2026/07/17
東京ヤクルトスワローズ,田口 麗斗,投手,支配下,抹消中,2026/03/26,2026/05/04,2026/07/17
東京ヤクルトスワローズ,石原 勇輝,投手,支配下,登録中,2026/07/14,2026/05/11,2026/07/17
東京ヤクルトスワローズ,高梨 裕稔,投手,支配下,抹消中,2026/04/23,2026/06/07,2026/07/17
東京ヤクルトスワローズ,拓也,投手,支配下,抹消中,2026/06/11,2026/06/14,2026/07/17
東京ヤクルトスワローズ,増居 翔太,投手,支配下,登録中,2026/07/16,2026/04/20,2026/07/17
東京ヤクルトスワローズ,大西 広樹,投手,支配下,登録中,2026/06/30,2026/04/10,2026/07/17
東京ヤクルトスワローズ,小澤 怜史,投手,支配下,登録中,2026/05/04,,2026/07/17
東京ヤクルトスワローズ,大道 温貴,投手,支配下,抹消中,2026/05/19,2026/06/01,2026/07/17
東京ヤクルトスワローズ,高橋 奎二,投手,支配下,登録中,2026/06/21,2026/06/11,2026/07/17
東京ヤクルトスワローズ,鈴木 蓮吾,投手,支配下,抹消中,,,2026/07/17
東京ヤクルトスワローズ,長谷川 宙輝,投手,支配下,抹消中,,,2026/07/17
東京ヤクルトスワローズ,坂本 拓己,投手,支配下,抹消中,,,2026/07/17
東京ヤクルトスワローズ,ウォルターズ,投手,支配下,抹消中,2026/07/09,2026/07/10,2026/07/17
東京ヤクルトスワローズ,飯田 琉斗,投手,支配下,抹消中,2026/06/07,2026/06/29,2026/07/17
東京ヤクルトスワローズ,リランソ,投手,支配下,登録中,2026/06/02,2026/04/23,2026/07/17
東京ヤクルトスワローズ,阪口 皓亮,投手,支配下,登録中,2026/05/13,,2026/07/17
東京ヤクルトスワローズ,丸山 翔大,投手,支配下,登録中,2026/04/10,,2026/07/17
東京ヤクルトスワローズ,下川 隼佑,投手,支配下,抹消中,2026/06/11,2026/06/12,2026/07/17
東京ヤクルトスワローズ,廣澤 優,投手,支配下,登録中,2026/03/26,,2026/07/17
東京ヤクルトスワローズ,沼田 翔平,投手,支配下,抹消中,,,2026/07/17
東京ヤクルトスワローズ,青柳 晃洋,投手,支配下,抹消中,,,2026/07/17
東京ヤクルトスワローズ,古賀 優大,捕手,支配下,登録中,2026/03/26,,2026/07/17
東京ヤクルトスワローズ,中村 悠平,捕手,支配下,登録中,2026/04/03,,2026/07/17
東京ヤクルトスワローズ,松本 直樹,捕手,支配下,抹消中,2026/06/09,2026/06/29,2026/07/17
東京ヤクルトスワローズ,柿沼 友哉,捕手,支配下,抹消中,2026/03/26,2026/04/03,2026/07/17
東京ヤクルトスワローズ,橋本 星哉,捕手,支配下,抹消中,2026/03/26,2026/04/27,2026/07/17
東京ヤクルトスワローズ,矢野 泰二郎,捕手,支配下,登録中,2026/06/30,,2026/07/17
東京ヤクルトスワローズ,鈴木 叶,捕手,支配下,抹消中,2026/03/26,2026/06/08,2026/07/17
東京ヤクルトスワローズ,赤羽 由紘,内野手,支配下,登録中,2026/06/02,2026/05/07,2026/07/17
東京ヤクルトスワローズ,山田 哲人,内野手,支配下,抹消中,,,2026/07/17
東京ヤクルトスワローズ,内山 壮真,内野手,支配下,登録中,2026/07/05,2026/06/20,2026/07/17
東京ヤクルトスワローズ,松下 歩叶,内野手,支配下,抹消中,2026/05/29,2026/07/16,2026/07/17
東京ヤクルトスワローズ,長岡 秀樹,内野手,支配下,登録中,2026/05/15,2026/04/30,2026/07/17
東京ヤクルトスワローズ,茂木 栄五郎,内野手,支配下,抹消中,2026/04/28,2026/06/24,2026/07/17
東京ヤクルトスワローズ,宮本 丈,内野手,支配下,抹消中,2026/03/26,2026/05/13,2026/07/17
東京ヤクルトスワローズ,オスナ,内野手,支配下,抹消中,2026/05/12,2026/07/06,2026/07/17
東京ヤクルトスワローズ,山野辺 翔,内野手,支配下,登録中,2026/06/28,2026/05/29,2026/07/17
東京ヤクルトスワローズ,石井 巧,内野手,支配下,登録中,2026/06/23,2026/06/01,2026/07/17
東京ヤクルトスワローズ,松川 玲央,内野手,支配下,抹消中,,,2026/07/17
東京ヤクルトスワローズ,北村 恵吾,内野手,支配下,抹消中,2026/04/30,2026/05/11,2026/07/17
東京ヤクルトスワローズ,田中 陽翔,内野手,支配下,抹消中,2026/03/26,2026/05/14,2026/07/17
東京ヤクルトスワローズ,武岡 龍世,内野手,支配下,登録中,2026/07/16,2026/07/06,2026/07/17
東京ヤクルトスワローズ,伊藤 琉偉,内野手,支配下,登録中,2026/03/26,,2026/07/17
東京ヤクルトスワローズ,セデーニョ,内野手,支配下,登録中,2026/07/07,,2026/07/17
東京ヤクルトスワローズ,並木 秀尊,外野手,支配下,抹消中,2026/04/14,2026/05/17,2026/07/17
東京ヤクルトスワローズ,丸山 和郁,外野手,支配下,抹消中,2026/03/26,2026/05/22,2026/07/17
東京ヤクルトスワローズ,塩見 泰隆,外野手,支配下,登録中,2026/05/29,,2026/07/17
東京ヤクルトスワローズ,サンタナ,外野手,支配下,登録中,2026/03/26,,2026/07/17
東京ヤクルトスワローズ,モイセエフ ニキータ,外野手,支配下,抹消中,2026/06/11,2026/06/22,2026/07/17
東京ヤクルトスワローズ,西村 瑠伊斗,外野手,支配下,抹消中,,,2026/07/17
東京ヤクルトスワローズ,澤井 廉,外野手,支配下,抹消中,2026/05/04,2026/05/29,2026/07/17
東京ヤクルトスワローズ,増田 珠,外野手,支配下,登録中,2026/03/26,,2026/07/17
東京ヤクルトスワローズ,岩田 幸宏,外野手,支配下,登録中,2026/03/26,,2026/07/17
東京ヤクルトスワローズ,モンテル,外野手,支配下,登録中,2026/05/23,,2026/07/17
東京ヤクルトスワローズ,竹山 日向,投手,育成,,,,2026/07/17
東京ヤクルトスワローズ,西舘 昂汰,投手,育成,,,,2026/07/17
東京ヤクルトスワローズ,小宮 悠瞳,投手,育成,,,,2026/07/17
東京ヤクルトスワローズ,西濱 勇星,投手,育成,,,,2026/07/17
東京ヤクルトスワローズ,翔聖,投手,育成,,,,2026/07/17
東京ヤクルトスワローズ,佐藤 琢磨,投手,育成,,,,2026/07/17
東京ヤクルトスワローズ,松本 龍之介,捕手,育成,,,,2026/07/17
東京ヤクルトスワローズ,中川 拓真,捕手,育成,,,,2026/07/17
東京ヤクルトスワローズ,澤野 聖悠,内野手,育成,,,,2026/07/17
東京ヤクルトスワローズ,根岸 辰昇,内野手,育成,,,,2026/07/17
東京ヤクルトスワローズ,髙野 颯太,内野手,育成,,,,2026/07/17
福岡ソフトバンクホークス,スチュワート・ジュニア,投手,支配下,登録中,2026/07/15,2026/07/04,2026/07/17
福岡ソフトバンクホークス,上沢 直之,投手,支配下,登録中,2026/06/23,2026/05/17,2026/07/17
福岡ソフトバンクホークス,津森 宥紀,投手,支配下,登録中,2026/04/18,,2026/07/17
福岡ソフトバンクホークス,稲川 竜汰,投手,支配下,抹消中,2026/03/26,2026/04/02,2026/07/17
福岡ソフトバンクホークス,東浜 巨,投手,支配下,抹消中,,,2026/07/17
福岡ソフトバンクホークス,徐 若熙,投手,支配下,抹消中,2026/05/31,2026/06/08,2026/07/17
福岡ソフトバンクホークス,大津 亮介,投手,支配下,登録中,2026/04/02,,2026/07/17
福岡ソフトバンクホークス,村上 泰斗,投手,支配下,抹消中,,,2026/07/17
福岡ソフトバンクホークス,藤原 大翔,投手,支配下,抹消中,2026/05/13,2026/05/21,2026/07/17
福岡ソフトバンクホークス,鈴木 豪太,投手,支配下,登録中,2026/05/06,2026/04/26,2026/07/17
福岡ソフトバンクホークス,岩井 俊介,投手,支配下,登録中,2026/06/23,,2026/07/17
福岡ソフトバンクホークス,安德 駿,投手,支配下,抹消中,,,2026/07/17
福岡ソフトバンクホークス,大江 竜聖,投手,支配下,抹消中,2026/05/13,2026/05/24,2026/07/17
福岡ソフトバンクホークス,中村 稔弥,投手,支配下,登録中,2026/06/07,,2026/07/17
福岡ソフトバンクホークス,アルメンタ,投手,支配下,抹消中,2026/06/14,2026/06/15,2026/07/17
福岡ソフトバンクホークス,モイネロ,投手,支配下,抹消中,,,2026/07/17
福岡ソフトバンクホークス,尾形 崇斗,投手,トレード,抹消中,2026/04/03,2026/05/12,2026/07/17
福岡ソフトバンクホークス,杉山 一樹,投手,支配下,登録中,2026/05/06,2026/04/12,2026/07/17
福岡ソフトバンクホークス,前田 悠伍,投手,支配下,抹消中,2026/06/06,2026/07/09,2026/07/17
福岡ソフトバンクホークス,伊藤 優輔,投手,支配下,登録中,2026/05/28,2026/05/05,2026/07/17
福岡ソフトバンクホークス,大関 友久,投手,支配下,登録中,2026/07/11,2026/06/07,2026/07/17
福岡ソフトバンクホークス,藤井 皓哉,投手,支配下,抹消中,,,2026/07/17
福岡ソフトバンクホークス,松本 晴,投手,支配下,抹消中,2026/06/28,2026/07/13,2026/07/17
福岡ソフトバンクホークス,相良 雅斗,投手,支配下,抹消中,,,2026/07/17
福岡ソフトバンクホークス,前田 純,投手,支配下,抹消中,2026/06/25,2026/06/26,2026/07/17
福岡ソフトバンクホークス,大山 凌,投手,支配下,抹消中,2026/05/22,2026/05/27,2026/07/17
福岡ソフトバンクホークス,オスナ,投手,支配下,登録中,2026/04/14,,2026/07/17
福岡ソフトバンクホークス,木村 大成,投手,支配下,抹消中,2026/05/29,2026/05/31,2026/07/17
福岡ソフトバンクホークス,大竹 風雅,投手,支配下,抹消中,2026/06/24,2026/07/13,2026/07/17
福岡ソフトバンクホークス,大野 稼頭央,投手,支配下,抹消中,2026/05/16,2026/05/21,2026/07/17
福岡ソフトバンクホークス,ヘルナンデス,投手,支配下,登録中,2026/07/14,2026/06/10,2026/07/17
福岡ソフトバンクホークス,上茶谷 大河,投手,支配下,登録中,2026/03/26,,2026/07/17
福岡ソフトバンクホークス,松本 裕樹,投手,支配下,登録中,2026/03/26,,2026/07/17
福岡ソフトバンクホークス,木村 光,投手,支配下,抹消中,2026/05/24,2026/06/22,2026/07/17
福岡ソフトバンクホークス,岩崎 峻典,投手,支配下,抹消中,,,2026/07/17
福岡ソフトバンクホークス,渡邉 陸,捕手,支配下,登録中,2026/06/04,2026/05/13,2026/07/17
福岡ソフトバンクホークス,嶺井 博希,捕手,支配下,抹消中,,,2026/07/17
福岡ソフトバンクホークス,山本 祐大,捕手,支配下,抹消中,2026/05/13,2026/06/06,2026/07/17
福岡ソフトバンクホークス,谷川原 健太,捕手,支配下,登録中,2026/03/26,,2026/07/17
福岡ソフトバンクホークス,石塚 綜一郎,捕手,支配下,抹消中,2026/06/19,2026/06/24,2026/07/17
福岡ソフトバンクホークス,海野 隆司,捕手,支配下,登録中,2026/03/26,,2026/07/17
福岡ソフトバンクホークス,藤田 悠太郎,捕手,支配下,抹消中,,,2026/07/17
福岡ソフトバンクホークス,川瀬 晃,内野手,支配下,登録中,2026/06/09,2026/05/26,2026/07/17
福岡ソフトバンクホークス,ダウンズ,内野手,支配下,登録中,2026/07/05,,2026/07/17
福岡ソフトバンクホークス,山川 穂高,内野手,支配下,抹消中,2026/03/26,2026/06/01,2026/07/17
福岡ソフトバンクホークス,今宮 健太,内野手,支配下,登録中,2026/03/26,,2026/07/17
福岡ソフトバンクホークス,中村 晃,内野手,支配下,抹消中,2026/03/26,2026/06/09,2026/07/17
福岡ソフトバンクホークス,牧原 大成,内野手,支配下,登録中,2026/03/26,,2026/07/17
福岡ソフトバンクホークス,栗原 陵矢,内野手,支配下,登録中,2026/03/26,,2026/07/17
福岡ソフトバンクホークス,庄子 雄大,内野手,支配下,登録中,2026/03/26,,2026/07/17
福岡ソフトバンクホークス,廣瀨 隆太,内野手,支配下,登録中,2026/05/26,2026/04/03,2026/07/17
福岡ソフトバンクホークス,イヒネ イツア,内野手,支配下,抹消中,2026/03/26,2026/04/27,2026/07/17
福岡ソフトバンクホークス,井上 朋也,内野手,トレード,抹消中,,,2026/07/17
福岡ソフトバンクホークス,宇野 真仁朗,内野手,支配下,抹消中,,,2026/07/17
福岡ソフトバンクホークス,秋広 優人,内野手,支配下,抹消中,,,2026/07/17
福岡ソフトバンクホークス,髙橋 隆慶,内野手,支配下,抹消中,2026/05/31,2026/06/18,2026/07/17
福岡ソフトバンクホークス,石見 颯真,内野手,支配下,抹消中,,,2026/07/17
福岡ソフトバンクホークス,野村 勇,内野手,支配下,抹消中,2026/03/26,2026/07/09,2026/07/17
福岡ソフトバンクホークス,近藤 健介,外野手,支配下,登録中,2026/05/19,2026/05/17,2026/07/17
福岡ソフトバンクホークス,柳田 悠岐,外野手,支配下,登録中,2026/03/26,,2026/07/17
福岡ソフトバンクホークス,周東 佑京,外野手,支配下,登録中,2026/03/26,,2026/07/17
福岡ソフトバンクホークス,正木 智也,外野手,支配下,登録中,2026/05/15,,2026/07/17
福岡ソフトバンクホークス,柳町 達,外野手,支配下,登録中,2026/06/10,2026/05/12,2026/07/17
福岡ソフトバンクホークス,笹川 吉康,外野手,支配下,抹消中,2026/04/28,2026/05/14,2026/07/17
福岡ソフトバンクホークス,緒方 理貢,外野手,支配下,登録中,2026/07/10,,2026/07/17
福岡ソフトバンクホークス,川村 友斗,外野手,支配下,登録中,2026/03/26,,2026/07/17
福岡ソフトバンクホークス,山本 恵大,外野手,支配下,抹消中,2026/05/12,2026/05/31,2026/07/17
福岡ソフトバンクホークス,長谷川 威展,投手,育成,,,,2026/07/17
福岡ソフトバンクホークス,宮里 優吾,投手,育成,,,,2026/07/17
福岡ソフトバンクホークス,河野 伸一朗,投手,育成,,,,2026/07/17
福岡ソフトバンクホークス,川口 冬弥,投手,育成,,,,2026/07/17
福岡ソフトバンクホークス,村田 賢一,投手,育成,,,,2026/07/17
福岡ソフトバンクホークス,津嘉山 憲志郎,投手,育成,,,,2026/07/17
福岡ソフトバンクホークス,相原 雄太,投手,育成,,,,2026/07/17
福岡ソフトバンクホークス,井﨑 燦志郎,投手,育成,,,,2026/07/17
福岡ソフトバンクホークス,岡田 皓一朗,投手,育成,,,,2026/07/17
福岡ソフトバンクホークス,澤柳 亮太郎,投手,育成,,,,2026/07/17
福岡ソフトバンクホークス,ハモンド,投手,育成,,,,2026/07/17
福岡ソフトバンクホークス,大矢 琉晟,投手,育成,,,,2026/07/17
福岡ソフトバンクホークス,山崎 琢磨,投手,育成,,,,2026/07/17
福岡ソフトバンクホークス,熊谷 太雅,投手,育成,,,,2026/07/17
福岡ソフトバンクホークス,塩士 暖,投手,育成,,,,2026/07/17
福岡ソフトバンクホークス,張 峻ウェイ,投手,育成,,,,2026/07/17
福岡ソフトバンクホークス,長﨑 蓮汰,投手,育成,,,,2026/07/17
福岡ソフトバンクホークス,ロドリゲス,投手,育成,,,,2026/07/17
福岡ソフトバンクホークス,田上 奏大,投手,育成,,,,2026/07/17
福岡ソフトバンクホークス,長水 啓眞,投手,育成,,,,2026/07/17
福岡ソフトバンクホークス,内野 海斗,投手,育成,,,,2026/07/17
福岡ソフトバンクホークス,岡植 純平,投手,育成,,,,2026/07/17
福岡ソフトバンクホークス,佐々木 明都,投手,育成,,,,2026/07/17
福岡ソフトバンクホークス,北斗,投手,育成,,2026/07/04,2026/07/05,2026/07/17
福岡ソフトバンクホークス,小林 樹斗,投手,育成,,,,2026/07/17
福岡ソフトバンクホークス,飛田 悠成,投手,育成,,,,2026/07/17
福岡ソフトバンクホークス,サルディ,投手,育成,,,,2026/07/17
福岡ソフトバンクホークス,大友 宗,捕手,育成,,,,2026/07/17
福岡ソフトバンクホークス,牧原 巧汰,捕手,育成,,,,2026/07/17
福岡ソフトバンクホークス,池田 栞太,捕手,育成,,,,2026/07/17
福岡ソフトバンクホークス,盛島 稜大,捕手,育成,,,,2026/07/17
福岡ソフトバンクホークス,ザイレン,内野手,育成,,,,2026/07/17
福岡ソフトバンクホークス,藤野 恵音,内野手,育成,,,,2026/07/17
福岡ソフトバンクホークス,桑原 秀侍,内野手,育成,,,,2026/07/17
福岡ソフトバンクホークス,広瀬 結煌,内野手,育成,,,,2026/07/17
福岡ソフトバンクホークス,佐倉 侠史朗,内野手,育成,,,,2026/07/17
福岡ソフトバンクホークス,中澤 恒貴,内野手,育成,,,,2026/07/17
福岡ソフトバンクホークス,江崎 歩,内野手,育成,,,,2026/07/17
福岡ソフトバンクホークス,大橋 令和,内野手,育成,,,,2026/07/17
福岡ソフトバンクホークス,山下 恭吾,内野手,育成,,,,2026/07/17
福岡ソフトバンクホークス,西尾 歩真,内野手,育成,,,,2026/07/17
福岡ソフトバンクホークス,モレノ,内野手,育成,,,,2026/07/17
福岡ソフトバンクホークス,アルモンテ,内野手,育成,,,,2026/07/17
福岡ソフトバンクホークス,大泉 周也,外野手,育成,,,,2026/07/17
福岡ソフトバンクホークス,漁府 輝羽,外野手,育成,,,,2026/07/17
福岡ソフトバンクホークス,木下 勇人,外野手,育成,,,,2026/07/17
福岡ソフトバンクホークス,鈴木 貴大,外野手,育成,,,,2026/07/17
福岡ソフトバンクホークス,生海,外野手,育成,,,,2026/07/17
福岡ソフトバンクホークス,エミール,外野手,育成,,,,2026/07/17
福岡ソフトバンクホークス,重松 凱人,外野手,育成,,,,2026/07/17
福岡ソフトバンクホークス,佐藤 航太,外野手,育成,,,,2026/07/17
福岡ソフトバンクホークス,オスーナ,外野手,育成,,,,2026/07/17
北海道日本ハムファイターズ,矢澤 宏太,投手,支配下,登録中,2026/07/14,2026/07/03,2026/07/17
北海道日本ハムファイターズ,生田目 翼,投手,支配下,登録中,2026/07/14,2026/05/24,2026/07/17
北海道日本ハムファイターズ,加藤 貴之,投手,支配下,登録中,2026/06/24,2026/06/11,2026/07/17
北海道日本ハムファイターズ,北山 亘基,投手,支配下,登録中,2026/04/01,,2026/07/17
北海道日本ハムファイターズ,達 孝太,投手,支配下,登録中,2026/06/16,2026/05/30,2026/07/17
北海道日本ハムファイターズ,伊藤 大海,投手,支配下,登録中,2026/03/26,,2026/07/17
北海道日本ハムファイターズ,山﨑 福也,投手,支配下,登録中,2026/07/11,2026/06/30,2026/07/17
北海道日本ハムファイターズ,玉井 大翔,投手,支配下,抹消中,2026/04/07,2026/05/21,2026/07/17
北海道日本ハムファイターズ,上原 健太,投手,支配下,登録中,2026/06/19,2026/05/21,2026/07/17
北海道日本ハムファイターズ,杉浦 稔大,投手,トレード,抹消中,,,2026/07/17
北海道日本ハムファイターズ,金村 尚真,投手,支配下,登録中,2026/06/21,,2026/07/17
北海道日本ハムファイターズ,宮西 尚生,投手,支配下,抹消中,,,2026/07/17
北海道日本ハムファイターズ,田中 正義,投手,支配下,登録中,2026/03/26,,2026/07/17
北海道日本ハムファイターズ,大川 慈英,投手,支配下,抹消中,2026/04/19,2026/04/24,2026/07/17
北海道日本ハムファイターズ,河野 竜生,投手,支配下,抹消中,2026/05/23,2026/06/19,2026/07/17
北海道日本ハムファイターズ,細野 晴希,投手,支配下,抹消中,2026/07/04,2026/07/06,2026/07/17
北海道日本ハムファイターズ,ラオ,投手,支配下,抹消中,,,2026/07/17
北海道日本ハムファイターズ,柴田 獅子,投手,支配下,登録中,2026/07/14,2026/06/22,2026/07/17
北海道日本ハムファイターズ,藤田 琉生,投手,支配下,抹消中,,,2026/07/17
北海道日本ハムファイターズ,堀 瑞輝,投手,支配下,登録中,2026/05/06,,2026/07/17
北海道日本ハムファイターズ,浅利 太門,投手,支配下,抹消中,,,2026/07/17
北海道日本ハムファイターズ,古林 睿煬,投手,支配下,抹消中,2026/06/14,2026/06/15,2026/07/17
北海道日本ハムファイターズ,島本 浩也,投手,支配下,登録中,2026/03/26,,2026/07/17
北海道日本ハムファイターズ,福谷 浩司,投手,支配下,抹消中,2026/05/24,2026/06/15,2026/07/17
北海道日本ハムファイターズ,福島 蓮,投手,支配下,抹消中,2026/06/28,2026/07/13,2026/07/17
北海道日本ハムファイターズ,畔柳 亨丞,投手,支配下,抹消中,2026/06/04,2026/07/04,2026/07/17
北海道日本ハムファイターズ,柳川 大晟,投手,支配下,登録中,2026/07/05,2026/06/25,2026/07/17
北海道日本ハムファイターズ,齋藤 友貴哉,投手,支配下,抹消中,2026/06/21,2026/07/13,2026/07/17
北海道日本ハムファイターズ,池田 隆英,投手,支配下,抹消中,2026/03/26,2026/04/20,2026/07/17
北海道日本ハムファイターズ,菊地 大稀,投手,支配下,抹消中,2026/05/22,2026/06/21,2026/07/17
北海道日本ハムファイターズ,清水 大暉,投手,支配下,抹消中,2026/05/23,2026/06/01,2026/07/17
北海道日本ハムファイターズ,山城 航太郎,投手,支配下,抹消中,,,2026/07/17
北海道日本ハムファイターズ,山本 拓実,投手,支配下,抹消中,2026/04/24,2026/06/21,2026/07/17
北海道日本ハムファイターズ,有原 航平,投手,支配下,抹消中,2026/07/02,2026/07/03,2026/07/17
北海道日本ハムファイターズ,松岡 洸希,投手,支配下,抹消中,,,2026/07/17
北海道日本ハムファイターズ,孫 易磊,投手,支配下,抹消中,2026/06/11,2026/06/21,2026/07/17
北海道日本ハムファイターズ,マルティネス,捕手,支配下,抹消中,2026/06/05,2026/07/13,2026/07/17
北海道日本ハムファイターズ,郡司 裕也,捕手,支配下,登録中,2026/07/03,2026/06/14,2026/07/17
北海道日本ハムファイターズ,清水 優心,捕手,支配下,登録中,2026/07/16,2026/05/29,2026/07/17
北海道日本ハムファイターズ,進藤 勇也,捕手,支配下,登録中,2026/04/29,,2026/07/17
北海道日本ハムファイターズ,リン,捕手,支配下,抹消中,,,2026/07/17
北海道日本ハムファイターズ,藤森 海斗,捕手,支配下,抹消中,,,2026/07/17
北海道日本ハムファイターズ,吉田 賢吾,捕手,支配下,登録中,2026/06/16,2026/04/20,2026/07/17
北海道日本ハムファイターズ,田宮 裕涼,捕手,支配下,登録中,2026/03/26,,2026/07/17
北海道日本ハムファイターズ,梅林 優貴,捕手,支配下,抹消中,2026/05/29,2026/06/05,2026/07/17
北海道日本ハムファイターズ,上川畑 大悟,内野手,支配下,登録中,2026/07/16,2026/05/28,2026/07/17
北海道日本ハムファイターズ,野村 佑希,内野手,支配下,登録中,2026/03/26,,2026/07/17
北海道日本ハムファイターズ,カストロ,内野手,支配下,抹消中,2026/04/28,2026/07/06,2026/07/17
北海道日本ハムファイターズ,中島 卓也,内野手,支配下,抹消中,,,2026/07/17
北海道日本ハムファイターズ,清宮 幸太郎,内野手,支配下,登録中,2026/03/26,,2026/07/17
北海道日本ハムファイターズ,有薗 直輝,内野手,支配下,抹消中,,,2026/07/17
北海道日本ハムファイターズ,水野 達稀,内野手,支配下,登録中,2026/03/26,,2026/07/17
北海道日本ハムファイターズ,阪口 樂,内野手,支配下,抹消中,,,2026/07/17
北海道日本ハムファイターズ,大塚 瑠晏,内野手,支配下,抹消中,2026/06/03,2026/07/16,2026/07/17
北海道日本ハムファイターズ,半田 南十,内野手,支配下,抹消中,,,2026/07/17
北海道日本ハムファイターズ,山縣 秀,内野手,支配下,登録中,2026/05/28,2026/04/27,2026/07/17
北海道日本ハムファイターズ,細川 凌平,内野手,支配下,登録中,2026/05/05,,2026/07/17
北海道日本ハムファイターズ,奈良間 大己,内野手,支配下,登録中,2026/03/26,,2026/07/17
北海道日本ハムファイターズ,明瀬 諒介,内野手,支配下,抹消中,,,2026/07/17
北海道日本ハムファイターズ,西川 遥輝,外野手,支配下,抹消中,2026/03/26,2026/04/30,2026/07/17
北海道日本ハムファイターズ,淺間 大基,外野手,支配下,抹消中,2026/04/21,2026/06/08,2026/07/17
北海道日本ハムファイターズ,宮崎 一樹,外野手,支配下,登録中,2026/07/07,,2026/07/17
北海道日本ハムファイターズ,エドポロ ケイン,外野手,支配下,抹消中,2026/05/22,2026/05/28,2026/07/17
北海道日本ハムファイターズ,五十幡 亮汰,外野手,支配下,登録中,2026/03/26,,2026/07/17
北海道日本ハムファイターズ,水谷 瞬,外野手,支配下,登録中,2026/06/09,2026/04/20,2026/07/17
北海道日本ハムファイターズ,今川 優馬,外野手,支配下,抹消中,,,2026/07/17
北海道日本ハムファイターズ,万波 中正,外野手,支配下,登録中,2026/03/26,,2026/07/17
北海道日本ハムファイターズ,レイエス,外野手,支配下,登録中,2026/03/26,,2026/07/17
北海道日本ハムファイターズ,加藤 大和,投手,育成,,,,2026/07/17
北海道日本ハムファイターズ,松本 遼大,投手,育成,,,,2026/07/17
北海道日本ハムファイターズ,清宮 虎多朗,投手,育成,,,,2026/07/17
北海道日本ハムファイターズ,宮内 春輝,投手,育成,,,,2026/07/17
北海道日本ハムファイターズ,川勝 空人,投手,育成,,,,2026/07/17
北海道日本ハムファイターズ,澁谷 純希,投手,育成,,,,2026/07/17
北海道日本ハムファイターズ,横山 永遠,投手,育成,,,,2026/07/17
北海道日本ハムファイターズ,福田 俊,投手,育成,,,,2026/07/17
北海道日本ハムファイターズ,安西 叶翔,投手,育成,,,,2026/07/17
北海道日本ハムファイターズ,根本 悠楓,投手,育成,,,,2026/07/17
北海道日本ハムファイターズ,濵田 泰希,内野手,育成,,,,2026/07/17
北海道日本ハムファイターズ,常谷 拓輝,内野手,育成,,,,2026/07/17
北海道日本ハムファイターズ,藤田 大清,外野手,育成,,,,2026/07/17
北海道日本ハムファイターズ,山口 アタル,外野手,育成,,,,2026/07/17
北海道日本ハムファイターズ,星野 ひので,外野手,育成,,,,2026/07/17
オリックス・バファローズ,エスピノーザ,投手,支配下,登録中,2026/04/01,,2026/07/17
オリックス・バファローズ,山下 舜平大,投手,支配下,抹消中,,,2026/07/17
オリックス・バファローズ,東 晃平,投手,支配下,抹消中,,,2026/07/17
オリックス・バファローズ,寺西 成騎,投手,支配下,抹消中,2026/04/16,2026/06/28,2026/07/17
オリックス・バファローズ,椋木 蓮,投手,支配下,登録中,2026/03/26,,2026/07/17
オリックス・バファローズ,平野 佳寿,投手,支配下,抹消中,2026/03/26,2026/04/16,2026/07/17
オリックス・バファローズ,曽谷 龍平,投手,支配下,抹消中,2026/04/10,2026/06/11,2026/07/17
オリックス・バファローズ,宮城 大弥,投手,支配下,抹消中,2026/03/26,2026/04/10,2026/07/17
オリックス・バファローズ,山岡 泰輔,投手,支配下,抹消中,2026/05/24,2026/05/25,2026/07/17
オリックス・バファローズ,阿部 翔太,投手,支配下,登録中,2026/07/14,2026/05/30,2026/07/17
オリックス・バファローズ,山﨑 颯一郎,投手,支配下,登録中,2026/03/26,,2026/07/17
オリックス・バファローズ,九里 亜蓮,投手,支配下,登録中,2026/03/28,,2026/07/17
オリックス・バファローズ,吉田 輝星,投手,支配下,抹消中,2026/04/25,2026/07/02,2026/07/17
オリックス・バファローズ,齋藤 響介,投手,支配下,抹消中,,,2026/07/17
オリックス・バファローズ,富山 凌雅,投手,支配下,抹消中,,,2026/07/17
オリックス・バファローズ,田嶋 大樹,投手,支配下,抹消中,2026/06/24,2026/07/11,2026/07/17
オリックス・バファローズ,藤川 敦也,投手,支配下,抹消中,,,2026/07/17
オリックス・バファローズ,古田島 成龍,投手,支配下,抹消中,2026/03/26,2026/04/17,2026/07/17
オリックス・バファローズ,森 陽樹,投手,支配下,抹消中,,,2026/07/17
オリックス・バファローズ,岩嵜 翔,投手,支配下,登録中,2026/06/02,,2026/07/17
オリックス・バファローズ,佐藤 龍月,投手,支配下,抹消中,,,2026/07/17
オリックス・バファローズ,マチャド,投手,支配下,登録中,2026/03/26,,2026/07/17
オリックス・バファローズ,髙谷 舟,投手,支配下,抹消中,2026/04/01,2026/04/04,2026/07/17
オリックス・バファローズ,山口 廉王,投手,支配下,抹消中,,,2026/07/17
オリックス・バファローズ,東松 快征,投手,支配下,抹消中,2026/03/26,2026/04/16,2026/07/17
オリックス・バファローズ,片山 楽生,投手,支配下,登録中,2026/07/15,2026/07/03,2026/07/17
オリックス・バファローズ,横山 楓,投手,支配下,抹消中,2026/03/26,2026/04/24,2026/07/17
オリックス・バファローズ,山田 修義,投手,支配下,抹消中,2026/04/10,2026/05/10,2026/07/17
オリックス・バファローズ,ペルドモ,投手,支配下,抹消中,2026/06/12,2026/06/21,2026/07/17
オリックス・バファローズ,宮國 凌空,投手,支配下,登録中,2026/07/01,2026/06/13,2026/07/17
オリックス・バファローズ,博志,投手,支配下,登録中,2026/06/23,2026/06/12,2026/07/17
オリックス・バファローズ,入山 海斗,投手,支配下,登録中,2026/07/11,2026/06/28,2026/07/17
オリックス・バファローズ,ジェリー,投手,支配下,抹消中,2026/04/05,2026/07/08,2026/07/17
オリックス・バファローズ,佐藤 一磨,投手,支配下,抹消中,2026/07/02,2026/07/06,2026/07/17
オリックス・バファローズ,川瀬 堅斗,投手,支配下,抹消中,2026/07/03,2026/07/13,2026/07/17
オリックス・バファローズ,才木 海翔,投手,支配下,登録中,2026/06/28,,2026/07/17
オリックス・バファローズ,髙島 泰都,投手,支配下,登録中,2026/06/12,2026/06/01,2026/07/17
オリックス・バファローズ,権田 琉成,投手,支配下,登録中,2026/05/15,2026/04/29,2026/07/17
オリックス・バファローズ,若月 健矢,捕手,支配下,登録中,2026/03/26,,2026/07/17
オリックス・バファローズ,森 友哉,捕手,支配下,登録中,2026/06/27,2026/06/02,2026/07/17
オリックス・バファローズ,福永 奨,捕手,支配下,登録中,2026/06/02,2026/05/22,2026/07/17
オリックス・バファローズ,石川 亮,捕手,支配下,登録中,2026/07/10,2026/06/29,2026/07/17
オリックス・バファローズ,頓宮 裕真,捕手,支配下,抹消中,,,2026/07/17
オリックス・バファローズ,山中 稜真,捕手,支配下,登録中,2026/05/19,,2026/07/17
オリックス・バファローズ,野上 士耀,捕手,支配下,抹消中,,,2026/07/17
オリックス・バファローズ,堀 柊那,捕手,支配下,抹消中,2026/07/03,2026/07/09,2026/07/17
オリックス・バファローズ,太田 椋,内野手,支配下,登録中,2026/06/02,2026/05/22,2026/07/17
オリックス・バファローズ,西野 真弘,内野手,支配下,抹消中,2026/03/26,2026/07/03,2026/07/17
オリックス・バファローズ,宗 佑磨,内野手,支配下,登録中,2026/03/26,,2026/07/17
オリックス・バファローズ,野口 智哉,内野手,支配下,登録中,2026/06/30,2026/06/10,2026/07/17
オリックス・バファローズ,大城 滉二,内野手,支配下,抹消中,2026/03/26,2026/04/23,2026/07/17
オリックス・バファローズ,紅林 弘太郎,内野手,支配下,登録中,2026/03/26,,2026/07/17
オリックス・バファローズ,内藤 鵬,内野手,支配下,抹消中,2026/05/23,2026/06/01,2026/07/17
オリックス・バファローズ,廣岡 大志,内野手,支配下,抹消中,2026/03/26,2026/04/18,2026/07/17
オリックス・バファローズ,横山 聖哉,内野手,支配下,抹消中,2026/06/13,2026/06/26,2026/07/17
オリックス・バファローズ,シーモア,内野手,支配下,抹消中,2026/06/30,2026/07/09,2026/07/17
オリックス・バファローズ,宜保 翔,内野手,支配下,登録中,2026/07/10,2026/06/29,2026/07/17
オリックス・バファローズ,中川 圭太,内野手,支配下,登録中,2026/03/26,,2026/07/17
オリックス・バファローズ,渡部 遼人,外野手,支配下,登録中,2026/06/27,2026/06/05,2026/07/17
オリックス・バファローズ,西川 龍馬,外野手,支配下,登録中,2026/03/26,,2026/07/17
オリックス・バファローズ,麦谷 祐介,外野手,支配下,抹消中,2026/03/26,2026/05/19,2026/07/17
オリックス・バファローズ,杉澤 龍,外野手,支配下,登録中,2026/06/10,2026/04/15,2026/07/17
オリックス・バファローズ,来田 涼斗,外野手,支配下,登録中,2026/04/15,,2026/07/17
オリックス・バファローズ,池田 陵真,外野手,支配下,抹消中,2026/06/12,2026/06/20,2026/07/17
オリックス・バファローズ,窪田 洋祐,外野手,支配下,抹消中,2026/06/05,2026/06/12,2026/07/17
オリックス・バファローズ,平沼 翔太,外野手,支配下,登録中,2026/04/24,,2026/07/17
オリックス・バファローズ,杉本 裕太郎,外野手,支配下,抹消中,2026/05/26,2026/06/26,2026/07/17
オリックス・バファローズ,マシュー,投手,育成,,,,2026/07/17
オリックス・バファローズ,渡邉 一生,投手,育成,,,,2026/07/17
オリックス・バファローズ,陳 睦衡,投手,育成,,,,2026/07/17
オリックス・バファローズ,寿賀 弘都,投手,育成,,,,2026/07/17
オリックス・バファローズ,芦田 丈飛,投手,育成,,,,2026/07/17
オリックス・バファローズ,上原 堆我,投手,育成,,,,2026/07/17
オリックス・バファローズ,乾 健斗,投手,育成,,,,2026/07/17
オリックス・バファローズ,小木田 敦也,投手,育成,,,,2026/07/17
オリックス・バファローズ,宇田川 優希,投手,育成,,,,2026/07/17
オリックス・バファローズ,本田 仁海,投手,育成,,,,2026/07/17
オリックス・バファローズ,前 佑囲斗,投手,育成,,,,2026/07/17
オリックス・バファローズ,東山 玲士,投手,育成,,,,2026/07/17
オリックス・バファローズ,河内 康介,投手,育成,,,,2026/07/17
オリックス・バファローズ,村上 喬一朗,捕手,育成,,,,2026/07/17
オリックス・バファローズ,田島 光祐,捕手,育成,,,,2026/07/17
オリックス・バファローズ,中西 創大,内野手,育成,,,,2026/07/17
オリックス・バファローズ,河野 聡太,内野手,育成,,,,2026/07/17
オリックス・バファローズ,今坂 幸暉,内野手,育成,,,,2026/07/17
オリックス・バファローズ,清水 武蔵,内野手,育成,,,,2026/07/17
オリックス・バファローズ,大里 昂生,内野手,育成,,,,2026/07/17
オリックス・バファローズ,遠藤 成,内野手,育成,,,,2026/07/17
オリックス・バファローズ,香月 一也,内野手,育成,,,,2026/07/17
オリックス・バファローズ,三方 陽登,外野手,育成,,,,2026/07/17
オリックス・バファローズ,寺本 聖一,外野手,育成,,,,2026/07/17
オリックス・バファローズ,元 謙太,外野手,育成,,,,2026/07/17
埼玉西武ライオンズ,上田 大河,投手,支配下,登録中,2026/05/04,,2026/07/17
埼玉西武ライオンズ,渡邉 勇太朗,投手,支配下,登録中,2026/05/27,2026/05/13,2026/07/17
埼玉西武ライオンズ,髙橋 光成,投手,支配下,登録中,2026/05/29,2026/05/19,2026/07/17
埼玉西武ライオンズ,與座 海人,投手,支配下,抹消中,,,2026/07/17
埼玉西武ライオンズ,隅田 知一郎,投手,支配下,抹消中,2026/03/31,2026/07/13,2026/07/17
埼玉西武ライオンズ,松本 航,投手,支配下,抹消中,,,2026/07/17
埼玉西武ライオンズ,佐藤 隼輔,投手,支配下,抹消中,2026/05/04,2026/06/29,2026/07/17
埼玉西武ライオンズ,岩城 颯空,投手,支配下,抹消中,2026/03/26,2026/06/24,2026/07/17
埼玉西武ライオンズ,武内 夏暉,投手,支配下,登録中,2026/05/19,2026/05/03,2026/07/17
埼玉西武ライオンズ,糸川 亮太,投手,支配下,抹消中,2026/03/26,2026/05/04,2026/07/17
埼玉西武ライオンズ,青山 美夏人,投手,支配下,抹消中,2026/05/26,2026/06/08,2026/07/17
埼玉西武ライオンズ,ワイナンス,投手,支配下,抹消中,2026/05/17,2026/07/02,2026/07/17
埼玉西武ライオンズ,甲斐野 央,投手,支配下,登録中,2026/03/26,,2026/07/17
埼玉西武ライオンズ,山田 陽翔,投手,支配下,抹消中,,,2026/07/17
埼玉西武ライオンズ,堀越 啓太,投手,支配下,抹消中,2026/05/06,2026/05/11,2026/07/17
埼玉西武ライオンズ,成田 晴風,投手,支配下,抹消中,2026/06/25,2026/07/09,2026/07/17
埼玉西武ライオンズ,ボー・タカハシ,投手,支配下,抹消中,,,2026/07/17
埼玉西武ライオンズ,羽田 慎之介,投手,支配下,抹消中,2026/04/02,2026/05/04,2026/07/17
埼玉西武ライオンズ,ウィンゲンター,投手,支配下,登録中,2026/06/09,,2026/07/17
埼玉西武ライオンズ,狩生 聖真,投手,支配下,抹消中,,,2026/07/17
埼玉西武ライオンズ,杉山 遙希,投手,支配下,抹消中,,,2026/07/17
埼玉西武ライオンズ,篠原 響,投手,支配下,登録中,2026/03/26,,2026/07/17
埼玉西武ライオンズ,黒木 優太,投手,支配下,抹消中,,,2026/07/17
埼玉西武ライオンズ,Ｅ．ラミレス,投手,支配下,登録中,2026/07/10,2026/04/11,2026/07/17
埼玉西武ライオンズ,黒田 将矢,投手,支配下,登録中,2026/03/26,,2026/07/17
埼玉西武ライオンズ,中村 祐太,投手,支配下,登録中,2026/06/25,2026/05/06,2026/07/17
埼玉西武ライオンズ,平良 海馬,投手,支配下,登録中,2026/06/22,2026/06/12,2026/07/17
埼玉西武ライオンズ,冨士 大和,投手,支配下,抹消中,2026/03/26,2026/04/02,2026/07/17
埼玉西武ライオンズ,豆田 泰志,投手,支配下,登録中,2026/05/12,2026/05/01,2026/07/17
埼玉西武ライオンズ,菅井 信也,投手,支配下,抹消中,2026/05/04,2026/05/21,2026/07/17
埼玉西武ライオンズ,佐藤 爽,投手,支配下,登録中,2026/07/15,2026/05/24,2026/07/17
埼玉西武ライオンズ,浜屋 将太,投手,支配下,抹消中,2026/03/26,2026/06/24,2026/07/17
埼玉西武ライオンズ,小島 大河,捕手,支配下,登録中,2026/03/26,,2026/07/17
埼玉西武ライオンズ,古賀 悠斗,捕手,支配下,登録中,2026/03/26,,2026/07/17
埼玉西武ライオンズ,炭谷 銀仁朗,捕手,支配下,抹消中,,,2026/07/17
埼玉西武ライオンズ,柘植 世那,捕手,支配下,登録中,2026/03/26,,2026/07/17
埼玉西武ライオンズ,牧野 翔矢,捕手,支配下,抹消中,,,2026/07/17
埼玉西武ライオンズ,龍山 暖,捕手,支配下,抹消中,,,2026/07/17
埼玉西武ライオンズ,仲田 慶介,内野手,支配下,登録中,2026/06/03,2026/04/30,2026/07/17
埼玉西武ライオンズ,児玉 亮涼,内野手,支配下,抹消中,2026/04/22,2026/05/01,2026/07/17
埼玉西武ライオンズ,齋藤 大翔,内野手,支配下,抹消中,,,2026/07/17
埼玉西武ライオンズ,石井 一成,内野手,支配下,登録中,2026/04/30,2026/04/05,2026/07/17
埼玉西武ライオンズ,外崎 修汰,内野手,支配下,登録中,2026/06/27,2026/04/11,2026/07/17
埼玉西武ライオンズ,源田 壮亮,内野手,支配下,登録中,2026/03/26,,2026/07/17
埼玉西武ライオンズ,ネビン,内野手,支配下,登録中,2026/05/01,,2026/07/17
埼玉西武ライオンズ,山村 崇嘉,内野手,支配下,抹消中,2026/06/12,2026/06/22,2026/07/17
埼玉西武ライオンズ,佐藤 太陽,内野手,支配下,抹消中,2026/05/15,2026/06/01,2026/07/17
埼玉西武ライオンズ,平沢 大河,内野手,支配下,登録中,2026/04/05,,2026/07/17
埼玉西武ライオンズ,髙松 渡,内野手,支配下,抹消中,,,2026/07/17
埼玉西武ライオンズ,横田 蒼和,内野手,支配下,抹消中,,,2026/07/17
埼玉西武ライオンズ,中村 剛也,内野手,支配下,抹消中,,,2026/07/17
埼玉西武ライオンズ,滝澤 夏央,内野手,支配下,登録中,2026/03/26,,2026/07/17
埼玉西武ライオンズ,村田 怜音,内野手,支配下,登録中,2026/07/12,,2026/07/17
埼玉西武ライオンズ,栗山 巧,外野手,支配下,抹消中,2026/04/18,2026/05/25,2026/07/17
埼玉西武ライオンズ,桑原 将志,外野手,支配下,抹消中,2026/05/26,2026/07/12,2026/07/17
埼玉西武ライオンズ,渡部 聖弥,外野手,支配下,登録中,2026/03/26,,2026/07/17
埼玉西武ライオンズ,蛭間 拓哉,外野手,支配下,登録中,2026/07/03,,2026/07/17
埼玉西武ライオンズ,カナリオ,外野手,支配下,登録中,2026/03/26,,2026/07/17
埼玉西武ライオンズ,茶野 篤政,外野手,支配下,抹消中,2026/04/18,2026/06/27,2026/07/17
埼玉西武ライオンズ,古川 雄大,外野手,支配下,抹消中,,,2026/07/17
埼玉西武ライオンズ,秋山 俊,外野手,支配下,抹消中,2026/04/05,2026/04/20,2026/07/17
埼玉西武ライオンズ,林 冠臣,外野手,支配下,抹消中,,,2026/07/17
埼玉西武ライオンズ,西川 愛也,外野手,支配下,登録中,2026/04/21,2026/04/05,2026/07/17
埼玉西武ライオンズ,仲三 優太,外野手,支配下,抹消中,2026/04/05,2026/04/16,2026/07/17
埼玉西武ライオンズ,長谷川 信哉,外野手,支配下,抹消中,2026/03/26,2026/07/02,2026/07/17
埼玉西武ライオンズ,川田 悠慎,外野手,支配下,抹消中,,,2026/07/17
埼玉西武ライオンズ,岸 潤一郎,外野手,支配下,登録中,2026/03/26,,2026/07/17
埼玉西武ライオンズ,林 安可,外野手,支配下,登録中,2026/06/30,2026/05/29,2026/07/17
埼玉西武ライオンズ,上間 永遠,投手,育成,,,,2026/07/17
埼玉西武ライオンズ,佐々木 健,投手,育成,,,,2026/07/17
埼玉西武ライオンズ,宮澤 太成,投手,育成,,,,2026/07/17
埼玉西武ライオンズ,斎藤 佳紳,投手,育成,,,,2026/07/17
埼玉西武ライオンズ,三浦 大輝,投手,育成,,,,2026/07/17
埼玉西武ライオンズ,濱岡 蒼太,投手,育成,,,,2026/07/17
埼玉西武ライオンズ,シンクレア,投手,育成,,,,2026/07/17
埼玉西武ライオンズ,森脇 亮介,投手,育成,,2026/07/02,,2026/07/17
埼玉西武ライオンズ,平口 寛人,投手,育成,,,,2026/07/17
埼玉西武ライオンズ,川下 将勲,投手,育成,,,,2026/07/17
埼玉西武ライオンズ,木瀬 翔太,投手,育成,,,,2026/07/17
埼玉西武ライオンズ,正木 悠馬,投手,育成,,,,2026/07/17
埼玉西武ライオンズ,高橋 礼,投手,育成,,,,2026/07/17
埼玉西武ライオンズ,ムサ,投手,育成,,,,2026/07/17
埼玉西武ライオンズ,フレッド,投手,育成,,,,2026/07/17
埼玉西武ライオンズ,ゴンザレス,投手,育成,,,,2026/07/17
埼玉西武ライオンズ,オリバー,投手,育成,,,,2026/07/17
埼玉西武ライオンズ,野田 海人,捕手,育成,,,,2026/07/17
埼玉西武ライオンズ,野村 大樹,捕手,育成,,,,2026/07/17
埼玉西武ライオンズ,是澤 涼輔,捕手,育成,,,,2026/07/17
埼玉西武ライオンズ,新井 唯斗,内野手,育成,,,,2026/07/17
埼玉西武ライオンズ,今岡 拓夢,内野手,育成,,,,2026/07/17
埼玉西武ライオンズ,古賀 輝希,内野手,育成,,,,2026/07/17
埼玉西武ライオンズ,谷口 朝陽,内野手,育成,,,,2026/07/17
埼玉西武ライオンズ,金子 功児,内野手,育成,,,,2026/07/17
埼玉西武ライオンズ,福尾 遥真,内野手,育成,,,,2026/07/17
埼玉西武ライオンズ,コルニエル,内野手,育成,,,,2026/07/17
埼玉西武ライオンズ,奥村 光一,外野手,育成,,,,2026/07/17
埼玉西武ライオンズ,ラマル,外野手,育成,,,,2026/07/17
埼玉西武ライオンズ,安藤 銀杜,外野手,育成,,,,2026/07/17
埼玉西武ライオンズ,澤田 遥斗,外野手,育成,,,,2026/07/17
埼玉西武ライオンズ,オケム,外野手,育成,,,,2026/07/17
埼玉西武ライオンズ,カルロス,外野手,育成,,,,2026/07/17
東北楽天ゴールデンイーグルス,岸 孝之,投手,支配下,抹消中,2026/07/08,2026/07/09,2026/07/17
東北楽天ゴールデンイーグルス,藤原 聡大,投手,支配下,登録中,2026/06/06,2026/04/17,2026/07/17
東北楽天ゴールデンイーグルス,コントレラス,投手,支配下,登録中,2026/07/16,2026/07/06,2026/07/17
東北楽天ゴールデンイーグルス,古謝 樹,投手,支配下,抹消中,2026/07/12,2026/07/13,2026/07/17
東北楽天ゴールデンイーグルス,前田 健太,投手,支配下,抹消中,2026/07/15,2026/07/16,2026/07/17
東北楽天ゴールデンイーグルス,荘司 康誠,投手,支配下,抹消中,2026/06/30,2026/07/08,2026/07/17
東北楽天ゴールデンイーグルス,伊藤 樹,投手,支配下,抹消中,2026/06/02,2026/06/06,2026/07/17
東北楽天ゴールデンイーグルス,早川 隆久,投手,支配下,抹消中,2026/07/03,2026/07/11,2026/07/17
東北楽天ゴールデンイーグルス,ウレーニャ,投手,支配下,登録中,2026/07/11,2026/05/24,2026/07/17
東北楽天ゴールデンイーグルス,中込 陽翔,投手,支配下,登録中,2026/06/11,2026/05/07,2026/07/17
東北楽天ゴールデンイーグルス,酒居 知史,投手,支配下,抹消中,,,2026/07/17
東北楽天ゴールデンイーグルス,田中 千晴,投手,支配下,登録中,2026/07/07,2026/05/18,2026/07/17
東北楽天ゴールデンイーグルス,渡辺 翔太,投手,支配下,抹消中,2026/05/23,2026/06/09,2026/07/17
東北楽天ゴールデンイーグルス,江原 雅裕,投手,支配下,抹消中,2026/04/07,2026/04/17,2026/07/17
東北楽天ゴールデンイーグルス,加治屋 蓮,投手,支配下,登録中,2026/03/26,,2026/07/17
東北楽天ゴールデンイーグルス,宋 家豪,投手,支配下,抹消中,2026/06/09,2026/06/22,2026/07/17
東北楽天ゴールデンイーグルス,九谷 瑠,投手,支配下,登録中,2026/05/08,2026/04/02,2026/07/17
東北楽天ゴールデンイーグルス,藤平 尚真,投手,支配下,登録中,2026/03/26,,2026/07/17
東北楽天ゴールデンイーグルス,藤井 聖,投手,支配下,抹消中,2026/05/08,2026/06/29,2026/07/17
東北楽天ゴールデンイーグルス,西垣 雅矢,投手,支配下,抹消中,2026/06/22,2026/07/06,2026/07/17
東北楽天ゴールデンイーグルス,津留﨑 大成,投手,支配下,抹消中,2026/03/26,2026/06/11,2026/07/17
東北楽天ゴールデンイーグルス,坂井 陽翔,投手,支配下,抹消中,,,2026/07/17
東北楽天ゴールデンイーグルス,日當 直喜,投手,支配下,登録中,2026/06/22,2026/05/25,2026/07/17
東北楽天ゴールデンイーグルス,鈴木 翔天,投手,支配下,抹消中,2026/03/26,2026/06/22,2026/07/17
東北楽天ゴールデンイーグルス,瀧中 瞭太,投手,支配下,抹消中,2026/07/14,2026/07/15,2026/07/17
東北楽天ゴールデンイーグルス,辛島 航,投手,支配下,抹消中,,,2026/07/17
東北楽天ゴールデンイーグルス,泰 勝利,投手,支配下,登録中,2026/06/11,,2026/07/17
東北楽天ゴールデンイーグルス,古賀 康誠,投手,支配下,抹消中,2026/05/22,2026/06/01,2026/07/17
東北楽天ゴールデンイーグルス,西口 直人,投手,支配下,抹消中,,,2026/07/17
東北楽天ゴールデンイーグルス,林 優樹,投手,支配下,抹消中,,,2026/07/17
東北楽天ゴールデンイーグルス,今野 龍太,投手,支配下,抹消中,,,2026/07/17
東北楽天ゴールデンイーグルス,大内 誠弥,投手,支配下,抹消中,,,2026/07/17
東北楽天ゴールデンイーグルス,内 星龍,投手,支配下,登録中,2026/06/11,2026/05/29,2026/07/17
東北楽天ゴールデンイーグルス,柴田 大地,投手,支配下,登録中,2026/05/14,2026/05/04,2026/07/17
東北楽天ゴールデンイーグルス,伊藤 大晟,投手,支配下,抹消中,,,2026/07/17
東北楽天ゴールデンイーグルス,太田 光,捕手,支配下,登録中,2026/03/26,,2026/07/17
東北楽天ゴールデンイーグルス,伊藤 光,捕手,支配下,抹消中,2026/03/26,2026/06/12,2026/07/17
東北楽天ゴールデンイーグルス,田中 貴也,捕手,支配下,抹消中,,,2026/07/17
東北楽天ゴールデンイーグルス,YG安田,捕手,支配下,登録中,2026/06/30,2026/05/21,2026/07/17
東北楽天ゴールデンイーグルス,堀内 謙伍,捕手,支配下,登録中,2026/05/22,,2026/07/17
東北楽天ゴールデンイーグルス,石原 彪,捕手,支配下,抹消中,2026/06/12,2026/06/29,2026/07/17
東北楽天ゴールデンイーグルス,大栄 利哉,捕手,支配下,抹消中,,,2026/07/17
東北楽天ゴールデンイーグルス,小深田 大翔,内野手,支配下,登録中,2026/03/26,,2026/07/17
東北楽天ゴールデンイーグルス,宗山 塁,内野手,支配下,登録中,2026/07/03,,2026/07/17
東北楽天ゴールデンイーグルス,浅村 栄斗,内野手,支配下,登録中,2026/03/26,,2026/07/17
東北楽天ゴールデンイーグルス,村林 一輝,内野手,支配下,登録中,2026/03/26,,2026/07/17
東北楽天ゴールデンイーグルス,鈴木 大地,内野手,支配下,登録中,2026/05/06,2026/04/22,2026/07/17
東北楽天ゴールデンイーグルス,ボイト,内野手,支配下,抹消中,2026/05/15,2026/05/18,2026/07/17
東北楽天ゴールデンイーグルス,黒川 史陽,内野手,支配下,登録中,2026/03/26,,2026/07/17
東北楽天ゴールデンイーグルス,繁永 晟,内野手,支配下,抹消中,2026/05/02,2026/05/15,2026/07/17
東北楽天ゴールデンイーグルス,渡邊 佳明,内野手,支配下,登録中,2026/04/12,2026/04/02,2026/07/17
東北楽天ゴールデンイーグルス,伊藤 裕季也,内野手,支配下,抹消中,2026/04/05,2026/05/06,2026/07/17
東北楽天ゴールデンイーグルス,平良 竜哉,内野手,支配下,登録中,2026/03/26,,2026/07/17
東北楽天ゴールデンイーグルス,ワォーターズ,内野手,支配下,登録中,2026/06/04,2026/04/30,2026/07/17
東北楽天ゴールデンイーグルス,入江 大樹,内野手,支配下,抹消中,2026/05/02,2026/06/04,2026/07/17
東北楽天ゴールデンイーグルス,青野 拓海,内野手,支配下,抹消中,,,2026/07/17
東北楽天ゴールデンイーグルス,小森 航大郎,内野手,支配下,登録中,2026/06/14,,2026/07/17
東北楽天ゴールデンイーグルス,陽 柏翔,内野手,支配下,抹消中,2026/04/10,2026/04/12,2026/07/17
東北楽天ゴールデンイーグルス,金子 京介,内野手,支配下,抹消中,2026/05/19,2026/05/25,2026/07/17
東北楽天ゴールデンイーグルス,辰己 涼介,外野手,支配下,登録中,2026/03/26,,2026/07/17
東北楽天ゴールデンイーグルス,ゴンザレス,外野手,退団,抹消中,2026/05/04,2026/05/06,2026/07/17
東北楽天ゴールデンイーグルス,田中 和基,外野手,支配下,抹消中,,,2026/07/17
東北楽天ゴールデンイーグルス,中島 大輔,外野手,支配下,登録中,2026/06/25,2026/06/14,2026/07/17
東北楽天ゴールデンイーグルス,マッカスカー,外野手,支配下,登録中,2026/05/28,2026/05/02,2026/07/17
東北楽天ゴールデンイーグルス,吉納 翼,外野手,支配下,抹消中,,,2026/07/17
東北楽天ゴールデンイーグルス,佐藤 直樹,外野手,支配下,抹消中,2026/05/06,2026/07/02,2026/07/17
東北楽天ゴールデンイーグルス,阪上 翔也,外野手,支配下,抹消中,2026/04/16,2026/04/19,2026/07/17
東北楽天ゴールデンイーグルス,武藤 敦貴,外野手,支配下,登録中,2026/06/14,2026/05/04,2026/07/17
東北楽天ゴールデンイーグルス,小郷 裕哉,外野手,支配下,抹消中,2026/03/26,2026/05/28,2026/07/17
東北楽天ゴールデンイーグルス,吉野 創士,外野手,支配下,抹消中,2026/05/26,2026/06/14,2026/07/17
東北楽天ゴールデンイーグルス,德山 一翔,投手,育成,,,,2026/07/17
東北楽天ゴールデンイーグルス,松田 啄磨,投手,育成,,,,2026/07/17
東北楽天ゴールデンイーグルス,中沢 匠磨,投手,育成,,,,2026/07/17
東北楽天ゴールデンイーグルス,蕭 齊,投手,育成,,,,2026/07/17
東北楽天ゴールデンイーグルス,水上 桂,捕手,育成,,,,2026/07/17
東北楽天ゴールデンイーグルス,島原 大河,捕手,育成,,,,2026/07/17
東北楽天ゴールデンイーグルス,岸本 佑也,内野手,育成,,,,2026/07/17
東北楽天ゴールデンイーグルス,前田 銀治,外野手,育成,,,,2026/07/17
東北楽天ゴールデンイーグルス,幌村 黛汰,外野手,育成,,,,2026/07/17
東北楽天ゴールデンイーグルス,大坪 梓恩,外野手,育成,,,,2026/07/17
千葉ロッテマリーンズ,カスティーヨ,投手,支配下,抹消中,2026/06/21,2026/07/16,2026/07/17
千葉ロッテマリーンズ,毛利 海大,投手,支配下,登録中,2026/07/16,2026/06/11,2026/07/17
千葉ロッテマリーンズ,小島 和哉,投手,支配下,登録中,2026/06/04,2026/05/23,2026/07/17
千葉ロッテマリーンズ,横山 陸人,投手,支配下,登録中,2026/03/26,,2026/07/17
千葉ロッテマリーンズ,種市 篤暉,投手,支配下,抹消中,2026/04/17,2026/04/26,2026/07/17
千葉ロッテマリーンズ,石垣 元気,投手,支配下,抹消中,,,2026/07/17
千葉ロッテマリーンズ,唐川 侑己,投手,支配下,抹消中,2026/05/30,2026/05/31,2026/07/17
千葉ロッテマリーンズ,石川 柊太,投手,支配下,登録中,2026/07/16,,2026/07/17
千葉ロッテマリーンズ,東妻 勇輔,投手,支配下,抹消中,2026/04/25,2026/05/02,2026/07/17
千葉ロッテマリーンズ,菊地 吏玖,投手,支配下,抹消中,2026/04/16,2026/04/23,2026/07/17
千葉ロッテマリーンズ,西野 勇士,投手,支配下,抹消中,2026/04/29,2026/05/24,2026/07/17
千葉ロッテマリーンズ,廣畑 敦也,投手,支配下,抹消中,2026/06/11,2026/06/14,2026/07/17
千葉ロッテマリーンズ,大谷 輝龍,投手,支配下,抹消中,,,2026/07/17
千葉ロッテマリーンズ,八木 彬,投手,支配下,登録中,2026/04/09,,2026/07/17
千葉ロッテマリーンズ,高野 脩汰,投手,支配下,抹消中,2026/03/26,2026/07/09,2026/07/17
千葉ロッテマリーンズ,田中 晴也,投手,支配下,抹消中,2026/05/29,2026/06/14,2026/07/17
千葉ロッテマリーンズ,坂本 光士郎,投手,支配下,登録中,2026/05/17,2026/04/22,2026/07/17
千葉ロッテマリーンズ,小野 郁,投手,支配下,登録中,2026/04/26,,2026/07/17
千葉ロッテマリーンズ,奥村 頼人,投手,支配下,抹消中,,,2026/07/17
千葉ロッテマリーンズ,一條 力真,投手,支配下,抹消中,,,2026/07/17
千葉ロッテマリーンズ,ジャクソン,投手,支配下,登録中,2026/04/01,,2026/07/17
千葉ロッテマリーンズ,冨士 隼斗,投手,支配下,抹消中,,,2026/07/17
千葉ロッテマリーンズ,鈴木 昭汰,投手,支配下,登録中,2026/03/26,,2026/07/17
千葉ロッテマリーンズ,益田 直也,投手,支配下,登録中,2026/03/26,,2026/07/17
千葉ロッテマリーンズ,木村 優人,投手,支配下,抹消中,2026/03/31,2026/04/17,2026/07/17
千葉ロッテマリーンズ,澤田 圭佑,投手,支配下,登録中,2026/03/26,,2026/07/17
千葉ロッテマリーンズ,中森 俊介,投手,支配下,登録中,2026/05/04,,2026/07/17
千葉ロッテマリーンズ,河村 説人,投手,支配下,登録中,2026/06/24,2026/04/12,2026/07/17
千葉ロッテマリーンズ,早坂 響,投手,支配下,抹消中,,,2026/07/17
千葉ロッテマリーンズ,大聖,投手,支配下,抹消中,2026/07/10,2026/07/16,2026/07/17
千葉ロッテマリーンズ,坂井 遼,投手,支配下,抹消中,,,2026/07/17
千葉ロッテマリーンズ,廣池 康志郎,投手,支配下,登録中,2026/05/28,2026/05/18,2026/07/17
千葉ロッテマリーンズ,宮﨑 颯,投手,支配下,抹消中,2026/03/26,2026/04/15,2026/07/17
千葉ロッテマリーンズ,ロング,投手,支配下,登録中,2026/05/15,2026/05/03,2026/07/17
千葉ロッテマリーンズ,吉川 悠斗,投手,支配下,抹消中,,,2026/07/17
千葉ロッテマリーンズ,松川 虎生,捕手,支配下,登録中,2026/03/26,,2026/07/17
千葉ロッテマリーンズ,田村 龍弘,捕手,支配下,抹消中,2026/04/19,2026/05/04,2026/07/17
千葉ロッテマリーンズ,佐藤 都志也,捕手,支配下,登録中,2026/03/26,,2026/07/17
千葉ロッテマリーンズ,植田 将太,捕手,支配下,抹消中,,,2026/07/17
千葉ロッテマリーンズ,寺地 隆成,捕手,支配下,登録中,2026/06/30,2026/06/10,2026/07/17
千葉ロッテマリーンズ,岡村 了樹,捕手,支配下,抹消中,,,2026/07/17
千葉ロッテマリーンズ,池田 来翔,内野手,支配下,登録中,2026/04/25,2026/04/05,2026/07/17
千葉ロッテマリーンズ,友杉 篤輝,内野手,支配下,登録中,2026/03/26,,2026/07/17
千葉ロッテマリーンズ,安田 尚憲,内野手,支配下,登録中,2026/05/30,,2026/07/17
千葉ロッテマリーンズ,藤岡 裕大,内野手,支配下,抹消中,2026/04/08,2026/04/23,2026/07/17
千葉ロッテマリーンズ,中村 奨吾,内野手,支配下,抹消中,,,2026/07/17
千葉ロッテマリーンズ,上田 希由翔,内野手,支配下,登録中,2026/06/10,2026/05/28,2026/07/17
千葉ロッテマリーンズ,山﨑 剛,内野手,支配下,登録中,2026/07/10,2026/06/14,2026/07/17
千葉ロッテマリーンズ,石垣 勝海,内野手,支配下,抹消中,2026/04/05,2026/04/10,2026/07/17
千葉ロッテマリーンズ,宮崎 竜成,内野手,支配下,抹消中,2026/03/26,2026/07/09,2026/07/17
千葉ロッテマリーンズ,立松 由宇,内野手,支配下,抹消中,,,2026/07/17
千葉ロッテマリーンズ,櫻井 ユウヤ,内野手,支配下,抹消中,2026/05/31,2026/06/04,2026/07/17
千葉ロッテマリーンズ,小川 龍成,内野手,支配下,登録中,2026/03/26,,2026/07/17
千葉ロッテマリーンズ,茶谷 健太,内野手,支配下,抹消中,,,2026/07/17
千葉ロッテマリーンズ,ソト,内野手,支配下,登録中,2026/03/26,,2026/07/17
千葉ロッテマリーンズ,髙部 瑛斗,外野手,支配下,抹消中,2026/05/04,2026/06/12,2026/07/17
千葉ロッテマリーンズ,藤原 恭大,外野手,支配下,登録中,2026/06/30,2026/05/11,2026/07/17
千葉ロッテマリーンズ,角中 勝也,外野手,支配下,登録中,2026/07/03,,2026/07/17
千葉ロッテマリーンズ,西川 史礁,外野手,支配下,登録中,2026/03/26,,2026/07/17
千葉ロッテマリーンズ,ポランコ,外野手,支配下,抹消中,2026/06/14,2026/07/02,2026/07/17
千葉ロッテマリーンズ,石川 慎吾,外野手,支配下,抹消中,2026/04/17,2026/05/12,2026/07/17
千葉ロッテマリーンズ,岡 大海,外野手,支配下,抹消中,2026/05/12,2026/05/30,2026/07/17
千葉ロッテマリーンズ,井上 広大,外野手,支配下,抹消中,2026/04/25,2026/06/29,2026/07/17
千葉ロッテマリーンズ,愛斗,外野手,支配下,登録中,2026/06/12,2026/05/07,2026/07/17
千葉ロッテマリーンズ,山口 航輝,外野手,支配下,登録中,2026/05/12,2026/04/19,2026/07/17
千葉ロッテマリーンズ,山本 大斗,外野手,支配下,抹消中,2026/05/24,2026/06/29,2026/07/17
千葉ロッテマリーンズ,和田 康士朗,外野手,支配下,登録中,2026/03/26,,2026/07/17
千葉ロッテマリーンズ,本前 郁也,投手,育成,,,,2026/07/17
千葉ロッテマリーンズ,森 遼大朗,投手,育成,,,,2026/07/17
千葉ロッテマリーンズ,秋山 正雲,投手,育成,,,,2026/07/17
千葉ロッテマリーンズ,中村 亮太,投手,育成,,,,2026/07/17
千葉ロッテマリーンズ,永島田 輝斗,投手,育成,,,,2026/07/17
千葉ロッテマリーンズ,中山 優人,投手,育成,,,,2026/07/17
千葉ロッテマリーンズ,髙橋 快秀,投手,育成,,,,2026/07/17
千葉ロッテマリーンズ,茨木 佑太,投手,育成,,,,2026/07/17
千葉ロッテマリーンズ,長島 幸佑,投手,育成,,,,2026/07/17
千葉ロッテマリーンズ,武内 涼太,投手,育成,,,,2026/07/17
千葉ロッテマリーンズ,ラドニー,投手,育成,,,,2026/07/17
千葉ロッテマリーンズ,富山 紘之進,捕手,育成,,,,2026/07/17
千葉ロッテマリーンズ,金田 優太,内野手,育成,,,,2026/07/17
千葉ロッテマリーンズ,勝又 琉偉,内野手,育成,,,,2026/07/17
千葉ロッテマリーンズ,谷村 剛,内野手,育成,,,,2026/07/17
千葉ロッテマリーンズ,松石 信八,内野手,育成,,,,2026/07/17
千葉ロッテマリーンズ,杉山 諒,外野手,育成,,,,2026/07/17
千葉ロッテマリーンズ,髙野 光海,外野手,育成,,,,2026/07/17
千葉ロッテマリーンズ,藤田 和樹,外野手,育成,,,,2026/07/17
千葉ロッテマリーンズ,アセベド,外野手,育成,,,,2026/07/17